GEMBASE_NAME,Isolation source,Strain Category,phylogroup
ESCO.0216.00064,Host-associated,Mammal_Faecal,A
ESCO.0216.00065,Environmental,Water,B2
ESCO.0216.00066,Host-associated,Human_Extra-intestinal,B2
ESCO.0216.00067,Host-associated,Human_Extra-intestinal,B2
ESCO.0216.00068,Host-associated,Mammal_Faecal,B2
ESCO.0216.00069,Host-associated,Human_Extra-intestinal,B2
ESCO.0216.00070,Environmental,Water,B2
ESCO.0216.00071,Environmental,Water,B1
ESCO.0216.00072,Host-associated,Human_Intestinal,B2
ESCO.0216.00073,Host-associated,Human_Intestinal,D
ESCO.0216.00074,Host-associated,Mammal_Faecal,B2
ESCO.0216.00075,Environmental,Water,B2
ESCO.0216.00076,Host-associated,Poultry_Meat,B2
ESCO.0216.00077,Host-associated,Human_Extra-intestinal,B2
ESCO.0216.00078,Host-associated,Human_Faecal,B2
ESCO.0216.00079,Host-associated,Poultry_Meat,B2
ESCO.0216.00080,Host-associated,Human_Extra-intestinal,B2
ESCO.0216.00081,Host-associated,Human_Extra-intestinal,B2
ESCO.0216.00082,Environmental,Water,B2
ESCO.0216.00083,Environmental,Water,B2
ESCO.0216.00084,Host-associated,Human_Extra-intestinal,B2
ESCO.0216.00085,Host-associated,Mammal_Faecal,B2
ESCO.0216.00086,Host-associated,Human_Extra-intestinal,B2
ESCO.0216.00087,Host-associated,Human_Extra-intestinal,B2
ESCO.0216.00088,Host-associated,Human_Intestinal,B2
ESCO.0216.00089,Environmental,Water,B2
ESCO.0216.00090,Host-associated,Human_Intestinal,B2
ESCO.0216.00091,Host-associated,Human_Intestinal,B1
ESCO.0216.00092,Host-associated,Human_Extra-intestinal,B2
ESCO.0216.00093,Host-associated,Human_Extra-intestinal,B2
ESCO.0216.00094,Host-associated,Human_Extra-intestinal,B2
ESCO.0216.00095,Host-associated,Human_Extra-intestinal,B2
ESCO.0216.00096,Host-associated,Human_Intestinal,B2
ESCO.0216.00097,Host-associated,Human_Extra-intestinal,B1
ESCO.0216.00098,Host-associated,Human_Extra-intestinal,B2
ESCO.0216.00099,Environmental,Water,B2
ESCO.0216.00101,Environmental,Water,B1
ESCO.0216.00102,Host-associated,Poultry_Meat,B2
ESCO.0216.00103,Environmental,Water,B1
ESCO.0216.00104,Host-associated,Human_Intestinal,B1
ESCO.0216.00105,Host-associated,Human_Intestinal,B2
ESCO.0216.00106,Host-associated,Human_Intestinal,B2
ESCO.0216.00107,Host-associated,Poultry_Meat,B2
ESCO.0216.00108,Host-associated,Mammal_Faecal,B1
ESCO.0216.00109,Host-associated,Human_Intestinal,B2
ESCO.0216.00110,Host-associated,Human_Extra-intestinal,B2
ESCO.0216.00111,Host-associated,Human_Extra-intestinal,B2
ESCO.0216.00112,Host-associated,Mammal_Faecal,B2
ESCO.0216.00113,Host-associated,Human_Extra-intestinal,B2
ESCO.0216.00114,Host-associated,Mammal_Faecal,D
ESCO.0216.00115,Host-associated,Human_Intestinal,B2
ESCO.0216.00116,Host-associated,Bird_Faecal,A
ESCO.0216.00117,Host-associated,Mammal_Faecal,B1
ESCO.0216.00118,Host-associated,Human_Intestinal,D
ESCO.0216.00119,Host-associated,Mammal_Faecal,B2
ESCO.0216.00120,Host-associated,Human_Extra-intestinal,B2
ESCO.0216.00121,Host-associated,Human_Extra-intestinal,B2
ESCO.0216.00122,Environmental,Water,E
ESCO.0216.00123,Host-associated,Human_Extra-intestinal,B2
ESCO.0216.00124,Host-associated,Human_Extra-intestinal,B2
ESCO.0216.00125,Host-associated,Bird_Faecal,B1
ESCO.0216.00126,Environmental,Water,B1
ESCO.0216.00127,Host-associated,Poultry_Meat,B2
ESCO.0216.00128,Environmental,Water,E
ESCO.0216.00129,Host-associated,Human_Faecal,B2
ESCO.0216.00130,Host-associated,Human_Faecal,B2
ESCO.0216.00131,Host-associated,Human_Intestinal,B2
ESCO.0216.00133,Host-associated,Bird_Faecal,E
ESCO.0216.00134,Host-associated,Human_Extra-intestinal,B2
ESCO.0216.00135,Host-associated,Human_Intestinal,B2
ESCO.0216.00136,Host-associated,Bird_Faecal,B2
ESCO.0216.00137,Host-associated,Mammal_Faecal,E
ESCO.0216.00138,Host-associated,Human_Faecal,B2
ESCO.0216.00139,Host-associated,Bird_Faecal,E
ESCO.0216.00140,Host-associated,Mammal_Faecal,D
ESCO.0216.00141,Environmental,Water,B2
ESCO.0216.00142,Host-associated,Human_Extra-intestinal,B1
ESCO.0216.00143,Host-associated,Human_Intestinal,B2
ESCO.0216.00144,Host-associated,Human_Intestinal,B2
ESCO.0216.00145,Host-associated,Poultry_Meat,B2
ESCO.0216.00146,Host-associated,Bird_Faecal,D
ESCO.0216.00147,Host-associated,Bird_Faecal,A
ESCO.0216.00148,Host-associated,Human_Extra-intestinal,B2
ESCO.0216.00149,Host-associated,Human_Faecal,B2
ESCO.0216.00150,Host-associated,Human_Intestinal,B2
ESCO.0216.00151,Host-associated,Mammal_Faecal,B1
ESCO.0216.00152,Host-associated,Human_Extra-intestinal,C
ESCO.0216.00153,Host-associated,Mammal_Faecal,D
ESCO.0216.00154,Environmental,Water,B1
ESCO.0216.00155,Environmental,Water,B1
ESCO.0216.00156,Host-associated,Human_Faecal,B2
ESCO.0216.00157,Host-associated,Human_Extra-intestinal,B2
ESCO.0216.00158,Environmental,Water,A
ESCO.0216.00160,Host-associated,Mammal_Faecal,B2
ESCO.0216.00161,Host-associated,Human_Intestinal,B2
ESCO.0216.00162,Host-associated,Bird_Faecal,D
ESCO.0216.00163,Host-associated,Human_Faecal,A
ESCO.0216.00164,Host-associated,Bird_Faecal,A
ESCO.0216.00165,Host-associated,Mammal_Faecal,D
ESCO.0216.00166,Host-associated,Mammal_Faecal,B1
ESCO.0216.00167,Host-associated,Human_Faecal,C
ESCO.0216.00168,Host-associated,Human_Intestinal,B2
ESCO.0216.00169,Environmental,Water,A
ESCO.0216.00171,Host-associated,Mammal_Faecal,B2
ESCO.0216.00172,Environmental,Water,B1
ESCO.0216.00173,Host-associated,Poultry_Meat,B2
ESCO.0216.00174,Host-associated,Human_Faecal,A
ESCO.0216.00175,Host-associated,Mammal_Faecal,B1
ESCO.0216.00176,Environmental,Water,A
ESCO.0216.00177,Host-associated,Bird_Faecal,A
ESCO.0216.00178,Host-associated,Human_Extra-intestinal,B2
ESCO.0216.00179,Host-associated,Mammal_Faecal,D
ESCO.0216.00180,Environmental,Water,B1
ESCO.0216.00181,Environmental,Water,B1
ESCO.0216.00182,Host-associated,Human_Extra-intestinal,B2
ESCO.0216.00183,Host-associated,Human_Extra-intestinal,B2
ESCO.0216.00184,Host-associated,Human_Extra-intestinal,B2
ESCO.0216.00185,Host-associated,Bird_Faecal,C
ESCO.0216.00186,Environmental,Water,B2
ESCO.0216.00187,Environmental,Water,D
ESCO.0216.00188,Host-associated,Human_Extra-intestinal,B2
ESCO.0216.00189,Host-associated,Mammal_Faecal,D
ESCO.0216.00190,Host-associated,Mammal_Faecal,B2
ESCO.0216.00191,Environmental,Water,B1
ESCO.0216.00193,Environmental,Water,B1
ESCO.0216.00194,Host-associated,Human_Extra-intestinal,B2
ESCO.0216.00195,Host-associated,Human_Faecal,A
ESCO.0216.00196,Host-associated,Bird_Faecal,D
ESCO.0216.00197,Host-associated,Human_Extra-intestinal,B2
ESCO.0216.00198,Host-associated,Human_Extra-intestinal,B2
ESCO.0216.00199,Environmental,Water,B1
ESCO.0216.00200,Host-associated,Human_Extra-intestinal,B2
ESCO.0216.00201,Host-associated,Human_Intestinal,D
ESCO.0216.00202,Host-associated,Bird_Faecal,A
ESCO.0216.00203,Environmental,Water,B1
ESCO.0216.00204,Host-associated,Bird_Faecal,D
ESCO.0216.00205,Host-associated,Human_Extra-intestinal,B2
ESCO.0216.00206,Host-associated,Mammal_Faecal,B2
ESCO.0216.00207,Host-associated,Human_Intestinal,B2
ESCO.0216.00208,Host-associated,Mammal_Faecal,B2
ESCO.0216.00209,Host-associated,Mammal_Faecal,B1
ESCO.0216.00210,Host-associated,Human_Intestinal,B2
ESCO.0216.00211,Host-associated,Human_Intestinal,B2
ESCO.0216.00212,Host-associated,Mammal_Faecal,D
ESCO.0216.00213,Environmental,Water,B1
ESCO.0216.00214,Host-associated,Mammal_Faecal,B2
ESCO.0216.00215,Environmental,Water,B1
ESCO.0216.00216,Environmental,Water,B2
ESCO.0216.00217,Host-associated,Mammal_Faecal,D
ESCO.0216.00218,Host-associated,Human_Extra-intestinal,B2
ESCO.0216.00219,Environmental,Water,B2
ESCO.0216.00220,Host-associated,Bird_Faecal,D
ESCO.0216.00221,Host-associated,Human_Extra-intestinal,B2
ESCO.0216.00222,Host-associated,Human_Extra-intestinal,C
ESCO.0216.00223,Environmental,Water,B2
ESCO.0216.00224,Host-associated,Mammal_Faecal,B2
ESCO.0216.00225,Host-associated,Bird_Faecal,A
ESCO.0216.00226,Host-associated,Human_Intestinal,B2
ESCO.0216.00227,Environmental,Water,E
ESCO.0216.00228,Host-associated,Mammal_Faecal,D
ESCO.0216.00229,Host-associated,Bird_Faecal,E
ESCO.0216.00230,Host-associated,Mammal_Faecal,D
ESCO.0216.00231,Host-associated,Bird_Faecal,B1
ESCO.0216.00232,Host-associated,Human_Extra-intestinal,B2
ESCO.0216.00233,Host-associated,Human_Extra-intestinal,B2
ESCO.0216.00234,Host-associated,Human_Faecal,B2
ESCO.0216.00235,Host-associated,Poultry_Meat,B1
ESCO.0216.00236,Environmental,Water,D
ESCO.0216.00237,Environmental,Water,B1
ESCO.0216.00238,Environmental,Water,B1
ESCO.0216.00239,Host-associated,Human_Faecal,B2
ESCO.0216.00240,Host-associated,Poultry_Meat,B1
ESCO.0216.00241,Host-associated,Poultry_Meat,B1
ESCO.0216.00242,Host-associated,Human_Intestinal,B2
ESCO.0216.00243,Host-associated,Human_Faecal,A
ESCO.0216.00244,Host-associated,Mammal_Faecal,A
ESCO.0216.00245,Host-associated,Bird_Faecal,B1
ESCO.0216.00246,Environmental,Water,B1
ESCO.0216.00247,Environmental,Water,B2
ESCO.0216.00248,Host-associated,Human_Intestinal,B2
ESCO.0216.00249,Environmental,Water,E
ESCO.0216.00250,Host-associated,Human_Extra-intestinal,A
ESCO.0216.00251,Host-associated,Human_Extra-intestinal,B2
ESCO.0216.00252,Host-associated,Human_Intestinal,B2
ESCO.0216.00253,Host-associated,Human_Intestinal,B2
ESCO.0216.00254,Host-associated,Poultry_Meat,B1
ESCO.0216.00256,Host-associated,Poultry_Meat,B2
ESCO.0216.00257,Host-associated,Poultry_Meat,B2
ESCO.0216.00258,Environmental,Water,B1
ESCO.0216.00260,Host-associated,Human_Extra-intestinal,C
ESCO.0216.00261,Host-associated,Bird_Faecal,E
ESCO.0216.00263,Host-associated,Mammal_Faecal,B2
ESCO.0216.00264,Host-associated,Human_Intestinal,D
ESCO.0216.00265,Host-associated,Human_Intestinal,B2
ESCO.0216.00266,Environmental,Water,B1
ESCO.0216.00267,Environmental,Water,B2
ESCO.0216.00268,Host-associated,Human_Extra-intestinal,B2
ESCO.0216.00269,Host-associated,Human_Intestinal,D
ESCO.0216.00270,Host-associated,Bird_Faecal,D
ESCO.0216.00271,Environmental,Water,D
ESCO.0216.00272,Host-associated,Human_Intestinal,B2
ESCO.0216.00273,Host-associated,Mammal_Faecal,B1
ESCO.0216.00274,Host-associated,Human_Extra-intestinal,A
ESCO.0216.00276,Host-associated,Mammal_Faecal,B2
ESCO.0216.00277,Host-associated,Human_Extra-intestinal,B2
ESCO.0216.00279,Environmental,Water,B1
ESCO.0216.00280,Environmental,Water,B1
ESCO.0216.00281,Host-associated,Human_Extra-intestinal,B2
ESCO.0216.00282,Host-associated,Poultry_Meat,B1
ESCO.0216.00284,Host-associated,Bird_Faecal,B1
ESCO.0216.00285,Environmental,Water,A
ESCO.0216.00286,Host-associated,Human_Intestinal,D
ESCO.0216.00287,Host-associated,Bird_Faecal,D
ESCO.0216.00288,Host-associated,Bird_Faecal,D
ESCO.0216.00289,Host-associated,Bird_Faecal,D
ESCO.0216.00291,Environmental,Water,B1
ESCO.0216.00292,Environmental,Water,B1
ESCO.0216.00293,Host-associated,Bird_Faecal,A
ESCO.0216.00294,Environmental,Water,D
ESCO.0216.00296,Host-associated,Human_Faecal,B2
ESCO.0216.00297,Host-associated,Bird_Faecal,B2
ESCO.0216.00298,Environmental,Water,B2
ESCO.0216.00299,Environmental,Water,E
ESCO.0216.00300,Host-associated,Mammal_Faecal,B2
ESCO.0216.00302,Host-associated,Mammal_Faecal,B2
ESCO.0216.00303,Host-associated,Human_Intestinal,B2
ESCO.0216.00304,Host-associated,Human_Intestinal,D
ESCO.0216.00305,Host-associated,Human_Intestinal,D
ESCO.0216.00306,Host-associated,Poultry_Meat,D
ESCO.0216.00307,Host-associated,Human_Extra-intestinal,A
ESCO.0216.00308,Host-associated,Bird_Faecal,E
ESCO.0216.00309,Host-associated,Bird_Faecal,B1
ESCO.0216.00310,Host-associated,Human_Intestinal,B2
ESCO.0216.00311,Host-associated,Mammal_Faecal,B2
ESCO.0216.00312,Host-associated,Human_Intestinal,B2
ESCO.0216.00313,Environmental,Water,D
ESCO.0216.00314,Host-associated,Bird_Faecal,B2
ESCO.0216.00315,Environmental,Water,B1
ESCO.0216.00316,Host-associated,Poultry_Meat,B1
ESCO.0216.00317,Host-associated,Human_Faecal,A
ESCO.0216.00318,Host-associated,Poultry_Meat,B2
ESCO.0216.00319,Host-associated,Bird_Faecal,B1
ESCO.0216.00321,Environmental,Water,D
ESCO.0216.00322,Host-associated,Human_Extra-intestinal,B2
ESCO.0216.00323,Environmental,Water,B2
ESCO.0216.00324,Host-associated,Human_Intestinal,B1
ESCO.0216.00325,Environmental,Water,B2
ESCO.0216.00326,Host-associated,Mammal_Faecal,B2
ESCO.0216.00327,Host-associated,Human_Intestinal,B2
ESCO.0216.00328,Host-associated,Bird_Faecal,B2
ESCO.0216.00330,Environmental,Water,B1
ESCO.0216.00331,Environmental,Water,B1
ESCO.0216.00332,Host-associated,Human_Faecal,B1
ESCO.0216.00333,Host-associated,Human_Intestinal,D
ESCO.0216.00334,Environmental,Water,B1
ESCO.0216.00335,Host-associated,Bird_Faecal,B1
ESCO.0216.00336,Environmental,Water,A
ESCO.0216.00338,Host-associated,Human_Intestinal,B2
ESCO.0216.00339,Host-associated,Mammal_Faecal,D
ESCO.0216.00340,Host-associated,Mammal_Faecal,B2
ESCO.0216.00341,Host-associated,Mammal_Faecal,B2
ESCO.0216.00342,Host-associated,Human_Intestinal,A
ESCO.0216.00343,Host-associated,Poultry_Meat,B2
ESCO.0216.00344,Host-associated,Bird_Faecal,B1
ESCO.0216.00345,Host-associated,Mammal_Faecal,A
ESCO.0216.00346,Host-associated,Poultry_Meat,B2
ESCO.0216.00347,Environmental,Water,B1
ESCO.0216.00348,Environmental,Water,B1
ESCO.0216.00349,Host-associated,Mammal_Faecal,B2
ESCO.0216.00350,Host-associated,Human_Extra-intestinal,B2
ESCO.0216.00351,Host-associated,Human_Intestinal,B2
ESCO.0216.00352,Host-associated,Human_Extra-intestinal,B2
ESCO.0216.00353,Host-associated,Poultry_Meat,B2
ESCO.0216.00355,Host-associated,Human_Intestinal,B2
ESCO.0216.00356,Host-associated,Bird_Faecal,D
ESCO.0216.00357,Host-associated,Human_Extra-intestinal,B2
ESCO.0216.00358,Host-associated,Mammal_Faecal,B2
ESCO.0216.00359,Host-associated,Human_Intestinal,D
ESCO.0216.00360,Host-associated,Mammal_Faecal,D
ESCO.0216.00361,Host-associated,Mammal_Faecal,B2
ESCO.0216.00362,Host-associated,Human_Extra-intestinal,B2
ESCO.0216.00363,Host-associated,Human_Intestinal,B2
ESCO.0216.00364,Host-associated,Bird_Faecal,B1
ESCO.0216.00365,Host-associated,Human_Faecal,B2
ESCO.0216.00366,Host-associated,Mammal_Faecal,B2
ESCO.0216.00367,Environmental,Water,D
ESCO.0216.00368,Environmental,Water,D
ESCO.0216.00369,Host-associated,Bird_Faecal,E
ESCO.0216.00370,Environmental,Water,B2
ESCO.0216.00371,Host-associated,Human_Intestinal,B2
ESCO.0216.00372,Environmental,Water,A
ESCO.0216.00373,Environmental,Water,B1
ESCO.0216.00374,Host-associated,Human_Faecal,B2
ESCO.0216.00375,Host-associated,Poultry_Meat,B1
ESCO.0216.00376,Host-associated,Human_Intestinal,D
ESCO.0216.00377,Host-associated,Bird_Faecal,B2
ESCO.0216.00378,Host-associated,Human_Extra-intestinal,B2
ESCO.0216.00379,Environmental,Water,E
ESCO.0216.00381,Environmental,Water,B1
ESCO.0216.00382,Environmental,Water,B1
ESCO.0216.00383,Environmental,Water,B1
ESCO.0216.00384,Host-associated,Human_Intestinal,B2
ESCO.0216.00385,Host-associated,Bird_Faecal,B1
ESCO.0216.00386,Environmental,Water,B1
ESCO.0216.00387,Host-associated,Human_Extra-intestinal,B2
ESCO.0216.00388,Environmental,Water,B1
ESCO.0216.00389,Host-associated,Human_Extra-intestinal,B2
ESCO.0216.00391,Host-associated,Human_Extra-intestinal,B2
ESCO.0216.00392,Host-associated,Human_Extra-intestinal,B2
ESCO.0216.00393,Host-associated,Bird_Faecal,B2
ESCO.0216.00394,Host-associated,Bird_Faecal,B2
ESCO.0216.00395,Environmental,Water,E
ESCO.0216.00396,Environmental,Water,A
ESCO.0216.00397,Host-associated,Bird_Faecal,B1
ESCO.0216.00398,Environmental,Water,B1
ESCO.0216.00399,Environmental,Water,B1
ESCO.0216.00400,Environmental,Water,B1
ESCO.0216.00401,Environmental,Water,A
ESCO.0216.00402,Environmental,Water,B1
ESCO.0216.00404,Host-associated,Mammal_Faecal,B2
ESCO.0216.00405,Host-associated,Mammal_Faecal,B2
ESCO.0216.00406,Host-associated,Mammal_Faecal,B1
ESCO.0216.00407,Environmental,Water,A
ESCO.0216.00408,Host-associated,Poultry_Meat,B1
ESCO.0216.00409,Host-associated,Human_Extra-intestinal,B2
ESCO.0216.00410,Host-associated,Human_Extra-intestinal,A
ESCO.0216.00411,Host-associated,Human_Extra-intestinal,B2
ESCO.0216.00412,Environmental,Water,A
ESCO.0216.00413,Host-associated,Bird_Faecal,B1
ESCO.0216.00414,Host-associated,Human_Intestinal,A
ESCO.0216.00415,Environmental,Water,B1
ESCO.0216.00416,Environmental,Water,B1
ESCO.0216.00417,Host-associated,Human_Intestinal,A
ESCO.0216.00418,Environmental,Water,B1
ESCO.0216.00419,Host-associated,Human_Extra-intestinal,A
ESCO.0216.00420,Host-associated,Human_Extra-intestinal,C
ESCO.0216.00421,Host-associated,Human_Faecal,B2
ESCO.0216.00422,Host-associated,Bird_Faecal,D
ESCO.0216.00423,Host-associated,Mammal_Faecal,D
ESCO.0216.00424,Host-associated,Bird_Faecal,B1
ESCO.0216.00425,Host-associated,Poultry_Meat,B1
ESCO.0216.00426,Environmental,Water,B1
ESCO.0216.00427,Host-associated,Mammal_Faecal,D
ESCO.0216.00428,Environmental,Water,D
ESCO.0216.00429,Host-associated,Mammal_Faecal,B2
ESCO.0216.00430,Host-associated,Mammal_Faecal,D
ESCO.0216.00431,Host-associated,Mammal_Faecal,B1
ESCO.0216.00432,Environmental,Water,B2
ESCO.0216.00433,Environmental,Water,B1
ESCO.0216.00434,Host-associated,Bird_Faecal,B1
ESCO.0216.00435,Host-associated,Bird_Faecal,B1
ESCO.0216.00436,Environmental,Water,B1
ESCO.0216.00437,Host-associated,Poultry_Meat,B1
ESCO.0216.00438,Environmental,Water,B1
ESCO.0216.00439,Host-associated,Mammal_Faecal,D
ESCO.0216.00440,Environmental,Water,B2
ESCO.0216.00441,Host-associated,Human_Faecal,B2
ESCO.0216.00442,Host-associated,Bird_Faecal,B1
ESCO.0216.00445,Environmental,Water,A
ESCO.0216.00446,Environmental,Water,B1
ESCO.0216.00447,Host-associated,Human_Faecal,B2
ESCO.0216.00448,Environmental,Water,D
ESCO.0216.00449,Environmental,Water,D
ESCO.0216.00450,Host-associated,Mammal_Faecal,B2
ESCO.0216.00451,Host-associated,Mammal_Faecal,D
ESCO.0216.00452,Host-associated,Mammal_Faecal,D
ESCO.0216.00453,Environmental,Water,B1
ESCO.0216.00454,Environmental,Water,E
ESCO.0216.00455,Host-associated,Mammal_Faecal,A
ESCO.0216.00456,Environmental,Water,A
ESCO.0216.00457,Host-associated,Bird_Faecal,B1
ESCO.0216.00458,Host-associated,Human_Intestinal,D
ESCO.0216.00459,Host-associated,Human_Extra-intestinal,A
ESCO.0216.00460,Host-associated,Mammal_Faecal,B1
ESCO.0216.00461,Host-associated,Human_Faecal,B2
ESCO.0216.00462,Host-associated,Human_Intestinal,B1
ESCO.0216.00463,Host-associated,Human_Extra-intestinal,C
ESCO.0216.00464,Host-associated,Human_Faecal,C
ESCO.0216.00465,Host-associated,Mammal_Faecal,E
ESCO.0216.00466,Host-associated,Bird_Faecal,E
ESCO.0216.00467,Environmental,Water,B1
ESCO.0216.00468,Environmental,Water,B1
ESCO.0216.00469,Environmental,Water,B1
ESCO.0216.00470,Environmental,Water,B1
ESCO.0216.00471,Host-associated,Poultry_Meat,B2
ESCO.0216.00472,Host-associated,Human_Extra-intestinal,B2
ESCO.0216.00473,Host-associated,Bird_Faecal,A
ESCO.0216.00474,Host-associated,Bird_Faecal,A
ESCO.0216.00475,Environmental,Water,A
ESCO.0216.00476,Host-associated,Bird_Faecal,B1
ESCO.0216.00477,Environmental,Water,B2
ESCO.0216.00478,Host-associated,Human_Extra-intestinal,C
ESCO.0216.00479,Environmental,Water,D
ESCO.0216.00480,Host-associated,Bird_Faecal,B2
ESCO.0216.00481,Host-associated,Mammal_Faecal,D
ESCO.0216.00482,Host-associated,Bird_Faecal,B1
ESCO.0216.00483,Host-associated,Human_Extra-intestinal,B2
ESCO.0216.00484,Host-associated,Bird_Faecal,D
ESCO.0216.00486,Host-associated,Poultry_Meat,B1
ESCO.0216.00487,Host-associated,Poultry_Meat,B1
ESCO.0216.00488,Host-associated,Human_Faecal,A
ESCO.0216.00489,Host-associated,Mammal_Faecal,B1
ESCO.0216.00490,Host-associated,Human_Intestinal,B2
ESCO.0216.00491,Host-associated,Human_Faecal,B1
ESCO.0216.00492,Host-associated,Bird_Faecal,B2
ESCO.0216.00493,Host-associated,Human_Intestinal,A
ESCO.0216.00494,Host-associated,Human_Intestinal,B1
ESCO.0216.00495,Host-associated,Poultry_Meat,B1
ESCO.0216.00497,Environmental,Water,B1
ESCO.0216.00498,Environmental,Water,A
ESCO.0216.00499,Host-associated,Human_Intestinal,B2
ESCO.0216.00500,Environmental,Water,E
ESCO.0216.00501,Environmental,Water,A
ESCO.0216.00502,Host-associated,Poultry_Meat,A
ESCO.0216.00503,Host-associated,Poultry_Meat,A
ESCO.0216.00504,Host-associated,Bird_Faecal,D
ESCO.0216.00505,Environmental,Water,B1
ESCO.0216.00506,Environmental,Water,B1
ESCO.0216.00507,Environmental,Water,D
ESCO.0216.00508,Host-associated,Bird_Faecal,D
ESCO.0216.00509,Environmental,Water,B1
ESCO.0216.00510,Host-associated,Mammal_Faecal,A
ESCO.0216.00511,Environmental,Water,E
ESCO.0216.00512,Environmental,Water,B2
ESCO.0216.00513,Host-associated,Mammal_Faecal,A
ESCO.0216.00514,Host-associated,Poultry_Meat,B1
ESCO.0216.00515,Host-associated,Poultry_Meat,B1
ESCO.0216.00516,Host-associated,Human_Intestinal,B1
ESCO.0216.00517,Host-associated,Poultry_Meat,B2
ESCO.0216.00518,Host-associated,Poultry_Meat,B1
ESCO.0216.00519,Host-associated,Mammal_Faecal,B1
ESCO.0216.00520,Host-associated,Human_Intestinal,D
ESCO.0216.00521,Host-associated,Human_Faecal,B2
ESCO.0216.00522,Host-associated,Bird_Faecal,A
ESCO.0216.00523,Host-associated,Bird_Faecal,B2
ESCO.0216.00524,Host-associated,Human_Intestinal,D
ESCO.0216.00526,Host-associated,Human_Faecal,A
ESCO.0216.00527,Host-associated,Poultry_Meat,B1
ESCO.0216.00528,Host-associated,Poultry_Meat,B2
ESCO.0216.00529,Host-associated,Human_Intestinal,D
ESCO.0216.00530,Host-associated,Poultry_Meat,E
ESCO.0216.00531,Host-associated,Bird_Faecal,D
ESCO.0216.00532,Environmental,Water,D
ESCO.0216.00533,Host-associated,Mammal_Faecal,B1
ESCO.0216.00534,Environmental,Water,D
ESCO.0216.00535,Environmental,Water,B1
ESCO.0216.00536,Host-associated,Poultry_Meat,B1
ESCO.0216.00537,Host-associated,Bird_Faecal,D
ESCO.0216.00538,Host-associated,Poultry_Meat,E
ESCO.0216.00539,Host-associated,Human_Extra-intestinal,B2
ESCO.0216.00540,Host-associated,Human_Intestinal,D
ESCO.0216.00541,Host-associated,Human_Faecal,B2
ESCO.0216.00542,Host-associated,Human_Extra-intestinal,B1
ESCO.0216.00543,Environmental,Water,B2
ESCO.0216.00544,Host-associated,Bird_Faecal,B2
ESCO.0216.00545,Host-associated,Human_Intestinal,D
ESCO.0216.00546,Host-associated,Human_Intestinal,B2
ESCO.0216.00547,Host-associated,Poultry_Meat,A
ESCO.0216.00548,Environmental,Water,A
ESCO.0216.00549,Host-associated,Human_Extra-intestinal,A
ESCO.0216.00550,Environmental,Water,B1
ESCO.0216.00551,Host-associated,Bird_Faecal,B2
ESCO.0216.00552,Host-associated,Bird_Faecal,B1
ESCO.0216.00553,Host-associated,Poultry_Meat,B2
ESCO.0216.00554,Host-associated,Poultry_Meat,B2
ESCO.0216.00555,Host-associated,Human_Extra-intestinal,A
ESCO.0216.00556,Host-associated,Mammal_Faecal,D
ESCO.0216.00557,Host-associated,Mammal_Faecal,A
ESCO.0216.00558,Environmental,Water,B1
ESCO.0216.00559,Environmental,Water,B2
ESCO.0216.00560,Host-associated,Human_Intestinal,B2
ESCO.0216.00561,Host-associated,Poultry_Meat,B2
ESCO.0216.00562,Environmental,Water,B1
ESCO.0216.00563,Host-associated,Human_Extra-intestinal,B2
ESCO.0216.00564,Host-associated,Bird_Faecal,B2
ESCO.0216.00565,Host-associated,Poultry_Meat,A
ESCO.0216.00566,Host-associated,Human_Intestinal,B2
ESCO.0216.00567,Host-associated,Human_Faecal,A
ESCO.0216.00568,Environmental,Water,B1
ESCO.0216.00569,Environmental,Water,B1
ESCO.0216.00570,Host-associated,Poultry_Meat,B2
ESCO.0216.00571,Host-associated,Human_Extra-intestinal,B2
ESCO.0216.00573,Environmental,Water,B2
ESCO.0216.00574,Environmental,Water,A
ESCO.0216.00575,Host-associated,Poultry_Meat,E
ESCO.0216.00576,Environmental,Water,A
ESCO.0216.00577,Host-associated,Poultry_Meat,B1
ESCO.0216.00578,Host-associated,Bird_Faecal,B1
ESCO.0216.00579,Environmental,Water,B1
ESCO.0216.00580,Host-associated,Poultry_Meat,B2
ESCO.0216.00581,Host-associated,Mammal_Faecal,E
ESCO.0216.00582,Host-associated,Human_Faecal,A
ESCO.0216.00583,Host-associated,Human_Extra-intestinal,B2
ESCO.0216.00584,Environmental,Water,B2
ESCO.0216.00585,Host-associated,Poultry_Meat,A
ESCO.0216.00586,Host-associated,Mammal_Faecal,B2
ESCO.0216.00587,Environmental,Water,B2
ESCO.0216.00588,Environmental,Water,B1
ESCO.0216.00589,Host-associated,Bird_Faecal,B1
ESCO.0216.00590,Host-associated,Mammal_Faecal,B2
ESCO.0216.00591,Host-associated,Poultry_Meat,B1
ESCO.0216.00592,Environmental,Water,D
ESCO.0216.00593,Host-associated,Human_Intestinal,B1
ESCO.0216.00594,Host-associated,Bird_Faecal,B2
ESCO.0216.00595,Host-associated,Mammal_Faecal,D
ESCO.0216.00596,Host-associated,Mammal_Faecal,D
ESCO.0216.00597,Host-associated,Bird_Faecal,B2
ESCO.0216.00598,Host-associated,Mammal_Faecal,D
ESCO.0216.00599,Host-associated,Bird_Faecal,B1
ESCO.0216.00600,Host-associated,Poultry_Meat,B1
ESCO.0216.00601,Host-associated,Poultry_Meat,B2
ESCO.0216.00602,Host-associated,Poultry_Meat,E
ESCO.0216.00604,Host-associated,Human_Faecal,B2
ESCO.0216.00605,Host-associated,Human_Extra-intestinal,A
ESCO.0216.00606,Environmental,Water,E
ESCO.0216.00607,Environmental,Water,B1
ESCO.0216.00608,Host-associated,Bird_Faecal,B1
ESCO.0216.00609,Environmental,Water,B1
ESCO.0216.00610,Host-associated,Poultry_Meat,D
ESCO.0216.00611,Environmental,Water,A
ESCO.0216.00612,Host-associated,Human_Extra-intestinal,B1
ESCO.0216.00613,Host-associated,Mammal_Faecal,B1
ESCO.0216.00614,Environmental,Water,D
ESCO.0216.00615,Host-associated,Bird_Faecal,B1
ESCO.0216.00616,Host-associated,Mammal_Faecal,B2
ESCO.0216.00617,Environmental,Water,D
ESCO.0216.00618,Host-associated,Bird_Faecal,B2
ESCO.0216.00619,Host-associated,Poultry_Meat,A
ESCO.0216.00620,Host-associated,Poultry_Meat,B1
ESCO.0216.00621,Host-associated,Bird_Faecal,B2
ESCO.0216.00622,Environmental,Water,A
ESCO.0216.00623,Environmental,Water,B2
ESCO.0216.00624,Host-associated,Poultry_Meat,A
ESCO.0216.00625,Host-associated,Bird_Faecal,B1
ESCO.0216.00626,Host-associated,Bird_Faecal,B1
ESCO.0216.00627,Host-associated,Poultry_Meat,B1
ESCO.0216.00628,Environmental,Water,B2
ESCO.0216.00629,Environmental,Water,A
ESCO.0216.00630,Host-associated,Mammal_Faecal,B2
ESCO.0216.00631,Host-associated,Mammal_Faecal,B1
ESCO.0216.00632,Host-associated,Human_Intestinal,B2
ESCO.0216.00633,Environmental,Water,A
ESCO.0216.00634,Environmental,Water,A
ESCO.0216.00635,Host-associated,Bird_Faecal,A
ESCO.0216.00636,Environmental,Water,B2
ESCO.0216.00637,Host-associated,Mammal_Faecal,B1
ESCO.0216.00638,Environmental,Water,D
ESCO.0216.00639,Environmental,Water,A
ESCO.0216.00640,Host-associated,Human_Extra-intestinal,A
ESCO.0216.00641,Host-associated,Mammal_Faecal,B1
ESCO.0216.00642,Environmental,Water,A
ESCO.0216.00643,Environmental,Water,A
ESCO.0216.00644,Environmental,Water,B1
ESCO.0216.00645,Host-associated,Human_Intestinal,A
ESCO.0216.00646,Environmental,Water,B1
ESCO.0216.00647,Environmental,Water,B1
ESCO.0216.00648,Host-associated,Human_Faecal,B2
ESCO.0216.00649,Host-associated,Human_Extra-intestinal,A
ESCO.0216.00651,Host-associated,Human_Faecal,A
ESCO.0216.00652,Host-associated,Poultry_Meat,E
ESCO.0216.00653,Host-associated,Human_Intestinal,B1
ESCO.0216.00654,Host-associated,Human_Intestinal,D
ESCO.0216.00655,Host-associated,Bird_Faecal,B1
ESCO.0216.00656,Host-associated,Human_Intestinal,B2
ESCO.0216.00657,Host-associated,Bird_Faecal,B1
ESCO.0216.00658,Host-associated,Poultry_Meat,B1
ESCO.0216.00659,Host-associated,Human_Extra-intestinal,B2
ESCO.0216.00660,Host-associated,Bird_Faecal,B2
ESCO.0216.00661,Host-associated,Human_Faecal,A
ESCO.0216.00662,Host-associated,Poultry_Meat,A
ESCO.0216.00665,Environmental,Water,A
ESCO.0216.00666,Environmental,Water,B1
ESCO.0216.00667,Host-associated,Poultry_Meat,B2
ESCO.0216.00668,Environmental,Water,A
ESCO.0216.00669,Host-associated,Poultry_Meat,E
ESCO.0216.00670,Host-associated,Human_Faecal,A
ESCO.0216.00671,Environmental,Water,D
ESCO.0216.00672,Environmental,Water,A
ESCO.0216.00673,Environmental,Water,D
ESCO.0216.00674,Environmental,Water,B2
ESCO.0216.00675,Host-associated,Poultry_Meat,A
ESCO.0216.00676,Environmental,Water,A
ESCO.0216.00677,Host-associated,Poultry_Meat,B2
ESCO.0216.00678,Host-associated,Mammal_Faecal,B1
ESCO.0216.00679,Host-associated,Bird_Faecal,B1
ESCO.0216.00680,Environmental,Water,A
ESCO.0216.00681,Host-associated,Poultry_Meat,B1
ESCO.0216.00682,Host-associated,Human_Faecal,B2
ESCO.0216.00683,Host-associated,Bird_Faecal,E
ESCO.0216.00684,Host-associated,Human_Intestinal,D
ESCO.0216.00686,Host-associated,Mammal_Faecal,D
ESCO.0216.00687,Host-associated,Bird_Faecal,B1
ESCO.0216.00688,Host-associated,Bird_Faecal,B1
ESCO.0216.00689,Host-associated,Poultry_Meat,E
ESCO.0216.00690,Host-associated,Mammal_Faecal,A
ESCO.0216.00691,Host-associated,Mammal_Faecal,B1
ESCO.0216.00692,Environmental,Water,D
ESCO.0216.00693,Host-associated,Mammal_Faecal,B1
ESCO.0216.00694,Environmental,Water,D
ESCO.0216.00695,Environmental,Water,B1
ESCO.0216.00696,Host-associated,Mammal_Faecal,D
ESCO.0216.00697,Host-associated,Poultry_Meat,B2
ESCO.0216.00698,Environmental,Water,B1
ESCO.0216.00699,Host-associated,Human_Intestinal,B2
ESCO.0216.00700,Host-associated,Poultry_Meat,E
ESCO.0216.00701,Host-associated,Human_Intestinal,B2
ESCO.0216.00702,Host-associated,Bird_Faecal,D
ESCO.0216.00703,Environmental,Water,D
ESCO.0216.00704,Host-associated,Bird_Faecal,D
ESCO.0216.00705,Host-associated,Poultry_Meat,A
ESCO.0216.00706,Host-associated,Bird_Faecal,D
ESCO.0216.00707,Host-associated,Bird_Faecal,B2
ESCO.0216.00708,Environmental,Water,E
ESCO.0216.00709,Environmental,Water,B1
ESCO.0216.00710,Host-associated,Poultry_Meat,B1
ESCO.0216.00711,Host-associated,Human_Intestinal,D
ESCO.0216.00712,Host-associated,Human_Intestinal,B1
ESCO.0216.00713,Environmental,Water,B1
ESCO.0216.00714,Host-associated,Human_Faecal,A
ESCO.0216.00715,Host-associated,Mammal_Faecal,B2
ESCO.0216.00716,Host-associated,Bird_Faecal,B1
ESCO.0216.00717,Environmental,Water,B2
ESCO.0216.00718,Host-associated,Human_Faecal,A
ESCO.0216.00719,Host-associated,Human_Faecal,A
ESCO.0216.00720,Host-associated,Bird_Faecal,B1
ESCO.0216.00721,Host-associated,Human_Intestinal,B1
ESCO.0216.00722,Host-associated,Bird_Faecal,B1
ESCO.0216.00723,Host-associated,Poultry_Meat,B2
ESCO.0216.00724,Environmental,Water,B1
ESCO.0216.00725,Host-associated,Bird_Faecal,B2
ESCO.0216.00726,Host-associated,Poultry_Meat,A
ESCO.0216.00728,Environmental,Water,E
ESCO.0216.00729,Host-associated,Bird_Faecal,D
ESCO.0216.00730,Environmental,Water,A
ESCO.0216.00731,Environmental,Water,B1
ESCO.0216.00732,Host-associated,Poultry_Meat,B1
ESCO.0216.00733,Host-associated,Poultry_Meat,B1
ESCO.0216.00734,Host-associated,Human_Faecal,A
ESCO.0216.00735,Host-associated,Mammal_Faecal,A
ESCO.0216.00736,Host-associated,Bird_Faecal,D
ESCO.0216.00737,Host-associated,Bird_Faecal,A
ESCO.0216.00738,Environmental,Water,B1
ESCO.0216.00739,Host-associated,Poultry_Meat,E
ESCO.0216.00740,Environmental,Water,B1
ESCO.0216.00741,Host-associated,Human_Intestinal,A
ESCO.0216.00742,Host-associated,Mammal_Faecal,A
ESCO.0216.00743,Environmental,Water,A
ESCO.0216.00744,Host-associated,Human_Intestinal,D
ESCO.0216.00745,Host-associated,Poultry_Meat,B2
ESCO.0216.00746,Host-associated,Human_Intestinal,A
ESCO.0216.00747,Host-associated,Bird_Faecal,B2
ESCO.0216.00748,Host-associated,Human_Intestinal,B2
ESCO.0216.00749,Host-associated,Human_Intestinal,B1
ESCO.0216.00750,Host-associated,Human_Intestinal,B2
ESCO.0216.00751,Host-associated,Poultry_Meat,D
ESCO.0216.00752,Environmental,Water,A
ESCO.0216.00753,Host-associated,Bird_Faecal,B1
ESCO.0216.00754,Host-associated,Human_Faecal,A
ESCO.0216.00755,Environmental,Water,A
ESCO.0216.00756,Environmental,Water,B2
ESCO.0216.00757,Host-associated,Mammal_Faecal,B2
ESCO.0216.00758,Environmental,Water,D
ESCO.0216.00759,Host-associated,Poultry_Meat,A
ESCO.0216.00760,Host-associated,Human_Intestinal,B1
ESCO.0216.00762,Environmental,Water,A
ESCO.0216.00763,Host-associated,Mammal_Faecal,A
ESCO.0216.00764,Host-associated,Poultry_Meat,B1
ESCO.0216.00765,Environmental,Water,A
ESCO.0216.00766,Host-associated,Mammal_Faecal,A
ESCO.0216.00767,Environmental,Water,A
ESCO.0216.00768,Host-associated,Human_Intestinal,B2
ESCO.0216.00769,Environmental,Water,B1
ESCO.0216.00770,Environmental,Water,B1
ESCO.0216.00771,Host-associated,Poultry_Meat,B1
ESCO.0216.00772,Host-associated,Poultry_Meat,E
ESCO.0216.00773,Host-associated,Mammal_Faecal,A
ESCO.0216.00774,Host-associated,Poultry_Meat,A
ESCO.0216.00775,Host-associated,Mammal_Faecal,D
ESCO.0216.00776,Environmental,Water,B1
ESCO.0216.00777,Environmental,Water,B1
ESCO.0216.00778,Host-associated,Poultry_Meat,E
ESCO.0216.00779,Host-associated,Mammal_Faecal,B1
ESCO.0216.00780,Environmental,Water,A
ESCO.0216.00781,Environmental,Water,C
ESCO.0216.00782,Host-associated,Human_Intestinal,B2
ESCO.0216.00783,Host-associated,Poultry_Meat,A
ESCO.0216.00784,Host-associated,Poultry_Meat,A
ESCO.0216.00785,Host-associated,Human_Intestinal,B2
ESCO.0216.00786,Host-associated,Human_Intestinal,D
ESCO.0216.00787,Host-associated,Mammal_Faecal,E
ESCO.0216.00788,Environmental,Water,B1
ESCO.0216.00789,Host-associated,Human_Faecal,A
ESCO.0216.00790,Host-associated,Bird_Faecal,A
ESCO.0216.00791,Host-associated,Bird_Faecal,B1
ESCO.0216.00792,Host-associated,Bird_Faecal,B1
ESCO.0216.00793,Host-associated,Bird_Faecal,E
ESCO.0216.00794,Host-associated,Human_Faecal,A
ESCO.0216.00795,Host-associated,Poultry_Meat,D
ESCO.0216.00796,Host-associated,Human_Intestinal,B2
ESCO.0216.00797,Host-associated,Bird_Faecal,A
ESCO.0216.00798,Environmental,Water,B2
ESCO.0216.00799,Host-associated,Human_Extra-intestinal,B2
ESCO.0216.00800,Host-associated,Poultry_Meat,A
ESCO.0216.00801,Host-associated,Poultry_Meat,A
ESCO.0216.00802,Environmental,Water,D
ESCO.0216.00803,Environmental,Water,A
ESCO.0216.00804,Host-associated,Poultry_Meat,B1
ESCO.0216.00805,Environmental,Water,D
ESCO.0216.00806,Environmental,Water,D
ESCO.0216.00807,Host-associated,Human_Extra-intestinal,B2
ESCO.0216.00808,Host-associated,Mammal_Faecal,B1
ESCO.0216.00809,Host-associated,Human_Intestinal,B1
ESCO.0216.00810,Host-associated,Human_Faecal,B2
ESCO.0216.00811,Host-associated,Human_Faecal,A
ESCO.0216.00812,Host-associated,Poultry_Meat,E
ESCO.0216.00813,Host-associated,Mammal_Faecal,D
ESCO.0216.00814,Host-associated,Poultry_Meat,B2
ESCO.0216.00815,Host-associated,Human_Faecal,A
ESCO.0216.00816,Host-associated,Mammal_Faecal,B1
ESCO.0216.00817,Host-associated,Mammal_Faecal,D
ESCO.0216.00818,Host-associated,Poultry_Meat,B2
ESCO.0216.00819,Host-associated,Human_Faecal,B2
ESCO.0216.00820,Environmental,Water,B1
ESCO.0216.00821,Host-associated,Human_Intestinal,B2
ESCO.0216.00822,Host-associated,Human_Intestinal,B2
ESCO.0216.00823,Host-associated,Bird_Faecal,A
ESCO.0216.00824,Environmental,Water,B1
ESCO.0216.00825,Host-associated,Human_Intestinal,B1
ESCO.0216.00826,Host-associated,Poultry_Meat,A
ESCO.0216.00827,Host-associated,Human_Intestinal,B2
ESCO.0216.00829,Host-associated,Poultry_Meat,B1
ESCO.0216.00830,Host-associated,Human_Intestinal,B2
ESCO.0216.00831,Host-associated,Bird_Faecal,B1
ESCO.0216.00832,Environmental,Water,B1
ESCO.0216.00833,Host-associated,Poultry_Meat,A
ESCO.0216.00834,Host-associated,Human_Intestinal,B1
ESCO.0216.00835,Host-associated,Poultry_Meat,E
ESCO.0216.00836,Host-associated,Mammal_Faecal,A
ESCO.0216.00837,Host-associated,Poultry_Meat,B1
ESCO.0216.00838,Host-associated,Poultry_Meat,E
ESCO.0216.00839,Environmental,Water,B1
ESCO.0216.00840,Host-associated,Human_Intestinal,B2
ESCO.0216.00841,Host-associated,Bird_Faecal,B2
ESCO.0216.00842,Host-associated,Human_Intestinal,B2
ESCO.0216.00843,Host-associated,Bird_Faecal,B2
ESCO.0216.00844,Host-associated,Human_Intestinal,B2
ESCO.0216.00845,Host-associated,Bird_Faecal,B1
ESCO.0216.00846,Environmental,Water,B1
ESCO.0216.00847,Host-associated,Human_Extra-intestinal,A
ESCO.0216.00848,Host-associated,Poultry_Meat,A
ESCO.0216.00850,Host-associated,Human_Intestinal,B1
ESCO.0216.00851,Environmental,Water,B1
ESCO.0216.00852,Host-associated,Mammal_Faecal,A
ESCO.0216.00853,Host-associated,Bird_Faecal,D
ESCO.0216.00854,Host-associated,Poultry_Meat,A
ESCO.0216.00855,Host-associated,Bird_Faecal,B2
ESCO.0216.00856,Host-associated,Human_Intestinal,B2
ESCO.0216.00857,Host-associated,Bird_Faecal,D
ESCO.0216.00858,Host-associated,Human_Extra-intestinal,B2
ESCO.0216.00861,Host-associated,Mammal_Faecal,B2
ESCO.0216.00862,Host-associated,Poultry_Meat,B2
ESCO.0216.00863,Host-associated,Human_Intestinal,A
ESCO.0216.00864,Host-associated,Poultry_Meat,E
ESCO.0216.00865,Host-associated,Bird_Faecal,B1
ESCO.0216.00866,Host-associated,Poultry_Meat,B1
ESCO.0216.00867,Host-associated,Poultry_Meat,B1
ESCO.0216.00868,Environmental,Water,A
ESCO.0216.00869,Host-associated,Poultry_Meat,A
ESCO.0216.00870,Host-associated,Human_Faecal,A
ESCO.0216.00872,Environmental,Water,B1
ESCO.0216.00873,Environmental,Water,B1
ESCO.0216.00874,Host-associated,Poultry_Meat,D
ESCO.0216.00875,Host-associated,Human_Intestinal,D
ESCO.0216.00876,Environmental,Water,B2
ESCO.0216.00877,Environmental,Water,B1
ESCO.0216.00878,Host-associated,Poultry_Meat,B1
ESCO.0216.00879,Host-associated,Poultry_Meat,D
ESCO.0216.00880,Host-associated,Poultry_Meat,D
ESCO.0216.00881,Host-associated,Bird_Faecal,D
ESCO.0216.00882,Host-associated,Human_Faecal,B2
ESCO.0216.00883,Environmental,Water,B2
ESCO.0216.00884,Host-associated,Human_Intestinal,B1
ESCO.0216.00886,Host-associated,Poultry_Meat,E
ESCO.0216.00887,Host-associated,Poultry_Meat,A
ESCO.0216.00888,Host-associated,Human_Extra-intestinal,B2
ESCO.0216.00889,Host-associated,Poultry_Meat,D
ESCO.0216.00890,Host-associated,Poultry_Meat,A
ESCO.0216.00891,Host-associated,Bird_Faecal,A
ESCO.0216.00892,Host-associated,Poultry_Meat,A
ESCO.0216.00893,Host-associated,Poultry_Meat,A
ESCO.0216.00894,Environmental,Water,E
ESCO.0216.00895,Host-associated,Human_Intestinal,B1
ESCO.0216.00896,Host-associated,Bird_Faecal,D
ESCO.0216.00897,Host-associated,Human_Faecal,A
ESCO.0216.00898,Host-associated,Human_Intestinal,A
ESCO.0216.00899,Host-associated,Poultry_Meat,B1
ESCO.0216.00900,Host-associated,Mammal_Faecal,A
ESCO.0216.00901,Host-associated,Bird_Faecal,B2
ESCO.0216.00902,Host-associated,Poultry_Meat,A
ESCO.0216.00903,Host-associated,Poultry_Meat,A
ESCO.0216.00904,Host-associated,Bird_Faecal,B2
ESCO.0216.00905,Environmental,Water,A
ESCO.0216.00906,Host-associated,Poultry_Meat,B2
ESCO.0216.00907,Host-associated,Poultry_Meat,B1
ESCO.0216.00908,Host-associated,Poultry_Meat,E
ESCO.0216.00909,Environmental,Water,A
ESCO.0216.00910,Host-associated,Mammal_Faecal,A
ESCO.0216.00911,Host-associated,Human_Intestinal,B2
ESCO.0216.00912,Host-associated,Poultry_Meat,D
ESCO.0216.00913,Environmental,Water,B1
ESCO.0216.00914,Host-associated,Poultry_Meat,D
ESCO.0216.00915,Host-associated,Human_Intestinal,D
ESCO.0216.00916,Environmental,Water,D
ESCO.0216.00917,Host-associated,Human_Intestinal,B2
ESCO.0216.00918,Host-associated,Bird_Faecal,B1
ESCO.0216.00919,Environmental,Water,A
ESCO.0216.00920,Host-associated,Poultry_Meat,D
ESCO.0216.00921,Host-associated,Human_Faecal,A
ESCO.0216.00922,Environmental,Water,D
ESCO.0216.00923,Host-associated,Poultry_Meat,A
ESCO.0216.00924,Host-associated,Human_Intestinal,B2
ESCO.0216.00925,Host-associated,Poultry_Meat,A
ESCO.0216.00926,Host-associated,Mammal_Faecal,D
ESCO.0216.00927,Host-associated,Human_Intestinal,B1
ESCO.0216.00928,Host-associated,Bird_Faecal,B2
ESCO.0216.00929,Host-associated,Mammal_Faecal,A
ESCO.0216.00930,Environmental,Water,A
ESCO.0216.00931,Host-associated,Poultry_Meat,A
ESCO.0216.00932,Host-associated,Mammal_Faecal,B2
ESCO.0216.00933,Host-associated,Human_Intestinal,B2
ESCO.0216.00934,Host-associated,Human_Faecal,A
ESCO.0216.00935,Host-associated,Poultry_Meat,A
ESCO.0216.00936,Host-associated,Poultry_Meat,B1
ESCO.0216.00938,Environmental,Water,B1
ESCO.0216.00939,Host-associated,Mammal_Faecal,E
ESCO.0216.00940,Host-associated,Mammal_Faecal,D
ESCO.0216.00942,Host-associated,Poultry_Meat,E
ESCO.0216.00943,Host-associated,Poultry_Meat,D
ESCO.0216.00944,Host-associated,Poultry_Meat,A
ESCO.0216.00945,Host-associated,Poultry_Meat,A
ESCO.0216.00946,Host-associated,Poultry_Meat,A
ESCO.0216.00947,Environmental,Water,B1
ESCO.0216.00948,Host-associated,Human_Intestinal,D
ESCO.0216.00949,Environmental,Water,B1
ESCO.0216.00951,Host-associated,Human_Faecal,A
ESCO.0216.00952,Environmental,Water,D
ESCO.0216.00953,Host-associated,Human_Intestinal,A
ESCO.0216.00954,Environmental,Water,A
ESCO.0216.00955,Host-associated,Poultry_Meat,A
ESCO.0216.00956,Host-associated,Human_Intestinal,B1
ESCO.0216.00957,Host-associated,Poultry_Meat,E
ESCO.0216.00958,Host-associated,Poultry_Meat,B1
ESCO.0216.00959,Host-associated,Poultry_Meat,D
ESCO.0216.00960,Host-associated,Bird_Faecal,A
ESCO.0216.00961,Host-associated,Human_Faecal,B2
ESCO.0216.00962,Host-associated,Human_Faecal,B2
ESCO.0216.00963,Host-associated,Poultry_Meat,B2
ESCO.0216.00964,Host-associated,Human_Intestinal,D
ESCO.0216.00965,Environmental,Water,B1
ESCO.0216.00966,Host-associated,Poultry_Meat,B1
ESCO.0216.00967,Host-associated,Human_Extra-intestinal,B2
ESCO.0216.00968,Host-associated,Poultry_Meat,D
ESCO.0216.00969,Host-associated,Mammal_Faecal,B2
ESCO.0216.00970,Host-associated,Poultry_Meat,A
ESCO.0216.00971,Host-associated,Mammal_Faecal,E
ESCO.0216.00972,Host-associated,Bird_Faecal,A
ESCO.0216.00973,Host-associated,Poultry_Meat,D
ESCO.0216.00974,Host-associated,Poultry_Meat,A
ESCO.0216.00975,Host-associated,Human_Extra-intestinal,B2
ESCO.0216.00976,Host-associated,Poultry_Meat,A
ESCO.0216.00977,Environmental,Water,B1
ESCO.0216.00978,Environmental,Water,A
ESCO.0216.00979,Host-associated,Mammal_Faecal,D
ESCO.0216.00980,Host-associated,Human_Intestinal,A
ESCO.0216.00981,Environmental,Water,A
ESCO.0216.00982,Host-associated,Poultry_Meat,D
ESCO.0216.00983,Host-associated,Poultry_Meat,A
ESCO.0216.00984,Host-associated,Bird_Faecal,B2
ESCO.0216.00985,Host-associated,Human_Intestinal,B2
ESCO.0216.00986,Host-associated,Bird_Faecal,D
ESCO.0216.00987,Host-associated,Human_Intestinal,B1
ESCO.0216.00988,Environmental,Water,A
ESCO.0216.00989,Host-associated,Poultry_Meat,A
ESCO.0216.00990,Environmental,Water,A
ESCO.0216.00991,Host-associated,Bird_Faecal,A
ESCO.0216.00992,Host-associated,Bird_Faecal,B2
ESCO.0216.00993,Host-associated,Poultry_Meat,A
ESCO.0216.00994,Host-associated,Human_Faecal,A
ESCO.0216.00995,Host-associated,Human_Extra-intestinal,A
ESCO.0216.00996,Host-associated,Bird_Faecal,B2
ESCO.0216.00997,Host-associated,Poultry_Meat,E
ESCO.0216.00998,Host-associated,Mammal_Faecal,D
ESCO.0216.00999,Host-associated,Human_Intestinal,D
ESCO.0216.01000,Host-associated,Bird_Faecal,B1
ESCO.0216.01001,Host-associated,Poultry_Meat,D
ESCO.0216.01002,Environmental,Water,A
ESCO.0216.01003,Host-associated,Human_Intestinal,B2
ESCO.0216.01004,Host-associated,Poultry_Meat,A
ESCO.0216.01005,Host-associated,Bird_Faecal,A
ESCO.0216.01006,Host-associated,Human_Intestinal,A
ESCO.0216.01007,Host-associated,Poultry_Meat,A
ESCO.0216.01008,Environmental,Water,B1
ESCO.0216.01009,Environmental,Water,B1
ESCO.0216.01010,Host-associated,Poultry_Meat,A
ESCO.0216.01011,Host-associated,Bird_Faecal,A
ESCO.0216.01012,Host-associated,Poultry_Meat,A
ESCO.0216.01013,Host-associated,Poultry_Meat,B2
ESCO.0216.01014,Host-associated,Poultry_Meat,D
ESCO.0216.01015,Environmental,Water,B1
ESCO.0216.01016,Host-associated,Mammal_Faecal,D
ESCO.0216.01017,Host-associated,Human_Extra-intestinal,A
ESCO.0216.01018,Host-associated,Poultry_Meat,B1
ESCO.0216.01019,Environmental,Water,B1
ESCO.0216.01020,Host-associated,Bird_Faecal,A
ESCO.0216.01021,Host-associated,Human_Faecal,A
ESCO.0216.01022,Host-associated,Bird_Faecal,B1
ESCO.0216.01023,Host-associated,Human_Intestinal,D
ESCO.0216.01024,Host-associated,Mammal_Faecal,D
ESCO.0216.01025,Host-associated,Human_Faecal,A
ESCO.0216.01026,Host-associated,Mammal_Faecal,B2
ESCO.0216.01027,Environmental,Water,B1
ESCO.0216.01028,Host-associated,Human_Faecal,C
ESCO.0216.01029,Host-associated,Mammal_Faecal,B1
ESCO.0216.01030,Host-associated,Bird_Faecal,B1
ESCO.0216.01031,Environmental,Water,B1
ESCO.0216.01032,Host-associated,Poultry_Meat,B1
ESCO.0216.01033,Host-associated,Human_Intestinal,B2
ESCO.0216.01034,Host-associated,Mammal_Faecal,B1
ESCO.0216.01035,Environmental,Water,B1
ESCO.0216.01036,Environmental,Water,B1
ESCO.0216.01037,Environmental,Water,A
ESCO.0216.01038,Host-associated,Bird_Faecal,D
ESCO.0216.01039,Host-associated,Human_Intestinal,D
ESCO.0216.01040,Host-associated,Mammal_Faecal,D
ESCO.0216.01041,Host-associated,Bird_Faecal,D
ESCO.0216.01042,Host-associated,Poultry_Meat,A
ESCO.0216.01043,Host-associated,Human_Extra-intestinal,F
ESCO.0216.01044,Host-associated,Poultry_Meat,E
ESCO.0216.01045,Host-associated,Poultry_Meat,A
ESCO.0216.01046,Environmental,Water,B1
ESCO.0216.01047,Host-associated,Human_Extra-intestinal,A
ESCO.0216.01048,Host-associated,Poultry_Meat,A
ESCO.0216.01049,Host-associated,Human_Intestinal,A
ESCO.0216.01050,Host-associated,Human_Faecal,B2
ESCO.0216.01051,Environmental,Water,B1
ESCO.0216.01052,Host-associated,Human_Intestinal,D
ESCO.0216.01053,Environmental,Water,B1
ESCO.0216.01054,Environmental,Water,B1
ESCO.0216.01055,Host-associated,Human_Faecal,B2
ESCO.0216.01056,Environmental,Water,B1
ESCO.0216.01057,Host-associated,Human_Intestinal,D
ESCO.0216.01058,Host-associated,Human_Intestinal,D
ESCO.0216.01059,Host-associated,Bird_Faecal,B2
ESCO.0216.01060,Host-associated,Poultry_Meat,B2
ESCO.0216.01061,Host-associated,Human_Faecal,B2
ESCO.0216.01062,Host-associated,Human_Faecal,A
ESCO.0216.01063,Host-associated,Bird_Faecal,B2
ESCO.0216.01064,Environmental,Water,B1
ESCO.0216.01065,Host-associated,Poultry_Meat,A
ESCO.0216.01066,Host-associated,Poultry_Meat,A
ESCO.0216.01067,Host-associated,Human_Intestinal,B2
ESCO.0216.01068,Host-associated,Bird_Faecal,A
ESCO.0216.01069,Host-associated,Poultry_Meat,B2
ESCO.0216.01070,Host-associated,Poultry_Meat,B1
ESCO.0216.01071,Host-associated,Poultry_Meat,E
ESCO.0216.01072,Host-associated,Poultry_Meat,E
ESCO.0216.01073,Host-associated,Human_Intestinal,D
ESCO.0216.01074,Host-associated,Poultry_Meat,A
ESCO.0216.01075,Host-associated,Poultry_Meat,A
ESCO.0216.01076,Host-associated,Poultry_Meat,D
ESCO.0216.01077,Host-associated,Poultry_Meat,A
ESCO.0216.01078,Environmental,Water,A
ESCO.0216.01079,Host-associated,Human_Faecal,A
ESCO.0216.01080,Host-associated,Poultry_Meat,D
ESCO.0216.01081,Host-associated,Poultry_Meat,A
ESCO.0216.01082,Host-associated,Bird_Faecal,A
ESCO.0216.01083,Host-associated,Human_Intestinal,B2
ESCO.0216.01085,Host-associated,Mammal_Faecal,A
ESCO.0216.01086,Host-associated,Poultry_Meat,A
ESCO.0216.01087,Host-associated,Bird_Faecal,A
ESCO.0216.01088,Host-associated,Poultry_Meat,A
ESCO.0216.01089,Environmental,Water,E
ESCO.0216.01090,Host-associated,Human_Intestinal,B1
ESCO.0216.01091,Environmental,Water,B1
ESCO.0216.01092,Host-associated,Poultry_Meat,B1
ESCO.0216.01094,Host-associated,Mammal_Faecal,B1
ESCO.0216.01095,Host-associated,Poultry_Meat,D
ESCO.0216.01096,Host-associated,Bird_Faecal,A
ESCO.0216.01097,Environmental,Water,B1
ESCO.0216.01098,Host-associated,Human_Intestinal,B1
ESCO.0216.01099,Host-associated,Poultry_Meat,D
ESCO.0216.01100,Environmental,Water,A
ESCO.0216.01101,Host-associated,Bird_Faecal,A
ESCO.0216.01102,Host-associated,Human_Faecal,B2
ESCO.0216.01103,Host-associated,Poultry_Meat,E
ESCO.0216.01105,Host-associated,Human_Faecal,A
ESCO.0216.01106,Host-associated,Poultry_Meat,D
ESCO.0216.01107,Host-associated,Bird_Faecal,A
ESCO.0216.01108,Host-associated,Human_Intestinal,B2
ESCO.0216.01109,Host-associated,Poultry_Meat,A
ESCO.0216.01110,Environmental,Water,E
ESCO.0216.01111,Host-associated,Poultry_Meat,E
ESCO.0216.01112,Host-associated,Human_Faecal,A
ESCO.0216.01113,Host-associated,Poultry_Meat,A
ESCO.0216.01114,Host-associated,Human_Faecal,A
ESCO.0216.01115,Host-associated,Human_Intestinal,A
ESCO.0216.01116,Host-associated,Poultry_Meat,A
ESCO.0216.01117,Host-associated,Human_Intestinal,B1
ESCO.0216.01118,Host-associated,Mammal_Faecal,A
ESCO.0216.01119,Host-associated,Poultry_Meat,D
ESCO.0216.01120,Host-associated,Human_Intestinal,A
ESCO.0216.01121,Host-associated,Poultry_Meat,E
ESCO.0216.01122,Host-associated,Bird_Faecal,A
ESCO.0216.01124,Host-associated,Poultry_Meat,A
ESCO.0216.01125,Host-associated,Poultry_Meat,D
ESCO.0216.01126,Host-associated,Bird_Faecal,D
ESCO.0216.01128,Host-associated,Human_Intestinal,A
ESCO.0216.01129,Host-associated,Human_Faecal,B2
ESCO.0216.01130,Host-associated,Poultry_Meat,A
ESCO.0216.01131,Host-associated,Bird_Faecal,A
ESCO.0216.01132,Host-associated,Bird_Faecal,A
ESCO.0216.01133,Host-associated,Mammal_Faecal,B1
ESCO.0216.01134,Host-associated,Bird_Faecal,A
ESCO.0216.01135,Host-associated,Human_Extra-intestinal,A
ESCO.0216.01136,Host-associated,Poultry_Meat,A
ESCO.0216.01137,Host-associated,Human_Intestinal,D
ESCO.0216.01138,Host-associated,Poultry_Meat,D
ESCO.0216.01139,Environmental,Water,A
ESCO.0216.01140,Environmental,Water,A
ESCO.0216.01141,Host-associated,Human_Intestinal,D
ESCO.0216.01142,Host-associated,Bird_Faecal,A
ESCO.0216.01143,Host-associated,Human_Intestinal,C
ESCO.0216.01144,Host-associated,Human_Extra-intestinal,A
ESCO.0216.01145,Host-associated,Poultry_Meat,C
ESCO.0216.01146,Host-associated,Bird_Faecal,A
ESCO.0216.01147,Host-associated,Bird_Faecal,A
ESCO.0216.01148,Host-associated,Human_Intestinal,D
ESCO.0216.01149,Host-associated,Bird_Faecal,B1
ESCO.0216.01150,Host-associated,Poultry_Meat,A
ESCO.0216.01151,Host-associated,Poultry_Meat,B1
ESCO.0216.01153,Environmental,Water,A
ESCO.0216.01154,Host-associated,Human_Intestinal,B2
ESCO.0216.01155,Host-associated,Poultry_Meat,B2
ESCO.0216.01156,Host-associated,Poultry_Meat,B1
ESCO.0216.01157,Host-associated,Poultry_Meat,A
ESCO.0216.01158,Host-associated,Bird_Faecal,B2
ESCO.0216.01159,Host-associated,Mammal_Faecal,A
ESCO.0216.01160,Environmental,Water,B1
ESCO.0216.01161,Host-associated,Bird_Faecal,A
ESCO.0216.01162,Host-associated,Human_Intestinal,E
ESCO.0216.01163,Host-associated,Bird_Faecal,A
ESCO.0216.01164,Environmental,Water,B1
ESCO.0216.01166,Host-associated,Human_Intestinal,B2
ESCO.0216.01167,Environmental,Water,B1
ESCO.0216.01168,Host-associated,Human_Intestinal,A
ESCO.0216.01169,Host-associated,Human_Intestinal,D
ESCO.0216.01170,Host-associated,Bird_Faecal,A
ESCO.0216.01171,Host-associated,Human_Faecal,A
ESCO.0216.01172,Host-associated,Human_Faecal,A
ESCO.0216.01173,Host-associated,Poultry_Meat,D
ESCO.0216.01174,Host-associated,Bird_Faecal,B1
ESCO.0216.01175,Host-associated,Human_Intestinal,D
ESCO.0216.01176,Host-associated,Poultry_Meat,A
ESCO.0216.01177,Host-associated,Poultry_Meat,A
ESCO.0216.01178,Host-associated,Human_Intestinal,D
ESCO.0216.01180,Host-associated,Bird_Faecal,A
ESCO.0216.01181,Host-associated,Human_Faecal,B2
ESCO.0216.01182,Host-associated,Bird_Faecal,B1
ESCO.0216.01183,Host-associated,Poultry_Meat,A
ESCO.0216.01184,Host-associated,Bird_Faecal,B1
ESCO.0216.01185,Host-associated,Poultry_Meat,D
ESCO.0216.01186,Host-associated,Poultry_Meat,A
ESCO.0216.01187,Host-associated,Mammal_Faecal,B1
ESCO.0216.01188,Host-associated,Bird_Faecal,D
ESCO.0216.01189,Environmental,Water,B1
ESCO.0216.01190,Host-associated,Poultry_Meat,A
ESCO.0216.01191,Host-associated,Bird_Faecal,A
ESCO.0216.01192,Host-associated,Poultry_Meat,D
ESCO.0216.01193,Host-associated,Human_Intestinal,B2
ESCO.0216.01194,Host-associated,Bird_Faecal,A
ESCO.0216.01195,Host-associated,Human_Intestinal,D
ESCO.0216.01196,Host-associated,Bird_Faecal,A
ESCO.0216.01197,Host-associated,Poultry_Meat,A
ESCO.0216.01198,Host-associated,Human_Faecal,A
ESCO.0216.01199,Host-associated,Poultry_Meat,A
ESCO.0216.01200,Host-associated,Poultry_Meat,A
ESCO.0216.01201,Host-associated,Human_Faecal,B2
ESCO.0216.01203,Host-associated,Poultry_Meat,A
ESCO.0216.01204,Host-associated,Bird_Faecal,A
ESCO.0216.01205,Host-associated,Bird_Faecal,A
ESCO.0216.01206,Host-associated,Human_Intestinal,D
ESCO.0216.01208,Host-associated,Bird_Faecal,A
ESCO.0216.01209,Host-associated,Human_Intestinal,B1
ESCO.0216.01210,Host-associated,Poultry_Meat,D
ESCO.0216.01211,Host-associated,Poultry_Meat,A
ESCO.0216.01212,Host-associated,Poultry_Meat,A
ESCO.0216.01213,Host-associated,Poultry_Meat,A
ESCO.0216.01214,Host-associated,Human_Intestinal,D
ESCO.0216.01215,Host-associated,Mammal_Faecal,A
ESCO.0216.01216,Host-associated,Bird_Faecal,D
ESCO.0216.01217,Environmental,Water,B1
ESCO.0216.01218,Host-associated,Bird_Faecal,A
ESCO.0216.01219,Host-associated,Poultry_Meat,C
ESCO.0216.01220,Host-associated,Poultry_Meat,D
ESCO.0216.01222,Host-associated,Poultry_Meat,B1
ESCO.0216.01223,Host-associated,Human_Intestinal,A
ESCO.0216.01224,Host-associated,Human_Faecal,A
ESCO.0216.01225,Host-associated,Poultry_Meat,A
ESCO.0216.01226,Host-associated,Human_Extra-intestinal,A
ESCO.0216.01227,Host-associated,Human_Extra-intestinal,A
ESCO.0216.01228,Host-associated,Human_Faecal,A
ESCO.0216.01229,Host-associated,Bird_Faecal,A
ESCO.0216.01230,Host-associated,Bird_Faecal,A
ESCO.0216.01231,Host-associated,Human_Extra-intestinal,A
ESCO.0216.01232,Host-associated,Human_Faecal,A
ESCO.0216.01233,Host-associated,Mammal_Faecal,D
ESCO.0216.01234,Host-associated,Human_Intestinal,D
ESCO.0216.01235,Host-associated,Human_Intestinal,B1
ESCO.0216.01237,Environmental,Water,B1
ESCO.0216.01238,Environmental,Water,A
ESCO.0216.01239,Host-associated,Bird_Faecal,A
ESCO.0216.01240,Host-associated,Human_Intestinal,NA
ESCO.0216.01241,Host-associated,Human_Intestinal,D
ESCO.0216.01242,Environmental,Water,B1
ESCO.0216.01243,Host-associated,Mammal_Faecal,B1
ESCO.0216.01244,Host-associated,Bird_Faecal,A
ESCO.0216.01245,Host-associated,Poultry_Meat,D
ESCO.0216.01246,Host-associated,Human_Faecal,A
ESCO.0216.01247,Host-associated,Bird_Faecal,A
ESCO.0216.01248,Host-associated,Human_Intestinal,A
ESCO.0216.01249,Host-associated,Poultry_Meat,A
ESCO.0216.01250,Host-associated,Human_Intestinal,B2
ESCO.0216.01251,Host-associated,Poultry_Meat,D
ESCO.0216.01252,Host-associated,Poultry_Meat,A
ESCO.0216.01253,Host-associated,Poultry_Meat,A
ESCO.0216.01254,Host-associated,Poultry_Meat,A
ESCO.0216.01255,Environmental,Water,B2
ESCO.0216.01256,Host-associated,Poultry_Meat,E
ESCO.0216.01257,Host-associated,Human_Faecal,A
ESCO.0216.01258,Host-associated,Bird_Faecal,A
ESCO.0216.01259,Host-associated,Poultry_Meat,A
ESCO.0216.01260,Host-associated,Poultry_Meat,A
ESCO.0216.01261,Host-associated,Mammal_Faecal,A
ESCO.0216.01262,Host-associated,Human_Faecal,A
ESCO.0216.01263,Host-associated,Poultry_Meat,A
ESCO.0216.01264,Host-associated,Human_Intestinal,B1
ESCO.0216.01265,Host-associated,Poultry_Meat,C
ESCO.0216.01266,Host-associated,Poultry_Meat,A
ESCO.0216.01267,Host-associated,Poultry_Meat,B2
ESCO.0216.01268,Host-associated,Bird_Faecal,A
ESCO.0216.01269,Host-associated,Poultry_Meat,A
ESCO.0216.01270,Environmental,Water,B2
ESCO.0216.01271,Host-associated,Poultry_Meat,C
ESCO.0216.01272,Host-associated,Human_Intestinal,A
ESCO.0216.01273,Host-associated,Human_Faecal,C
ESCO.0216.01274,Host-associated,Poultry_Meat,E
ESCO.0216.01275,Host-associated,Poultry_Meat,A
ESCO.0216.01276,Host-associated,Human_Intestinal,B1
ESCO.0216.01277,Host-associated,Poultry_Meat,A
ESCO.0216.01278,Host-associated,Human_Extra-intestinal,NA
ESCO.0216.01279,Host-associated,Poultry_Meat,NA
ESCO.0216.01280,Host-associated,Poultry_Meat,NA
ESCO.0216.01281,Host-associated,Bird_Faecal,NA
ESCO.0216.01282,Host-associated,Bird_Faecal,NA
ESCO.0216.01283,Environmental,Water,NA
ESCO.0216.01286,Host-associated,Bird_Faecal,NA
ESCO.0216.01287,Environmental,Water,B1
ESCO.0216.01289,Host-associated,Bird_Faecal,F
ESCO.0216.01290,Host-associated,Poultry_Meat,F
ESCO.0216.01291,Host-associated,Bird_Faecal,F
ESCO.0216.01292,Environmental,Water,A
ESCO.0216.01293,Host-associated,Mammal_Faecal,F
ESCO.0216.01294,Host-associated,Bird_Faecal,F
ESCO.0216.01296,Host-associated,Poultry_Meat,G
ESCO.0216.01298,Environmental,Water,G
ESCO.0216.01301,Host-associated,Human_Extra-intestinal,G
ESCO.0216.01302,Host-associated,Bird_Faecal,F
ESCO.0216.01304,Host-associated,Human_Intestinal,F
ESCO.0216.01305,Host-associated,Bird_Faecal,G
ESCO.0216.01306,Host-associated,Bird_Faecal,G
ESCO.0216.01307,Host-associated,Bird_Faecal,F
ESCO.0216.01308,Environmental,Water,F
ESCO.0216.01309,Environmental,Water,G
ESCO.0216.01310,Host-associated,Human_Extra-intestinal,F
ESCO.0216.01311,Host-associated,Human_Faecal,G
ESCO.0216.01312,Environmental,Water,A
ESCO.0216.01313,Environmental,Water,F
ESCO.0216.01314,Host-associated,Bird_Faecal,F
ESCO.0216.01315,Host-associated,Bird_Faecal,F
ESCO.0216.01316,Host-associated,Human_Extra-intestinal,F
ESCO.0216.01318,Host-associated,Poultry_Meat,G
ESCO.0216.01321,Environmental,Water,F
ESCO.0216.01323,Host-associated,Poultry_Meat,F
ESCO.0216.01324,Host-associated,Poultry_Meat,G
ESCO.0216.01325,Host-associated,Bird_Faecal,F
ESCO.0216.01326,Host-associated,Poultry_Meat,F
ESCO.0216.01327,Host-associated,Bird_Faecal,F
ESCO.0216.01328,Host-associated,Poultry_Meat,F
ESCO.0216.01329,Environmental,Water,F
ESCO.0216.01330,Host-associated,Human_Faecal,G
ESCO.0216.01331,Host-associated,Human_Faecal,G
ESCO.0216.01332,Host-associated,Bird_Faecal,F
ESCO.0216.01333,Host-associated,Bird_Faecal,F
ESCO.0216.01334,Environmental,Water,G
ESCO.0216.01335,Host-associated,Poultry_Meat,G
ESCO.0216.01336,Host-associated,Poultry_Meat,G
ESCO.0216.01337,Environmental,Water,G
ESCO.0216.01338,Host-associated,Human_Extra-intestinal,G
ESCO.0216.01339,Host-associated,Poultry_Meat,G
ESCO.0216.01340,Host-associated,Human_Extra-intestinal,F
ESCO.0216.01341,Host-associated,Poultry_Meat,G
ESCO.0216.01342,Host-associated,Poultry_Meat,G
ESCO.0216.01343,Environmental,Water,F
ESCO.0216.01344,Host-associated,Poultry_Meat,G
ESCO.0216.01345,Host-associated,Bird_Faecal,F
ESCO.0216.01346,Host-associated,Human_Intestinal,F
ESCO.0216.01347,Host-associated,Human_Extra-intestinal,F
ESCO.0216.01349,Host-associated,Poultry_Meat,G
ESCO.0216.01350,Host-associated,Bird_Faecal,F
ESCO.0216.01351,Host-associated,Bird_Faecal,F
ESCO.0216.01352,Host-associated,Bird_Faecal,F
ESCO.0216.01353,Host-associated,Bird_Faecal,F
ESCO.0216.01354,Host-associated,Human_Extra-intestinal,F
ESCO.0216.01355,Host-associated,Bird_Faecal,F
ESCO.0216.01356,Environmental,Water,G
ESCO.0216.01357,Host-associated,Poultry_Meat,G
ESCO.0216.01358,Host-associated,Human_Intestinal,F
ESCO.0216.01360,Host-associated,Human_Extra-intestinal,F
ESCO.0216.01361,Host-associated,Human_Extra-intestinal,F
ESCO.0216.01362,Host-associated,Mammal_Faecal,F
ESCO.0216.01363,Host-associated,Human_Faecal,F
ESCO.0216.01364,Host-associated,Poultry_Meat,G
ESCO.0216.01365,Host-associated,Poultry_Meat,D
ESCO.0216.01366,Host-associated,Poultry_Meat,G
ESCO.0216.01367,Host-associated,Poultry_Meat,F
ESCO.0216.01368,Host-associated,Poultry_Meat,D
ESCO.0216.01369,Host-associated,Poultry_Meat,G
ESCO.0216.01370,Host-associated,Poultry_Meat,F
ESCO.0216.01371,Environmental,Water,F
ESCO.0216.01372,Environmental,Water,G
ESCO.0216.01373,Host-associated,Poultry_Meat,G
ESCO.0216.01374,Environmental,Water,F
ESCO.0216.01375,Host-associated,Human_Extra-intestinal,F
ESCO.0216.01376,Host-associated,Human_Intestinal,F
ESCO.0216.01377,Host-associated,Poultry_Meat,F
ESCO.0216.01378,Host-associated,Poultry_Meat,F
ESCO.0216.01379,Host-associated,Human_Faecal,G
ESCO.0216.01380,Host-associated,Human_Faecal,G
ESCO.0216.01381,Host-associated,Poultry_Meat,G
ESCO.0216.01382,Host-associated,Poultry_Meat,G
ESCO.0216.01383,Host-associated,Poultry_Meat,D
ESCO.0216.01384,Host-associated,Poultry_Meat,D
ESCO.0216.01385,Host-associated,Poultry_Meat,F
ESCO.0216.01386,Host-associated,Poultry_Meat,D
ESCO.0216.01387,Host-associated,Human_Faecal,F
ESCO.0216.01388,Host-associated,Poultry_Meat,F
ESCO.0216.01389,Host-associated,Mammal_Faecal,F
ESCO.0216.01391,Host-associated,Poultry_Meat,F
ESCO.0216.01394,Host-associated,Poultry_Meat,F
ESCO.0216.01395,Host-associated,Human_Extra-intestinal,F
ESCO.0216.01396,Host-associated,Poultry_Meat,F
ESCO.0216.01397,Host-associated,Poultry_Meat,F
ESCO.0216.01398,Host-associated,Human_Faecal,F
ESCO.0216.01399,Host-associated,Human_Faecal,F
ESCO.0216.01400,Host-associated,Human_Extra-intestinal,F
ESCO.0216.01401,Host-associated,Human_Extra-intestinal,F
ESCO.0216.01402,Host-associated,Human_Extra-intestinal,F
ESCO.0216.01403,Host-associated,Poultry_Meat,F
ESCO.0216.01404,Environmental,Water,F
ESCO.0216.01405,Host-associated,Human_Faecal,F
ESCO.0216.01406,Host-associated,Human_Faecal,F
ESCO.0216.01407,Host-associated,Poultry_Meat,D
ESCO.0216.01408,Environmental,Water,G
ESCO.0216.01409,Host-associated,Human_Faecal,F
ESCO.0216.01410,Host-associated,Poultry_Meat,D
ESCO.0216.01411,Host-associated,Poultry_Meat,F
ESCO.0216.01412,Host-associated,Poultry_Meat,F
ESCO.0216.01414,Host-associated,Human_Intestinal,F
ESCO.0216.01415,Host-associated,Human_Intestinal,B2
ESCO.0216.01416,Environmental,Water,F
ESCO.0216.01417,Host-associated,Poultry_Meat,D
ESCO.0216.01418,Host-associated,Poultry_Meat,D
ESCO.0216.01419,Host-associated,Poultry_Meat,D
ESCO.0216.00100,NA,NA,B2
ESCO.0216.00132,NA,NA,B2
ESCO.0216.00170,NA,NA,A
ESCO.0216.00192,NA,NA,B1
ESCO.0216.00255,NA,NA,A
ESCO.0216.00259,NA,NA,E
ESCO.0216.00262,NA,NA,B2
ESCO.0216.00275,NA,NA,B2
ESCO.0216.00283,NA,NA,B1
ESCO.0216.00290,NA,NA,B1
ESCO.0216.00295,NA,NA,A
ESCO.0216.00301,NA,NA,A
ESCO.0216.00380,NA,NA,B2
ESCO.0216.00390,NA,NA,B1
ESCO.0216.00444,NA,NA,B1
ESCO.0216.00485,NA,NA,B1
ESCO.0216.00496,NA,NA,B1
ESCO.0216.00603,NA,NA,C
ESCO.0216.00664,NA,NA,B1
NA,NA,NA,NA
NA,NA,NA,NA
NA,NA,NA,NA
NA,NA,NA,NA
NA,NA,NA,NA
NA,NA,NA,NA
NA,NA,NA,NA
NA,NA,NA,NA
NA,NA,NA,NA
ESCO001.C.00001,NA,NA,A
ESCO001.C.00002,NA,NA,B2
ESCO001.C.00003,NA,NA,E
ESCO001.C.00004,NA,NA,A
ESCO001.C.00006,NA,NA,B1
ESCO001.C.00007,NA,NA,B2
ESCO001.C.00008,NA,NA,B1
ESCO001.C.00009,NA,NA,B1
ESCO001.C.00010,NA,NA,B2
ESCO001.C.00011,NA,NA,B2
ESCO001.C.00012,NA,NA,B2
ESCO001.C.00013,NA,NA,B1
ESCO001.C.00014,NA,NA,A
ESCO001.C.00015,NA,NA,A
ESCO001.C.00016,NA,NA,A
ESCO001.C.00017,NA,NA,A
ESCO001.C.00018,NA,NA,F
ESCO001.C.00019,NA,NA,E
ESCO001.C.00020,NA,NA,E
ESCO001.C.00021,NA,NA,A
ESCO001.C.00024,NA,NA,A
ESCO001.C.00025,NA,NA,E
ESCO001.C.00026,NA,NA,B2
ESCO001.C.00027,NA,NA,B1
ESCO001.C.00028,NA,NA,B1
ESCO001.C.00029,NA,NA,B2
ESCO001.C.00030,NA,NA,F
ESCO001.C.00031,NA,NA,B2
ESCO001.C.00032,NA,NA,D
ESCO001.C.00033,NA,NA,B1
ESCO001.C.00034,NA,NA,B1
ESCO001.C.00035,NA,NA,B2
ESCO001.C.00036,NA,NA,B2
ESCO001.C.00037,NA,NA,B2
ESCO001.C.00038,NA,NA,B1
ESCO001.C.00039,NA,NA,A
ESCO001.C.00040,NA,NA,A
ESCO001.C.00041,NA,NA,D
ESCO001.C.00042,NA,NA,F
ESCO001.C.00043,NA,NA,B2
ESCO001.C.00045,NA,NA,E
ESCO001.C.00046,NA,NA,B1
ESCO001.C.00048,NA,NA,E
ESCO001.C.00050,NA,NA,B2
ESCO001.C.00051,NA,NA,B2
ESCO001.C.00052,NA,NA,B1
ESCO001.C.00053,NA,NA,B1
ESCO001.C.00054,NA,NA,B1
ESCO001.C.00055,NA,NA,C
ESCO001.C.00056,NA,NA,A
ESCO001.C.00057,NA,NA,B1
ESCO001.C.00058,NA,NA,B1
ESCO001.C.00059,NA,NA,B2
ESCO001.C.00060,NA,NA,A
ESCO001.C.00061,NA,NA,E
ESCO001.C.00062,NA,NA,E
ESCO001.C.00063,NA,NA,A
ESCO001.C.00064,NA,NA,A
ESCO001.C.00066,NA,NA,D
ESCO001.C.00067,NA,NA,D
ESCO001.C.00068,NA,NA,D
ESCO001.C.00071,NA,NA,B2
ESCO001.C.00072,NA,NA,A
ESCO001.C.00073,NA,NA,E
ESCO001.C.00074,NA,NA,E
ESCO001.C.00075,NA,NA,B2
ESCO001.C.00077,NA,NA,F
ESCO001.C.00078,NA,NA,A
ESCO001.C.00080,NA,NA,B1
ESCO001.C.00083,NA,NA,E
ESCO001.C.00084,NA,NA,B2
ESCO001.C.00085,NA,NA,A
ESCO001.C.00086,NA,NA,C
ESCO001.C.00087,NA,NA,E
ESCO001.C.00088,NA,NA,A
ESCO001.C.00090,NA,NA,B1
ESCO001.C.00091,NA,NA,A
ESCO001.C.00092,NA,NA,A
ESCO001.C.00093,NA,NA,B2
ESCO001.C.00094,NA,NA,A
ESCO001.C.00095,NA,NA,A
ESCO001.C.00097,NA,NA,A
ESCO001.C.00098,NA,NA,B1
ESCO001.C.00102,NA,NA,A
ESCO001.C.00103,NA,NA,A
ESCO001.C.00106,NA,NA,A
ESCO001.C.00107,NA,NA,A
ESCO001.C.00108,NA,NA,B1
ESCO001.C.00109,NA,NA,A
ESCO001.C.00113,NA,NA,B1
ESCO001.C.00116,NA,NA,B2
ESCO001.C.00117,NA,NA,B2
ESCO001.C.00118,NA,NA,G
ESCO001.C.00119,NA,NA,A
ESCO001.C.00120,NA,NA,A
ESCO001.C.00121,NA,NA,A
ESCO001.C.00122,NA,NA,C
ESCO001.C.00126,NA,NA,A
ESCO001.C.00127,NA,NA,B2
ESCO001.C.00128,NA,NA,B2
ESCO001.C.00129,NA,NA,B2
ESCO001.C.00130,NA,NA,B2
ESCO001.C.00131,NA,NA,E
ESCO001.C.00135,NA,NA,B1
ESCO001.C.00136,NA,NA,G
ESCO001.C.00137,NA,NA,C
ESCO001.C.00138,NA,NA,A
ESCO001.C.00139,NA,NA,B2
ESCO001.C.00140,NA,NA,F
ESCO001.C.00141,NA,NA,B2
ESCO001.C.00142,NA,NA,B2
ESCO001.C.00143,NA,NA,C
ESCO001.C.00145,NA,NA,E
ESCO001.C.00146,NA,NA,A
ESCO001.C.00147,NA,NA,A
ESCO001.C.00148,NA,NA,A
ESCO001.C.00149,NA,NA,A
ESCO001.C.00151,NA,NA,B2
ESCO001.C.00152,NA,NA,B2
ESCO001.C.00153,NA,NA,B2
ESCO001.C.00154,NA,NA,B2
ESCO001.C.00155,NA,NA,B2
ESCO001.C.00156,NA,NA,A
ESCO001.C.00157,NA,NA,E
ESCO001.C.00158,NA,NA,E
ESCO001.C.00159,NA,NA,B2
ESCO001.C.00160,NA,NA,B2
ESCO001.C.00161,NA,NA,B2
ESCO001.C.00162,NA,NA,B2
ESCO001.C.00163,NA,NA,B1
ESCO001.C.00164,NA,NA,E
ESCO001.C.00165,NA,NA,E
ESCO001.C.00166,NA,NA,E
ESCO001.C.00167,NA,NA,E
ESCO001.C.00168,NA,NA,E
ESCO001.C.00169,NA,NA,E
ESCO001.C.00170,NA,NA,B1
ESCO001.C.00171,NA,NA,B2
ESCO001.C.00172,NA,NA,A
ESCO001.C.00173,NA,NA,B2
ESCO001.C.00174,NA,NA,B2
ESCO001.C.00175,NA,NA,D
ESCO001.C.00176,NA,NA,B1
ESCO001.C.00177,NA,NA,A
ESCO001.C.00178,NA,NA,A
ESCO001.C.00179,NA,NA,B1
ESCO001.C.00180,NA,NA,B1
ESCO001.C.00181,NA,NA,A
ESCO001.C.00182,NA,NA,B2
ESCO001.C.00183,NA,NA,B2
ESCO001.C.00184,NA,NA,B1
ESCO001.C.00185,NA,NA,E
ESCO001.C.00186,NA,NA,B1
ESCO001.C.00187,NA,NA,B1
ESCO001.C.00188,NA,NA,F
ESCO001.C.00190,NA,NA,A
ESCO001.C.00191,NA,NA,A
ESCO001.C.00192,NA,NA,E
ESCO001.C.00194,NA,NA,E
ESCO001.C.00199,NA,NA,E
ESCO001.C.00201,NA,NA,A
ESCO001.C.00203,NA,NA,B2
ESCO001.C.00204,NA,NA,A
ESCO001.C.00208,NA,NA,B1
ESCO001.C.00209,NA,NA,A
ESCO001.C.00210,NA,NA,E
ESCO001.C.00211,NA,NA,E
ESCO001.C.00212,NA,NA,E
ESCO001.C.00213,NA,NA,E
ESCO001.C.00214,NA,NA,E
ESCO001.C.00215,NA,NA,E
ESCO001.C.00216,NA,NA,E
ESCO001.C.00217,NA,NA,E
ESCO001.C.00218,NA,NA,D
ESCO001.C.00219,NA,NA,D
ESCO001.C.00220,NA,NA,D
ESCO001.C.00221,NA,NA,B1
ESCO001.C.00223,NA,NA,B1
ESCO001.C.00224,NA,NA,B2
ESCO001.C.00225,NA,NA,A
ESCO001.C.00227,NA,NA,A
ESCO001.C.00228,NA,NA,B1
ESCO001.C.00229,NA,NA,B1
ESCO001.C.00230,NA,NA,B1
ESCO001.C.00231,NA,NA,B1
ESCO001.C.00232,NA,NA,C
ESCO001.C.00233,NA,NA,A
ESCO001.C.00234,NA,NA,B1
ESCO001.C.00235,NA,NA,A
ESCO001.C.00236,NA,NA,C
ESCO001.C.00237,NA,NA,A
ESCO001.C.00238,NA,NA,B1
ESCO001.C.00239,NA,NA,B1
ESCO001.C.00241,NA,NA,G
ESCO001.C.00242,NA,NA,A
ESCO001.C.00243,NA,NA,A
ESCO001.C.00244,NA,NA,B1
ESCO001.C.00245,NA,NA,A
ESCO001.C.00246,NA,NA,B1
ESCO001.C.00247,NA,NA,B1
ESCO001.C.00249,NA,NA,B1
ESCO001.C.00250,NA,NA,B1
ESCO001.C.00251,NA,NA,A
ESCO001.C.00252,NA,NA,B1
ESCO001.C.00253,NA,NA,B1
ESCO001.C.00255,NA,NA,B1
ESCO001.C.00256,NA,NA,B1
ESCO001.C.00258,NA,NA,B1
ESCO001.C.00259,NA,NA,B1
ESCO001.C.00261,NA,NA,B1
ESCO001.C.00263,NA,NA,A
ESCO001.C.00264,NA,NA,A
ESCO001.C.00265,NA,NA,B1
ESCO001.C.00266,NA,NA,B1
ESCO001.C.00267,NA,NA,B1
ESCO001.C.00268,NA,NA,B1
ESCO001.C.00269,NA,NA,A
ESCO001.C.00270,NA,NA,A
ESCO001.C.00271,NA,NA,A
ESCO001.C.00273,NA,NA,A
ESCO001.C.00274,NA,NA,G
ESCO001.C.00275,NA,NA,B1
ESCO001.C.00276,NA,NA,B2
ESCO001.C.00277,NA,NA,D
ESCO001.C.00278,NA,NA,C
ESCO001.C.00279,NA,NA,B2
ESCO001.C.00280,NA,NA,D
ESCO001.C.00281,NA,NA,B2
ESCO001.C.00282,NA,NA,B2
ESCO001.C.00283,NA,NA,A
ESCO001.C.00284,NA,NA,A
ESCO001.C.00285,NA,NA,B2
ESCO001.C.00286,NA,NA,B2
ESCO001.C.00287,NA,NA,A
ESCO001.C.00288,NA,NA,B2
ESCO001.C.00289,NA,NA,F
ESCO001.C.00290,NA,NA,B2
ESCO001.C.00291,NA,NA,B2
ESCO001.C.00292,NA,NA,B2
ESCO001.C.00293,NA,NA,B2
ESCO001.C.00294,NA,NA,B1
ESCO001.C.00295,NA,NA,B1
ESCO001.C.00296,NA,NA,A
ESCO001.C.00297,NA,NA,C
ESCO001.C.00298,NA,NA,B2
ESCO001.C.00299,NA,NA,B1
ESCO001.C.00300,NA,NA,B1
ESCO001.C.00301,NA,NA,E
ESCO001.C.00302,NA,NA,A
ESCO001.C.00304,NA,NA,A
ESCO001.C.00305,NA,NA,A
ESCO001.C.00306,NA,NA,A
ESCO001.C.00307,NA,NA,B1
ESCO001.C.00308,NA,NA,A
ESCO001.C.00309,NA,NA,D
ESCO001.C.00310,NA,NA,A
ESCO001.C.00311,NA,NA,B2
ESCO001.C.00312,NA,NA,B1
ESCO001.C.00313,NA,NA,B1
ESCO001.C.00314,NA,NA,B2
ESCO001.C.00315,NA,NA,B1
ESCO001.C.00316,NA,NA,B1
ESCO001.C.00317,NA,NA,B1
ESCO001.C.00318,NA,NA,B1
ESCO001.C.00319,NA,NA,A
ESCO001.C.00320,NA,NA,B1
ESCO001.C.00321,NA,NA,A
ESCO001.C.00322,NA,NA,B2
ESCO001.C.00323,NA,NA,A
ESCO001.C.00324,NA,NA,B1
ESCO001.C.00325,NA,NA,A
ESCO001.C.00326,NA,NA,A
ESCO001.C.00328,NA,NA,E
ESCO001.C.00330,NA,NA,A
ESCO001.C.00331,NA,NA,B2
ESCO001.C.00332,NA,NA,E
ESCO001.C.00333,NA,NA,B1
ESCO001.C.00334,NA,NA,A
ESCO001.C.00335,NA,NA,F
ESCO001.C.00336,NA,NA,B1
ESCO001.C.00337,NA,NA,B2
ESCO001.C.00338,NA,NA,B1
ESCO001.C.00339,NA,NA,E
ESCO001.C.00340,NA,NA,B2
ESCO001.C.00341,NA,NA,B1
ESCO001.C.00342,NA,NA,E
ESCO001.C.00343,NA,NA,A
ESCO001.C.00344,NA,NA,D
ESCO001.C.00345,NA,NA,B2
ESCO001.C.00346,NA,NA,B1
ESCO001.C.00347,NA,NA,B1
ESCO001.C.00348,NA,NA,B1
ESCO001.C.00349,NA,NA,B2
ESCO001.C.00350,NA,NA,D
ESCO001.C.00351,NA,NA,D
ESCO001.C.00352,NA,NA,B2
ESCO001.C.00353,NA,NA,D
ESCO001.C.00354,NA,NA,A
ESCO001.C.00355,NA,NA,F
ESCO001.C.00356,NA,NA,A
ESCO001.C.00357,NA,NA,A
ESCO001.C.00358,NA,NA,F
ESCO001.C.00359,NA,NA,F
ESCO001.C.00360,NA,NA,G
ESCO001.C.00363,NA,NA,F
ESCO001.C.00364,NA,NA,C
ESCO001.C.00365,NA,NA,D
ESCO001.C.00366,NA,NA,B1
ESCO001.C.00367,NA,NA,A
ESCO001.C.00368,NA,NA,A
ESCO001.C.00369,NA,NA,A
ESCO001.C.00370,NA,NA,B1
ESCO001.C.00371,NA,NA,A
ESCO001.C.00372,NA,NA,A
ESCO001.C.00373,NA,NA,A
ESCO001.C.00374,NA,NA,B1
ESCO001.C.00375,NA,NA,E
ESCO001.C.00376,NA,NA,B1
ESCO001.C.00377,NA,NA,B1
ESCO001.C.00378,NA,NA,E
ESCO001.C.00379,NA,NA,E
ESCO001.C.00380,NA,NA,E
ESCO001.C.00381,NA,NA,A
ESCO001.C.00382,NA,NA,B1
ESCO001.C.00383,NA,NA,A
ESCO001.C.00384,NA,NA,B2
ESCO001.C.00386,NA,NA,A
ESCO001.C.00387,NA,NA,D
ESCO001.C.00388,NA,NA,A
ESCO001.C.00390,NA,NA,F
ESCO001.C.00391,NA,NA,B1
ESCO001.C.00392,NA,NA,D
ESCO001.C.00393,NA,NA,A
ESCO001.C.00394,NA,NA,B1
ESCO001.C.00395,NA,NA,B2
ESCO001.C.00396,NA,NA,B1
ESCO001.C.00397,NA,NA,C
ESCO001.C.00398,NA,NA,C
ESCO001.C.00399,NA,NA,A
ESCO001.C.00401,NA,NA,A
ESCO001.C.00402,NA,NA,B1
ESCO001.C.00403,NA,NA,B2
ESCO001.C.00404,NA,NA,B2
ESCO001.C.00406,NA,NA,A
ESCO001.C.00407,NA,NA,A
ESCO001.C.00408,NA,NA,G
ESCO001.C.00409,NA,NA,C
ESCO001.C.00410,NA,NA,E
ESCO001.C.00411,NA,NA,A
ESCO001.C.00412,NA,NA,A
ESCO001.C.00413,NA,NA,B2
ESCO001.C.00414,NA,NA,B1
ESCO001.C.00415,NA,NA,A
ESCO001.C.00416,NA,NA,B1
ESCO001.C.00417,NA,NA,B1
ESCO001.C.00418,NA,NA,B2
ESCO001.C.00419,NA,NA,B1
ESCO001.C.00420,NA,NA,A
ESCO001.C.00421,NA,NA,A
ESCO001.C.00422,NA,NA,B2
ESCO001.C.00423,NA,NA,C
ESCO001.C.00424,NA,NA,B1
ESCO001.C.00425,NA,NA,A
ESCO001.C.00428,NA,NA,B2
ESCO001.C.00429,NA,NA,A
ESCO001.C.00430,NA,NA,A
ESCO001.C.00431,NA,NA,A
ESCO001.C.00434,NA,NA,B2
ESCO001.C.00435,NA,NA,A
ESCO001.C.00436,NA,NA,A
NA,NA,NA,NA
NA,NA,NA,NA
Average,NA,NA,NA
Min,NA,NA,NA
Max,NA,NA,NA
