pephash,verified,sample,seq,n
v1_PLS_030767dd6c0e5686eef2a8cbf65d305c761e4b8fcc3f3a9473d92de12ef3c1fb,FALSE,GCA_902842435.1_M540_genomic,MREITLNEMNNVSGAGDVNWVDVGKTVATNGAGVIGGAFGAGLCGPVCAGAFAVGSSAAVAALYDAAGNSNSAKQKPEGLPPEAWNYAEGRMCNWSPNNLSDVCV*,1
v1_PLS_030767dd6c0e5686eef2a8cbf65d305c761e4b8fcc3f3a9473d92de12ef3c1fb,FALSE,GCA_902843425.1_B004_genomic,MREITLNEMNNVSGAGDVNWVDVGKTVATNGAGVIGGAFGAGLCGPVCAGAFAVGSSAAVAALYDAAGNSNSAKQKPEGLPPEAWNYAEGRMCNWSPNNLSDVCV*,1
v1_PLS_0719676e795eaed3af7fb25fcc33805c9c4a2690209de401e30878f794f21800,FALSE,GCA_902845405.1_E8797_genomic,ITLNEMNNVSGAGDVNWVDVGKTVATNGAGVIGGAFGAGLCGPVCAGAFAVGSSAAVAALYDAAGNSNSAKQKPEGLPPEAWNYAEGRMCNWSPNNLSDVCV*,1
v1_PLS_162b4d1d19ac7e08ea0998616fd4a878ff9bbec04b882454fa94ce5e25b3e978,FALSE,GCA_902844445.1_B1688_genomic,MRTLTLNELDSVSGGASGRDIAMAIGTLSGQFVAGGIGAAAGGVAGGAIYDYASTHKPNPAMSPSGLGGTIKQKPEGIPSEAWNYAAGRLCNW,1
v1_PLS_17d83a4d72fa714b8588985e84dc7828d8113227ba8bf2f4e1817c137b9bd415,FALSE,GCA_902843805.1_35_MA_AUDC_genomic,YVFFITCSYIFIVVVKREFLLLHKSYSEGVEMRKLSENEIKQISGGDGNDGQAELIAIGSLAGTFISPGFGSIAGAYIGDKVHSWATTATVSPSMSPSGIGLSSQFGSGRGTSSASSSAGSGS*,1
v1_PLS_1a8057dff938353b9638f6258b4cf9f4f34d47a3b0727c12ccd1d0cddedcf229,FALSE,GCA_902846945.1_DMG_1993_genomic,MVKREFLLLHKSYSEGVEMRKLSENEIKQISGGDGNDGQAELIAIGSLAGTFISPGFGSIVGAYIGDKVHSWATTATVSPSMSPSGIGLSSQFGSGRGTSSASSSAGSGS*,1
v1_PLS_1a8057dff938353b9638f6258b4cf9f4f34d47a3b0727c12ccd1d0cddedcf229,FALSE,GCA_902847255.1_DMG_1998_genomic,MVKREFLLLHKSYSEGVEMRKLSENEIKQISGGDGNDGQAELIAIGSLAGTFISPGFGSIVGAYIGDKVHSWATTATVSPSMSPSGIGLSSQFGSGRGTSSASSSAGSGS*,1
v1_PLS_1cddbead564a238a4068fa38deea45eb3eccc207d8f69b6e486563821c8cebe5,FALSE,GCA_902837845.1_CD_57_LN_genomic,MASIRELTLDEITLVSGGNANSNFEGGPRNDRSSGARNSLGRNAPTHIYSDPSTVKCANAVFSGMIGGAIKGGPIGMARGTIGGAVVGQCLSDHGSGNGGGNRGGSSSCSGNNVGGTCNR*,1
v1_PLS_2201698b4769e017fab30bcefc9e64ce3bb721713a99af5a01a2ba85a7d9fee5,FALSE,GCA_902842095.1_W4_32_genomic,MRNITTDELALIHGAGLDKDASVAIGTAAGGFLGKATKIPGADIAGSAIGGYIGGVIADGSNRTITIPSNGINYNPGIGLGSFNPNYNGGLLNSGFNSSTSSSSSGSWLISKAA*,1
v1_PLS_2201698b4769e017fab30bcefc9e64ce3bb721713a99af5a01a2ba85a7d9fee5,FALSE,GCA_902848915.1_C1_119_genomic,MRNITTDELALIHGAGLDKDASVAIGTAAGGFLGKATKIPGADIAGSAIGGYIGGVIADGSNRTITIPSNGINYNPGIGLGSFNPNYNGGLLNSGFNSSTSSSSSGSWLISKAA*,1
v1_PLS_2201698b4769e017fab30bcefc9e64ce3bb721713a99af5a01a2ba85a7d9fee5,FALSE,GCA_902849245.1_H030_genomic,MRNITTDELALIHGAGLDKDASVAIGTAAGGFLGKATKIPGADIAGSAIGGYIGGVIADGSNRTITIPSNGINYNPGIGLGSFNPNYNGGLLNSGFNSSTSSSSSGSWLISKAA*,1
v1_PLS_2201698b4769e017fab30bcefc9e64ce3bb721713a99af5a01a2ba85a7d9fee5,FALSE,GCA_902849495.1_C4_93_genomic,MRNITTDELALIHGAGLDKDASVAIGTAAGGFLGKATKIPGADIAGSAIGGYIGGVIADGSNRTITIPSNGINYNPGIGLGSFNPNYNGGLLNSGFNSSTSSSSSGSWLISKAA*,1
v1_PLS_2974f7c116c1ad848281e913c2517baf971777d3106f8a757be9d935e52601b0,FALSE,GCA_902838985.1_M710019_genomic,MPEITESQLRYISGAGGAPATSANAAGAAAIVGALAGIPGGPLGVVVGAVSAGLTTAIGSTVGSGSASSSAGGGS*,1
v1_PLS_35f910179d2ac02cf732f6a7727f5add4e06277e3eb1bedca0d7c20baeb36493,FALSE,GCA_902838885.1_TA336_genomic,ILSSRLGAGSPSAGNIAELDAIAACVIGGTSLAGGVGSVAGAVMGAFIMASLDNGMSMMDVPTFWQYIVKGAILLLAVWMDSATKRRS*,1
v1_PLS_398a14970eeb93067269052114600787ab2073c30255c649105125e6ad54bfca,FALSE,GCA_902848255.1_A3_52_genomic,MRTLTLNELDSVSGGASGRDIAMAIGTLSG*,1
v1_PLS_3e7cfa8538b1dc7b3f7199e7d0636d108dfd2cb887f8930197a3a403f71c31ee,FALSE,GCA_902849145.1_C2_97_genomic,MRTLTLNELDSVSGGASGRDIALAIGTLFGQFVAGGIGAAAGGV,1
v1_PLS_41642af69bccfa972a2e2e57d0bede54e5fbab00deaad28bdcf7d6573d709782,FALSE,GCA_902842745.1_E5633_genomic,MREISDNMLDSVKGGMNLNGLPGSTNVIDLRGKDMGTYIDANGACWAPDTPSIIMYPGGSGPSYSMSSSTSSANSGS*,1
v1_PLS_41642af69bccfa972a2e2e57d0bede54e5fbab00deaad28bdcf7d6573d709782,FALSE,GCA_902849275.1_C2_100_genomic,MREISDNMLDSVKGGMNLNGLPGSTNVIDLRGKDMGTYIDANGACWAPDTPSIIMYPGGSGPSYSMSSSTSSANSGS*,1
v1_PLS_41642af69bccfa972a2e2e57d0bede54e5fbab00deaad28bdcf7d6573d709782,FALSE,GCA_902849625.1_2H_434_21_genomic,MREISDNMLDSVKGGMNLNGLPGSTNVIDLRGKDMGTYIDANGACWAPDTPSIIMYPGGSGPSYSMSSSTSSANSGS*,1
v1_PLS_4a94c5fa46a92c9a7cac707753045db2e9439b0de0b91a432151909f9d53981a,FALSE,GCA_902846535.1_TA133_genomic,GGGWERCAVAAGVIGGTLLGGGVGTVLGTIFGLAIQGLIQTYINFDGTLSSWWTKIAIGILLFIFIALQRGLTVLWENRQSSPVTRVNIAQQ*,1
v1_PLS_4ab3e15a6dc44de84c9f3fd57f8afd9b6a7f7af2b174a8d3e89bd94cd34bc2d2,FALSE,GCA_902848595.1_2H_343_1_genomic,MREISDHMLDFVKRGMNLNGLPSSTNVIDLRGKDMGTYIDANGACWAPGTPSIIMYPGGSGPSYSMSSSTSSANSGS*,1
v1_PLS_4ca21e9eb29b67a11966734a265a1361e8094698e7478c9f819445a9ce938493,FALSE,GCA_902841815.1_25_3_ADC_20_genomic,MRKLSENEIKQISGGDGDDGQAELIAIGSLAGTFISPGFGSIAGAYIGDKVHSWATTATVSPSMSPSGIGLSSQFGSGRGTSSASSSAGSGS*,1
v1_PLS_4ca21e9eb29b67a11966734a265a1361e8094698e7478c9f819445a9ce938493,FALSE,GCA_902845025.1_25_2_DC7_genomic,MRKLSENEIKQISGGDGDDGQAELIAIGSLAGTFISPGFGSIAGAYIGDKVHSWATTATVSPSMSPSGIGLSSQFGSGRGTSSASSSAGSGS*,1
v1_PLS_4ca21e9eb29b67a11966734a265a1361e8094698e7478c9f819445a9ce938493,FALSE,GCA_902846195.1_E3809_genomic,MRKLSENEIKQISGGDGDDGQAELIAIGSLAGTFISPGFGSIAGAYIGDKVHSWATTATVSPSMSPSGIGLSSQFGSGRGTSSASSSAGSGS*,1
v1_PLS_4d808b0f1366489a12bae88cbf99cff9b63e9aa2925330487033163886c8e9a7,FALSE,GCA_902839115.1_CD_52_IM4_genomic,MDIIFLIYICFFITCSYIFIVVVKREFLLLHKSYSEGVEMRKLSENEIKQISGGDGNDGQAELIAIGSLAGTFISPGFGSIVGAYIGDKVHSWATTATVSPSMSPSGIGLSSQFGSGRGTSSASSSAGSGS*,1
v1_PLS_4e877e89ae387cca54403b35a4d35f0d5c26d7b3e5e6fa47455b383ca4c7b020,FALSE,GCA_902838815.1_POSS_71_genomic,MVKREFLLLHKSYSEGVEMRKLSENEIKQISGGDGNDGQAELIAIGSLAGTFISPGFGSIAGAYIGDKVHSWATTATVSPSMSPSGIGLSSQFGSGRGTSSASSSAGSGS*,1
v1_PLS_4e877e89ae387cca54403b35a4d35f0d5c26d7b3e5e6fa47455b383ca4c7b020,FALSE,GCA_902841775.1_20_5_R7_genomic,MVKREFLLLHKSYSEGVEMRKLSENEIKQISGGDGNDGQAELIAIGSLAGTFISPGFGSIAGAYIGDKVHSWATTATVSPSMSPSGIGLSSQFGSGRGTSSASSSAGSGS*,1
v1_PLS_4e877e89ae387cca54403b35a4d35f0d5c26d7b3e5e6fa47455b383ca4c7b020,FALSE,GCA_902843465.1_POSS_88_genomic,MVKREFLLLHKSYSEGVEMRKLSENEIKQISGGDGNDGQAELIAIGSLAGTFISPGFGSIAGAYIGDKVHSWATTATVSPSMSPSGIGLSSQFGSGRGTSSASSSAGSGS*,1
v1_PLS_4e877e89ae387cca54403b35a4d35f0d5c26d7b3e5e6fa47455b383ca4c7b020,FALSE,GCA_902845515.1_21_2_C8_genomic,MVKREFLLLHKSYSEGVEMRKLSENEIKQISGGDGNDGQAELIAIGSLAGTFISPGFGSIAGAYIGDKVHSWATTATVSPSMSPSGIGLSSQFGSGRGTSSASSSAGSGS*,1
v1_PLS_4e877e89ae387cca54403b35a4d35f0d5c26d7b3e5e6fa47455b383ca4c7b020,FALSE,GCA_902845595.1_POSS_78_genomic,MVKREFLLLHKSYSEGVEMRKLSENEIKQISGGDGNDGQAELIAIGSLAGTFISPGFGSIAGAYIGDKVHSWATTATVSPSMSPSGIGLSSQFGSGRGTSSASSSAGSGS*,1
v1_PLS_5205109bbc97f5c710d44bea53ced4b6f0ad0ddebc6577473efb02a152b38184,FALSE,GCA_902842645.1_E2878_genomic,MRTLTLNELDSVSGGASGRDIAMAIGTLSGQFVAGGIGAAAGGVAGGAIYDYASTHKPNPAMSPSGLGGTIKQKPGDAANLLI*,1
v1_PLS_5aaae6337f03aadedaebba47a3bb34ea578091cf7a44d0722c976b77c3768650,FALSE,GCA_902846325.1_B1704_genomic,MGFEGFWSGQAGKTEVKYDGVYMREITESQLRYISGAGGAPATSANAAGAAAIVGALAGIPGGPLGVVVGAVSAGLTTAIGSTVG,1
v1_PLS_5cbeb89de1f9f346bfe8864c9e4404604252122cdacbb532b153ec189e265d57,FALSE,GCA_902839035.1_BS36_genomic,MRTLTLNELDSVSGGASGRDIAMAIGTLSGQFVAGGIGAAAGGVAGGAIYDYASTHKPNPAMSPSGLGGTIKQKPEGIPSEAWNYAAGRLCNWSPNKRTVIGQSTQNDISSWWVVYLPFHLQQISEHNEEL*,1
v1_PLS_60f602f29f8e21764ef45a78d210a0882a6b06962bb2c290e7addf9021571ae6,FALSE,GCA_902841545.1_E5976_genomic,MASIRELTLDEITLVSGGNANSNFEGGPRNDRSSGARNSLGRNAPTHIYSDPSTVKCANAVFSGMIGGAIKGGPIGMARGTIGGAVVGQCLSDHGSGNGGGNRGSSSSCSGNNVGGTCNR*,1
v1_PLS_60f602f29f8e21764ef45a78d210a0882a6b06962bb2c290e7addf9021571ae6,FALSE,GCA_902842925.1_E7861_genomic,MASIRELTLDEITLVSGGNANSNFEGGPRNDRSSGARNSLGRNAPTHIYSDPSTVKCANAVFSGMIGGAIKGGPIGMARGTIGGAVVGQCLSDHGSGNGGGNRGSSSSCSGNNVGGTCNR*,1
v1_PLS_60f602f29f8e21764ef45a78d210a0882a6b06962bb2c290e7addf9021571ae6,FALSE,GCA_902843425.1_B004_genomic,MASIRELTLDEITLVSGGNANSNFEGGPRNDRSSGARNSLGRNAPTHIYSDPSTVKCANAVFSGMIGGAIKGGPIGMARGTIGGAVVGQCLSDHGSGNGGGNRGSSSSCSGNNVGGTCNR*,1
v1_PLS_60f602f29f8e21764ef45a78d210a0882a6b06962bb2c290e7addf9021571ae6,FALSE,GCA_902843865.1_E1428_genomic,MASIRELTLDEITLVSGGNANSNFEGGPRNDRSSGARNSLGRNAPTHIYSDPSTVKCANAVFSGMIGGAIKGGPIGMARGTIGGAVVGQCLSDHGSGNGGGNRGSSSSCSGNNVGGTCNR*,1
v1_PLS_60f602f29f8e21764ef45a78d210a0882a6b06962bb2c290e7addf9021571ae6,FALSE,GCA_902847555.1_TA338_genomic,MASIRELTLDEITLVSGGNANSNFEGGPRNDRSSGARNSLGRNAPTHIYSDPSTVKCANAVFSGMIGGAIKGGPIGMARGTIGGAVVGQCLSDHGSGNGGGNRGSSSSCSGNNVGGTCNR*,1
v1_PLS_60f602f29f8e21764ef45a78d210a0882a6b06962bb2c290e7addf9021571ae6,FALSE,GCA_902847665.1_TA137_genomic,MASIRELTLDEITLVSGGNANSNFEGGPRNDRSSGARNSLGRNAPTHIYSDPSTVKCANAVFSGMIGGAIKGGPIGMARGTIGGAVVGQCLSDHGSGNGGGNRGSSSSCSGNNVGGTCNR*,1
v1_PLS_718e57ae56d43ffc2101f6669bfb90fa1293201a6207cb6aeb0a27e5c2fca0a5,FALSE,GCA_902845405.1_E8797_genomic,MRTLTLNELDAVSWGVNVTITVAQEYKWKRGKYSSLYYPSALLLALLLTN*,1
v1_PLS_777f568df1ea06d722c4f13338287e80ca4fff4b7526349807ebee815f802468,FALSE,GCA_902848675.1_C4_17_genomic,MRTLTLNELDSVSGGASGRDIAMAIGTLSGQFVAGGIGAAAGGVAGGAIYDYASTHKPNPAMSPSGLGGTIKQKPEGIPSEAWN,1
v1_PLS_796a75914de7bf03f46239f1d355a033c9e7e1d6a9631ad958da738d648df02b,FALSE,GCA_902839425.1_E2051_genomic,MRKPSENEIKQISGGDGNDGQAELIAIGLLAGTFISPGFGSIAGAYIGDKVHSWATTATVSPSMFPSGIGLSSQFGSGRGTSSASSSAGSGS*,1
v1_PLS_7e75ddc189fba894c81a43b1c162589f6e6e7096c8da5865a12cee4497ebbed3,FALSE,GCA_902844605.1_H053_genomic,MREISDHMLDFVKGGMNLNGLPGSTNVIDLRGKDMGTYIDANGACWAPGTPSIIMYPGGSGPSYSMSSSTSSANSGS*,1
v1_PLS_7e75ddc189fba894c81a43b1c162589f6e6e7096c8da5865a12cee4497ebbed3,FALSE,GCA_902858915.1_26_AU_GLYBX_genomic,MREISDHMLDFVKGGMNLNGLPGSTNVIDLRGKDMGTYIDANGACWAPGTPSIIMYPGGSGPSYSMSSSTSSANSGS*,1
v1_PLS_7ef32590cefac3cff62e162d272bf656a44664409ad1f43f0aa068d11c976ce3,FALSE,GCA_902840795.1_TA085_genomic,MREISDNMLDSVKGGMNLNGLSASTNVIDLRGKDMGTYIDANGACWAPDTPSIIMYPGGSGPSYSMSSSTSSANSGS*,1
v1_PLS_8255457454971611862435efee037184a7324d556c33315d633ba5b49f0b5394,TRUE,GCA_902837545.1_M919_genomic,MREITLNEMNNVSGAGDVNWVDVGKTVATNGAGVIGGAFGAGLCGPVCAGAFAVGSSAAVAALYDAAGNSNSAKQKPEGLPPEAWNYAEGRMCNWSPNNLSDVCL*,1
v1_PLS_8255457454971611862435efee037184a7324d556c33315d633ba5b49f0b5394,TRUE,GCA_902838485.1_B1937_genomic,MREITLNEMNNVSGAGDVNWVDVGKTVATNGAGVIGGAFGAGLCGPVCAGAFAVGSSAAVAALYDAAGNSNSAKQKPEGLPPEAWNYAEGRMCNWSPNNLSDVCL*,1
v1_PLS_8255457454971611862435efee037184a7324d556c33315d633ba5b49f0b5394,TRUE,GCA_902842825.1_B1009_genomic,MREITLNEMNNVSGAGDVNWVDVGKTVATNGAGVIGGAFGAGLCGPVCAGAFAVGSSAAVAALYDAAGNSNSAKQKPEGLPPEAWNYAEGRMCNWSPNNLSDVCL*,1
v1_PLS_8255457454971611862435efee037184a7324d556c33315d633ba5b49f0b5394,TRUE,GCA_902844015.1_36_1_TC9_genomic,MREITLNEMNNVSGAGDVNWVDVGKTVATNGAGVIGGAFGAGLCGPVCAGAFAVGSSAAVAALYDAAGNSNSAKQKPEGLPPEAWNYAEGRMCNWSPNNLSDVCL*,1
v1_PLS_88426749978fd21b16ada39d2950092412976d0179d8b3867f0d4d8d3f68b67a,FALSE,GCA_902847185.1_2_1_P20_genomic,MGFEGFWSGQAGKTEVKYDGVYMREITESQLRYISGAGGAPATSANAAGAAAIVGALAGIPGGPLGVVVGAVSAGLTTAIGSTVGSGSASSSAGGGCYLYFYFFYRYFFGSTCKIYPFCLKQIENPFISVFLCSTLY,1
v1_PLS_8e751f217be82f38b463fed36edac3961f564d06d6a0290ed11ac9c46d6a5d69,TRUE,GCA_902839405.1_C2_41_genomic,MREITESQLRYISGAGGAPATSANAAGAAAIVGALAGIPGGPLGVVVGAVSAGLTTAIGSTVGSGSASSSAGGGS*,1
v1_PLS_8e751f217be82f38b463fed36edac3961f564d06d6a0290ed11ac9c46d6a5d69,TRUE,GCA_902842095.1_W4_32_genomic,MREITESQLRYISGAGGAPATSANAAGAAAIVGALAGIPGGPLGVVVGAVSAGLTTAIGSTVGSGSASSSAGGGS*,1
v1_PLS_8e751f217be82f38b463fed36edac3961f564d06d6a0290ed11ac9c46d6a5d69,TRUE,GCA_902843975.1_29_1_DC3_genomic,MREITESQLRYISGAGGAPATSANAAGAAAIVGALAGIPGGPLGVVVGAVSAGLTTAIGSTVGSGSASSSAGGGS*,1
v1_PLS_8e751f217be82f38b463fed36edac3961f564d06d6a0290ed11ac9c46d6a5d69,TRUE,GCA_902845415.1_29_4_DC8_genomic,MREITESQLRYISGAGGAPATSANAAGAAAIVGALAGIPGGPLGVVVGAVSAGLTTAIGSTVGSGSASSSAGGGS*,1
v1_PLS_8e751f217be82f38b463fed36edac3961f564d06d6a0290ed11ac9c46d6a5d69,TRUE,GCA_902847225.1_C4_36_genomic,MREITESQLRYISGAGGAPATSANAAGAAAIVGALAGIPGGPLGVVVGAVSAGLTTAIGSTVGSGSASSSAGGGS*,1
v1_PLS_8e751f217be82f38b463fed36edac3961f564d06d6a0290ed11ac9c46d6a5d69,TRUE,GCA_902848825.1_A1_32_genomic,MREITESQLRYISGAGGAPATSANAAGAAAIVGALAGIPGGPLGVVVGAVSAGLTTAIGSTVGSGSASSSAGGGS*,1
v1_PLS_8e751f217be82f38b463fed36edac3961f564d06d6a0290ed11ac9c46d6a5d69,TRUE,GCA_902849245.1_H030_genomic,MREITESQLRYISGAGGAPATSANAAGAAAIVGALAGIPGGPLGVVVGAVSAGLTTAIGSTVGSGSASSSAGGGS*,1
v1_PLS_8e751f217be82f38b463fed36edac3961f564d06d6a0290ed11ac9c46d6a5d69,TRUE,GCA_902849495.1_C4_93_genomic,MREITESQLRYISGAGGAPATSANAAGAAAIVGALAGIPGGPLGVVVGAVSAGLTTAIGSTVGSGSASSSAGGGS*,1
v1_PLS_987b1ca9af3c15dc3808bbe391c1997d4460e831d6bd3821b87ac37693297eea,FALSE,GCA_902849325.1_H352_genomic,MREISQRDLYQVLGAGNTDPNTQLLKDLANNMAWGAALGAKGGLGTAAVGAGGAAVQTVVQGLINHGPVSVPVPVLIGPSWNGSGSGYNSATSSANGGS*,1
v1_PLS_9d4d5884be3f55eea558ad570cf5724a7bed8ab3a6bfeffa3601882987f2a72c,TRUE,GCA_902840995.1_53_1_AUC1_genomic,MANIRELTLDEITLVSGGNANSNFEGGPRNDRSSGARNSLGRNAPTHIYSDPSTVKCANAVFSGMIGGAIKGGPIGMARGTIGGAVVGQCLSDHGSGNGSGNRGSSSSCSGNNVGGTCNR*,1
v1_PLS_9d4d5884be3f55eea558ad570cf5724a7bed8ab3a6bfeffa3601882987f2a72c,TRUE,GCA_902841095.1_H282_genomic,MANIRELTLDEITLVSGGNANSNFEGGPRNDRSSGARNSLGRNAPTHIYSDPSTVKCANAVFSGMIGGAIKGGPIGMARGTIGGAVVGQCLSDHGSGNGSGNRGSSSSCSGNNVGGTCNR*,1
v1_PLS_9d4d5884be3f55eea558ad570cf5724a7bed8ab3a6bfeffa3601882987f2a72c,TRUE,GCA_902841295.1_B1671_genomic,MANIRELTLDEITLVSGGNANSNFEGGPRNDRSSGARNSLGRNAPTHIYSDPSTVKCANAVFSGMIGGAIKGGPIGMARGTIGGAVVGQCLSDHGSGNGSGNRGSSSSCSGNNVGGTCNR*,1
v1_PLS_9d4d5884be3f55eea558ad570cf5724a7bed8ab3a6bfeffa3601882987f2a72c,TRUE,GCA_902843325.1_53_1_AC6_genomic,MANIRELTLDEITLVSGGNANSNFEGGPRNDRSSGARNSLGRNAPTHIYSDPSTVKCANAVFSGMIGGAIKGGPIGMARGTIGGAVVGQCLSDHGSGNGSGNRGSSSSCSGNNVGGTCNR*,1
v1_PLS_9d4d5884be3f55eea558ad570cf5724a7bed8ab3a6bfeffa3601882987f2a72c,TRUE,GCA_902844375.1_E5548_genomic,MANIRELTLDEITLVSGGNANSNFEGGPRNDRSSGARNSLGRNAPTHIYSDPSTVKCANAVFSGMIGGAIKGGPIGMARGTIGGAVVGQCLSDHGSGNGSGNRGSSSSCSGNNVGGTCNR*,1
v1_PLS_9d4d5884be3f55eea558ad570cf5724a7bed8ab3a6bfeffa3601882987f2a72c,TRUE,GCA_902846595.1_26_1_C13_genomic,MANIRELTLDEITLVSGGNANSNFEGGPRNDRSSGARNSLGRNAPTHIYSDPSTVKCANAVFSGMIGGAIKGGPIGMARGTIGGAVVGQCLSDHGSGNGSGNRGSSSSCSGNNVGGTCNR*,1
v1_PLS_a05ad73ddcc2e9493e9663956c30842028c529a3619cc6375cef7a5d275d8d8e,FALSE,GCA_902848865.1_B1535_genomic,MRTLTLNELDSVSGGASGRDIAMAIGTLSGQFVAGGIGAAAGGVAGGAIYDYASTHKPNPAMSPSGW*,1
v1_PLS_a05ad73ddcc2e9493e9663956c30842028c529a3619cc6375cef7a5d275d8d8e,FALSE,GCA_902848885.1_B1549b_genomic,MRTLTLNELDSVSGGASGRDIAMAIGTLSGQFVAGGIGAAAGGVAGGAIYDYASTHKPNPAMSPSGW*,1
v1_PLS_a05ad73ddcc2e9493e9663956c30842028c529a3619cc6375cef7a5d275d8d8e,FALSE,GCA_902848935.1_B1662_genomic,MRTLTLNELDSVSGGASGRDIAMAIGTLSGQFVAGGIGAAAGGVAGGAIYDYASTHKPNPAMSPSGW*,1
v1_PLS_a05ad73ddcc2e9493e9663956c30842028c529a3619cc6375cef7a5d275d8d8e,FALSE,GCA_902848955.1_B1552_genomic,MRTLTLNELDSVSGGASGRDIAMAIGTLSGQFVAGGIGAAAGGVAGGAIYDYASTHKPNPAMSPSGW*,1
v1_PLS_a05ad73ddcc2e9493e9663956c30842028c529a3619cc6375cef7a5d275d8d8e,FALSE,GCA_902849115.1_GNB_2829_genomic,MRTLTLNELDSVSGGASGRDIAMAIGTLSGQFVAGGIGAAAGGVAGGAIYDYASTHKPNPAMSPSGW*,1
v1_PLS_a05ad73ddcc2e9493e9663956c30842028c529a3619cc6375cef7a5d275d8d8e,FALSE,GCA_902849235.1_B1546_genomic,MRTLTLNELDSVSGGASGRDIAMAIGTLSGQFVAGGIGAAAGGVAGGAIYDYASTHKPNPAMSPSGW*,1
v1_PLS_a05ad73ddcc2e9493e9663956c30842028c529a3619cc6375cef7a5d275d8d8e,FALSE,GCA_902849265.1_B1663_genomic,MRTLTLNELDSVSGGASGRDIAMAIGTLSGQFVAGGIGAAAGGVAGGAIYDYASTHKPNPAMSPSGW*,1
v1_PLS_a05ad73ddcc2e9493e9663956c30842028c529a3619cc6375cef7a5d275d8d8e,FALSE,GCA_902849355.1_B1665_genomic,MRTLTLNELDSVSGGASGRDIAMAIGTLSGQFVAGGIGAAAGGVAGGAIYDYASTHKPNPAMSPSGW*,1
v1_PLS_a05ad73ddcc2e9493e9663956c30842028c529a3619cc6375cef7a5d275d8d8e,FALSE,GCA_902849395.1_B1510_genomic,MRTLTLNELDSVSGGASGRDIAMAIGTLSGQFVAGGIGAAAGGVAGGAIYDYASTHKPNPAMSPSGW*,1
v1_PLS_a05ad73ddcc2e9493e9663956c30842028c529a3619cc6375cef7a5d275d8d8e,FALSE,GCA_902849405.1_B1664_genomic,MRTLTLNELDSVSGGASGRDIAMAIGTLSGQFVAGGIGAAAGGVAGGAIYDYASTHKPNPAMSPSGW*,1
v1_PLS_a05ad73ddcc2e9493e9663956c30842028c529a3619cc6375cef7a5d275d8d8e,FALSE,GCA_902849425.1_B1661_genomic,MRTLTLNELDSVSGGASGRDIAMAIGTLSGQFVAGGIGAAAGGVAGGAIYDYASTHKPNPAMSPSGW*,1
v1_PLS_a05ad73ddcc2e9493e9663956c30842028c529a3619cc6375cef7a5d275d8d8e,FALSE,GCA_902850065.1_B1539_genomic,MRTLTLNELDSVSGGASGRDIAMAIGTLSGQFVAGGIGAAAGGVAGGAIYDYASTHKPNPAMSPSGW*,1
v1_PLS_a2876fb252e00bfb7d641743b041c23fa1553c4d475707b5b4985c769c2de4de,FALSE,GCA_902845455.1_E6181_genomic,MVKRKFLLLHKSYSEGVEMRKLSENEIKQISGGDGNDGQAELISIGSLAGTFISPGFGSIAGAYIGDKVHSWATTATVSPSMSPSGIGLSSQFGSGRCTSSASSSAGSGN*,1
v1_PLS_a2876fb252e00bfb7d641743b041c23fa1553c4d475707b5b4985c769c2de4de,FALSE,GCA_902846895.1_E3466_genomic,MVKRKFLLLHKSYSEGVEMRKLSENEIKQISGGDGNDGQAELISIGSLAGTFISPGFGSIAGAYIGDKVHSWATTATVSPSMSPSGIGLSSQFGSGRCTSSASSSAGSGN*,1
v1_PLS_a474e5c7dfad979ea961afe1d7277748a106dd87afabc8fdaf3c66749242d225,FALSE,GCA_902849175.1_E7641_genomic,MANIRELTLDEITLVSGGNANSNFEGGPRNDRSSGARNSLGRNAPTHIYSDPSTVKCANAVFSGMIGGAIKGGPIGMARGTIGGAVVGQCLSDHGSGNGCGNRGSSSSCSGNNVGGTCNR*,1
v1_PLS_a474e5c7dfad979ea961afe1d7277748a106dd87afabc8fdaf3c66749242d225,FALSE,GCA_902849555.1_E5627_genomic,MANIRELTLDEITLVSGGNANSNFEGGPRNDRSSGARNSLGRNAPTHIYSDPSTVKCANAVFSGMIGGAIKGGPIGMARGTIGGAVVGQCLSDHGSGNGCGNRGSSSSCSGNNVGGTCNR*,1
v1_PLS_a76a047367186045753edf4cd437fd7417879f11ac44231444e709b6a16aa3db,FALSE,GCA_902848365.1_6_14_8_genomic,MRTLTLNELDSVSGGASGRDIAMAIGTLSGQFVAGGIGAAAGGVAGGAIYDYASTHKPNPAMSPSGLGGTIKQKPEGIPSEAWNYAAGRLCN,1
v1_PLS_a819cbe1ff25d399384ab2d6926551cbddf38c0081deff0099aa752cdc83bd55,FALSE,GCA_902839005.1_60_1_Ti1_genomic,MRNITTDELALIHGAGLDKDASVAIGTAAGGFLGKATKIPGADIAGSAIGGYIGGVIADGSNRTITIPSNGINYNPGIGLGSFNPNYNGGLLNSGFNSSTSSSSSGS*,1
v1_PLS_a819cbe1ff25d399384ab2d6926551cbddf38c0081deff0099aa752cdc83bd55,FALSE,GCA_902839405.1_C2_41_genomic,MRNITTDELALIHGAGLDKDASVAIGTAAGGFLGKATKIPGADIAGSAIGGYIGGVIADGSNRTITIPSNGINYNPGIGLGSFNPNYNGGLLNSGFNSSTSSSSSGS*,1
v1_PLS_a819cbe1ff25d399384ab2d6926551cbddf38c0081deff0099aa752cdc83bd55,FALSE,GCA_902845415.1_29_4_DC8_genomic,MRNITTDELALIHGAGLDKDASVAIGTAAGGFLGKATKIPGADIAGSAIGGYIGGVIADGSNRTITIPSNGINYNPGIGLGSFNPNYNGGLLNSGFNSSTSSSSSGS*,1
v1_PLS_a819cbe1ff25d399384ab2d6926551cbddf38c0081deff0099aa752cdc83bd55,FALSE,GCA_902848825.1_A1_32_genomic,MRNITTDELALIHGAGLDKDASVAIGTAAGGFLGKATKIPGADIAGSAIGGYIGGVIADGSNRTITIPSNGINYNPGIGLGSFNPNYNGGLLNSGFNSSTSSSSSGS*,1
v1_PLS_a8f27a4bedb52ab67efa4fc92a792c7d502b23e00d32843b00c303c32c3e1564,FALSE,GCA_902845455.1_E6181_genomic,MGFERFWSGQAGKTEVKYDGVYMREITESQLRYICGAGGAPATSANAAGAAAIVGALAGIPGGPLGVVVGAVSAGLTTAIGSTVGSGSASSSAGGGS*,1
v1_PLS_aafd9ed8f47cbf5573bf0c3bbb615bdaa08876404ee6ce77ca20d583e1bfa91a,FALSE,GCA_902845075.1_E9693_genomic,GLPASTNVIDLRGKDMGTYIDANGACWAPDTPSIIMYPGGSGPSYSMSSSTSSANSGS*,1
v1_PLS_b38c4e06da0215df69536a145089429bf81bba66abe4806002c9aa00c79f6749,FALSE,GCA_902840365.1_B288_genomic,MRKLSENEIKQISGGDGNDGQAELIAIGSLAGTFISPGFGSIVGAYIGDKVHSWATTATVSPSMSPSGIGLSSQFGSGRGTSSASSSAGSGS*,1
v1_PLS_b5c3909fba40ed25b527f519c7477ec098f399efdd3b506ed442540f98c5ad7f,FALSE,GCA_902842605.1_E5753_genomic,MRTLTLNELDSVSGGASGRDIAMAIGTLSGQFVAGGVGASAGGVAGGAIYDYASTHKPNPAMSPSGLGGTIKQKPEGIPSEAWNYAAGRLCNWSPNNFSDVCL*,1
v1_PLS_bfcd904023707725e50c019692abdccf1f02e05e4db0b3fd01d972508df6d59b,FALSE,GCA_902839005.1_60_1_Ti1_genomic,MVKRKFLLFHKSYSEGVEMRKLSENEIKQISGGDGNDGQAELIAIGSLAGTFISPGFGSIVGAYIGDKVHSLATTATVSPSMSPSGIGLSSQFGSGRGTSSASSSAGSGS*,1
v1_PLS_c5551301da43f53436e020dd63b5ab92a856fba68cd5368a8bdd9c39fbe9d050,FALSE,GCA_902838325.1_H173_genomic,YYVGRITLTLNELDSVSGGASGRDIAMAIGTLSGQFVAGGIGAAAGGVAGGAIYDYASTHKPNPAMSPSGLGGTIKQKPEGIPSEAWNYAAGRLCNWSPNNLSDVCL*,1
v1_PLS_c637021d4dc97787ecae162c709af4959c143dd0a8203efa0a5b402994b5102d,FALSE,GCA_902840075.1_E2038_genomic,MGFEGFWSGQAGKTEVKYDGVYMREITESQLRYISGAGGAPATSANAAGAAAIVGALAGIPGGPLGVVVGAVSAGLTTAIGSTVGSGSASSSAGG,1
v1_PLS_ca17b581f76ce5092852776a91a6b84302367804223bf9e003e68f17799f45bc,FALSE,GCA_902838595.1_H474_genomic,MRTLTLNELDSVSGGASGRDIAMAVMLPTY*,1
v1_PLS_ca17b581f76ce5092852776a91a6b84302367804223bf9e003e68f17799f45bc,FALSE,GCA_902841235.1_M1198_genomic,MRTLTLNELDSVSGGASGRDIAMAVMLPTY*,1
v1_PLS_ca17b581f76ce5092852776a91a6b84302367804223bf9e003e68f17799f45bc,FALSE,GCA_902841285.1_A4_57_genomic,MRTLTLNELDSVSGGASGRDIAMAVMLPTY,1
v1_PLS_ca17b581f76ce5092852776a91a6b84302367804223bf9e003e68f17799f45bc,FALSE,GCA_902843585.1_A2_19_genomic,MRTLTLNELDSVSGGASGRDIAMAVMLPTY*,1
v1_PLS_ca17b581f76ce5092852776a91a6b84302367804223bf9e003e68f17799f45bc,FALSE,GCA_902843635.1_A2_17_genomic,MRTLTLNELDSVSGGASGRDIAMAVMLPTY*,1
v1_PLS_ca17b581f76ce5092852776a91a6b84302367804223bf9e003e68f17799f45bc,FALSE,GCA_902845575.1_A3_74_genomic,MRTLTLNELDSVSGGASGRDIAMAVMLPTY*,1
v1_PLS_ca17b581f76ce5092852776a91a6b84302367804223bf9e003e68f17799f45bc,FALSE,GCA_902847075.1_A4_11_genomic,MRTLTLNELDSVSGGASGRDIAMAVMLPTY*,1
v1_PLS_cb2aae755c7395b120eeb5cd3df9d37265dcbc792f807be7dfa27b174a31ab2e,FALSE,GCA_902842555.1_E5598_genomic,MRTLTLNELDSVSGGASGRDIAMAIGTLSGQFVAGGIGAAAGGVAGGAIYDYASTHKPNPAMSPSGLGGTIKQKPEGIHSEARKYAAGR*,1
v1_PLS_cc133075957a5c52b47b53d0593b6d423428793b1715ffd20a87aa756684d354,FALSE,GCA_902839195.1_TA059_genomic,MRKLSENEIKQISGGDGNDGQAELISIGSLAGTFISPGFGSIAGAYIGDKVHSWATTATVSPSMSPSGIGLSSQFGSGRCTSSASSSAGSGN*,1
v1_PLS_cc133075957a5c52b47b53d0593b6d423428793b1715ffd20a87aa756684d354,FALSE,GCA_902840495.1_TA361_genomic,MRKLSENEIKQISGGDGNDGQAELISIGSLAGTFISPGFGSIAGAYIGDKVHSWATTATVSPSMSPSGIGLSSQFGSGRCTSSASSSAGSGN*,1
v1_PLS_cc133075957a5c52b47b53d0593b6d423428793b1715ffd20a87aa756684d354,FALSE,GCA_902840795.1_TA085_genomic,MRKLSENEIKQISGGDGNDGQAELISIGSLAGTFISPGFGSIAGAYIGDKVHSWATTATVSPSMSPSGIGLSSQFGSGRCTSSASSSAGSGN*,1
v1_PLS_cc133075957a5c52b47b53d0593b6d423428793b1715ffd20a87aa756684d354,FALSE,GCA_902841045.1_B1761_genomic,MRKLSENEIKQISGGDGNDGQAELISIGSLAGTFISPGFGSIAGAYIGDKVHSWATTATVSPSMSPSGIGLSSQFGSGRCTSSASSSAGSGN*,1
v1_PLS_cc133075957a5c52b47b53d0593b6d423428793b1715ffd20a87aa756684d354,FALSE,GCA_902841435.1_44_4_Ti15_genomic,MRKLSENEIKQISGGDGNDGQAELISIGSLAGTFISPGFGSIAGAYIGDKVHSWATTATVSPSMSPSGIGLSSQFGSGRCTSSASSSAGSGN*,1
v1_PLS_cc133075957a5c52b47b53d0593b6d423428793b1715ffd20a87aa756684d354,FALSE,GCA_902842435.1_M540_genomic,MRKLSENEIKQISGGDGNDGQAELISIGSLAGTFISPGFGSIAGAYIGDKVHSWATTATVSPSMSPSGIGLSSQFGSGRCTSSASSSAGSGN*,1
v1_PLS_cc133075957a5c52b47b53d0593b6d423428793b1715ffd20a87aa756684d354,FALSE,GCA_902844305.1_44_1_Ti4_genomic,MRKLSENEIKQISGGDGNDGQAELISIGSLAGTFISPGFGSIAGAYIGDKVHSWATTATVSPSMSPSGIGLSSQFGSGRCTSSASSSAGSGN*,1
v1_PLS_cc133075957a5c52b47b53d0593b6d423428793b1715ffd20a87aa756684d354,FALSE,GCA_902845075.1_E9693_genomic,MRKLSENEIKQISGGDGNDGQAELISIGSLAGTFISPGFGSIAGAYIGDKVHSWATTATVSPSMSPSGIGLSSQFGSGRCTSSASSSAGSGN*,1
v1_PLS_cc133075957a5c52b47b53d0593b6d423428793b1715ffd20a87aa756684d354,FALSE,GCA_902846155.1_44_2_Ti11_genomic,MRKLSENEIKQISGGDGNDGQAELISIGSLAGTFISPGFGSIAGAYIGDKVHSWATTATVSPSMSPSGIGLSSQFGSGRCTSSASSSAGSGN*,1
v1_PLS_cc133075957a5c52b47b53d0593b6d423428793b1715ffd20a87aa756684d354,FALSE,GCA_902849075.1_B271_genomic,MRKLSENEIKQISGGDGNDGQAELISIGSLAGTFISPGFGSIAGAYIGDKVHSWATTATVSPSMSPSGIGLSSQFGSGRCTSSASSSAGSGN*,1
v1_PLS_daea82f5f7fd6068c66ad0594988e41b230b1e8a89c7a16228c69f8d790ea8ef,FALSE,GCA_902842735.1_W3_17_genomic,MRTLTLNELYSVSGGASGRDIAMAIGTLSGQFVAGGIGAAAGGVAGGAIYDYASTHKPNPAMSPSGLGGTIKQKPEGIPSEAWNYAAGRLCNWSPNNLSDVCL*,1
v1_PLS_db490abaa1226bcadb3363823b8bfc07164af25447d4917c0c97bb143a670e20,FALSE,GCA_902840495.1_TA361_genomic,MGFERFWSGQAGKTEVKYDGVYMREITESQLRYISGAGGAPATSANAAGAAAIVGALAGIPGGPLGVVVGAVSAGLTTAIGSTVGSGSASSSAGGGS*,1
v1_PLS_db490abaa1226bcadb3363823b8bfc07164af25447d4917c0c97bb143a670e20,FALSE,GCA_902840795.1_TA085_genomic,MGFERFWSGQAGKTEVKYDGVYMREITESQLRYISGAGGAPATSANAAGAAAIVGALAGIPGGPLGVVVGAVSAGLTTAIGSTVGSGSASSSAGGGS*,1
v1_PLS_db490abaa1226bcadb3363823b8bfc07164af25447d4917c0c97bb143a670e20,FALSE,GCA_902842745.1_E5633_genomic,MGFERFWSGQAGKTEVKYDGVYMREITESQLRYISGAGGAPATSANAAGAAAIVGALAGIPGGPLGVVVGAVSAGLTTAIGSTVGSGSASSSAGGGS*,1
v1_PLS_db490abaa1226bcadb3363823b8bfc07164af25447d4917c0c97bb143a670e20,FALSE,GCA_902844105.1_H625_genomic,MGFERFWSGQAGKTEVKYDGVYMREITESQLRYISGAGGAPATSANAAGAAAIVGALAGIPGGPLGVVVGAVSAGLTTAIGSTVGSGSASSSAGGGS*,1
v1_PLS_db490abaa1226bcadb3363823b8bfc07164af25447d4917c0c97bb143a670e20,FALSE,GCA_902846155.1_44_2_Ti11_genomic,MGFERFWSGQAGKTEVKYDGVYMREITESQLRYISGAGGAPATSANAAGAAAIVGALAGIPGGPLGVVVGAVSAGLTTAIGSTVGSGSASSSAGGGS*,1
v1_PLS_db490abaa1226bcadb3363823b8bfc07164af25447d4917c0c97bb143a670e20,FALSE,GCA_902846895.1_E3466_genomic,MGFERFWSGQAGKTEVKYDGVYMREITESQLRYISGAGGAPATSANAAGAAAIVGALAGIPGGPLGVVVGAVSAGLTTAIGSTVGSGSASSSAGGGS*,1
v1_PLS_db490abaa1226bcadb3363823b8bfc07164af25447d4917c0c97bb143a670e20,FALSE,GCA_902849625.1_2H_434_21_genomic,MGFERFWSGQAGKTEVKYDGVYMREITESQLRYISGAGGAPATSANAAGAAAIVGALAGIPGGPLGVVVGAVSAGLTTAIGSTVGSGSASSSAGGGS*,1
v1_PLS_db490abaa1226bcadb3363823b8bfc07164af25447d4917c0c97bb143a670e20,FALSE,GCA_902858915.1_26_AU_GLYBX_genomic,MGFERFWSGQAGKTEVKYDGVYMREITESQLRYISGAGGAPATSANAAGAAAIVGALAGIPGGPLGVVVGAVSAGLTTAIGSTVGSGSASSSAGGGS*,1
v1_PLS_de27c589a4c879986b0330dd9dd3f5b765d364ea729eeee0337d8fa637568b51,FALSE,GCA_902844505.1_H1508309_genomic,MTNIRELSFDEIALVSGGNANSNYEGGGSRNSNSGARNSLGRNAPTHIYSDPSTVQCANAVFSGMVGGAIKGGPVGMARGTIGGAVIGQCLSGGGNGNGGGNRAGSSNCSGSNVGGTCSR*,1
v1_PLS_de96e29cece26b47e06a234690c458d6adb95e14e076461656ddbbc01996c4fc,FALSE,GCA_902839005.1_60_1_Ti1_genomic,MREISDHMLDFVKGGMNLNGLPSSTNVIDLRGKDMGTYIDANGACWAPDTPSIIMYPGEDGPSYSISSSTSSANSGS*,1
v1_PLS_ded628ae514713e898f5af8e2db700960f4b87f49743450619038ae1b9a15092,FALSE,GCA_902838825.1_M1020_genomic,MAGIRELTLDEITLVSGGNANSNFEGGPRNERSSGARNSLGRNAPTHIYSDPSTVKCANAVFSGMIGGAIKGGPIGMARGTIGGAVVGQCLSDHGSGNGCGNRGSSSSCSGNNVGGTCNR*,1
v1_PLS_ded628ae514713e898f5af8e2db700960f4b87f49743450619038ae1b9a15092,FALSE,GCA_902839255.1_H331_genomic,MAGIRELTLDEITLVSGGNANSNFEGGPRNERSSGARNSLGRNAPTHIYSDPSTVKCANAVFSGMIGGAIKGGPIGMARGTIGGAVVGQCLSDHGSGNGCGNRGSSSSCSGNNVGGTCNR*,1
v1_PLS_ded628ae514713e898f5af8e2db700960f4b87f49743450619038ae1b9a15092,FALSE,GCA_902840735.1_H1512653_2_genomic,MAGIRELTLDEITLVSGGNANSNFEGGPRNERSSGARNSLGRNAPTHIYSDPSTVKCANAVFSGMIGGAIKGGPIGMARGTIGGAVVGQCLSDHGSGNGCGNRGSSSSCSGNNVGGTCNR*,1
v1_PLS_ded628ae514713e898f5af8e2db700960f4b87f49743450619038ae1b9a15092,FALSE,GCA_902841225.1_W1_36_genomic,MAGIRELTLDEITLVSGGNANSNFEGGPRNERSSGARNSLGRNAPTHIYSDPSTVKCANAVFSGMIGGAIKGGPIGMARGTIGGAVVGQCLSDHGSGNGCGNRGSSSSCSGNNVGGTCNR*,1
v1_PLS_ded628ae514713e898f5af8e2db700960f4b87f49743450619038ae1b9a15092,FALSE,GCA_902844275.1_DMG_2015_G1_genomic,MAGIRELTLDEITLVSGGNANSNFEGGPRNERSSGARNSLGRNAPTHIYSDPSTVKCANAVFSGMIGGAIKGGPIGMARGTIGGAVVGQCLSDHGSGNGCGNRGSSSSCSGNNVGGTCNR*,1
v1_PLS_ded628ae514713e898f5af8e2db700960f4b87f49743450619038ae1b9a15092,FALSE,GCA_902844335.1_DMG_2015_G3_genomic,MAGIRELTLDEITLVSGGNANSNFEGGPRNERSSGARNSLGRNAPTHIYSDPSTVKCANAVFSGMIGGAIKGGPIGMARGTIGGAVVGQCLSDHGSGNGCGNRGSSSSCSGNNVGGTCNR*,1
v1_PLS_ded628ae514713e898f5af8e2db700960f4b87f49743450619038ae1b9a15092,FALSE,GCA_902845575.1_A3_74_genomic,MAGIRELTLDEITLVSGGNANSNFEGGPRNERSSGARNSLGRNAPTHIYSDPSTVKCANAVFSGMIGGAIKGGPIGMARGTIGGAVVGQCLSDHGSGNGCGNRGSSSSCSGNNVGGTCNR*,1
v1_PLS_ded628ae514713e898f5af8e2db700960f4b87f49743450619038ae1b9a15092,FALSE,GCA_902846865.1_DMG_2015_G2_genomic,MAGIRELTLDEITLVSGGNANSNFEGGPRNERSSGARNSLGRNAPTHIYSDPSTVKCANAVFSGMIGGAIKGGPIGMARGTIGGAVVGQCLSDHGSGNGCGNRGSSSSCSGNNVGGTCNR*,1
v1_PLS_ded628ae514713e898f5af8e2db700960f4b87f49743450619038ae1b9a15092,FALSE,GCA_902847225.1_C4_36_genomic,MAGIRELTLDEITLVSGGNANSNFEGGPRNERSSGARNSLGRNAPTHIYSDPSTVKCANAVFSGMIGGAIKGGPIGMARGTIGGAVVGQCLSDHGSGNGCGNRGSSSSCSGNNVGGTCNR*,1
v1_PLS_ded628ae514713e898f5af8e2db700960f4b87f49743450619038ae1b9a15092,FALSE,GCA_902848825.1_A1_32_genomic,MAGIRELTLDEITLVSGGNANSNFEGGPRNERSSGARNSLGRNAPTHIYSDPSTVKCANAVFSGMIGGAIKGGPIGMARGTIGGAVVGQCLSDHGSGNGCGNRGSSSSCSGNNVGGTCNR*,1
v1_PLS_e4c44dd64cabab423c7762d11b6fafd839a0ebab495eceaa9ba8de3a1514c759,FALSE,GCA_902837665.1_POSS_77_genomic,MGFEGFWSGQAGKTEVKYDGVYMREITESQLRYISGAGGAPATSANAAGAAAIVGALAGIPGGPLGVVVGAVSAGLTTAIGSTVGSGSASSSAGGGS*,1
v1_PLS_e4c44dd64cabab423c7762d11b6fafd839a0ebab495eceaa9ba8de3a1514c759,FALSE,GCA_902838695.1_POSS_67_genomic,MGFEGFWSGQAGKTEVKYDGVYMREITESQLRYISGAGGAPATSANAAGAAAIVGALAGIPGGPLGVVVGAVSAGLTTAIGSTVGSGSASSSAGGGS*,1
v1_PLS_e4c44dd64cabab423c7762d11b6fafd839a0ebab495eceaa9ba8de3a1514c759,FALSE,GCA_902838815.1_POSS_71_genomic,MGFEGFWSGQAGKTEVKYDGVYMREITESQLRYISGAGGAPATSANAAGAAAIVGALAGIPGGPLGVVVGAVSAGLTTAIGSTVGSGSASSSAGGGS*,1
v1_PLS_e4c44dd64cabab423c7762d11b6fafd839a0ebab495eceaa9ba8de3a1514c759,FALSE,GCA_902839235.1_48_5_R19_genomic,MGFEGFWSGQAGKTEVKYDGVYMREITESQLRYISGAGGAPATSANAAGAAAIVGALAGIPGGPLGVVVGAVSAGLTTAIGSTVGSGSASSSAGGGS*,1
v1_PLS_e4c44dd64cabab423c7762d11b6fafd839a0ebab495eceaa9ba8de3a1514c759,FALSE,GCA_902839665.1_TA209_genomic,MGFEGFWSGQAGKTEVKYDGVYMREITESQLRYISGAGGAPATSANAAGAAAIVGALAGIPGGPLGVVVGAVSAGLTTAIGSTVGSGSASSSAGGGS*,1
v1_PLS_e4c44dd64cabab423c7762d11b6fafd839a0ebab495eceaa9ba8de3a1514c759,FALSE,GCA_902839675.1_POSS_70_genomic,MGFEGFWSGQAGKTEVKYDGVYMREITESQLRYISGAGGAPATSANAAGAAAIVGALAGIPGGPLGVVVGAVSAGLTTAIGSTVGSGSASSSAGGGS*,1
v1_PLS_e4c44dd64cabab423c7762d11b6fafd839a0ebab495eceaa9ba8de3a1514c759,FALSE,GCA_902841355.1_B1708_genomic,MGFEGFWSGQAGKTEVKYDGVYMREITESQLRYISGAGGAPATSANAAGAAAIVGALAGIPGGPLGVVVGAVSAGLTTAIGSTVGSGSASSSAGGGS*,1
v1_PLS_e4c44dd64cabab423c7762d11b6fafd839a0ebab495eceaa9ba8de3a1514c759,FALSE,GCA_902841775.1_20_5_R7_genomic,MGFEGFWSGQAGKTEVKYDGVYMREITESQLRYISGAGGAPATSANAAGAAAIVGALAGIPGGPLGVVVGAVSAGLTTAIGSTVGSGSASSSAGGGS*,1
v1_PLS_e4c44dd64cabab423c7762d11b6fafd839a0ebab495eceaa9ba8de3a1514c759,FALSE,GCA_902843465.1_POSS_88_genomic,MGFEGFWSGQAGKTEVKYDGVYMREITESQLRYISGAGGAPATSANAAGAAAIVGALAGIPGGPLGVVVGAVSAGLTTAIGSTVGSGSASSSAGGGS*,1
v1_PLS_e4c44dd64cabab423c7762d11b6fafd839a0ebab495eceaa9ba8de3a1514c759,FALSE,GCA_902843805.1_35_MA_AUDC_genomic,MGFEGFWSGQAGKTEVKYDGVYMREITESQLRYISGAGGAPATSANAAGAAAIVGALAGIPGGPLGVVVGAVSAGLTTAIGSTVGSGSASSSAGGGS*,1
v1_PLS_e4c44dd64cabab423c7762d11b6fafd839a0ebab495eceaa9ba8de3a1514c759,FALSE,GCA_902843885.1_23_3_Ti9_genomic,MGFEGFWSGQAGKTEVKYDGVYMREITESQLRYISGAGGAPATSANAAGAAAIVGALAGIPGGPLGVVVGAVSAGLTTAIGSTVGSGSASSSAGGGS*,1
v1_PLS_e4c44dd64cabab423c7762d11b6fafd839a0ebab495eceaa9ba8de3a1514c759,FALSE,GCA_902844285.1_23_1_TC4_genomic,MGFEGFWSGQAGKTEVKYDGVYMREITESQLRYISGAGGAPATSANAAGAAAIVGALAGIPGGPLGVVVGAVSAGLTTAIGSTVGSGSASSSAGGGS*,1
v1_PLS_e4c44dd64cabab423c7762d11b6fafd839a0ebab495eceaa9ba8de3a1514c759,FALSE,GCA_902844575.1_23_4_R13_genomic,MGFEGFWSGQAGKTEVKYDGVYMREITESQLRYISGAGGAPATSANAAGAAAIVGALAGIPGGPLGVVVGAVSAGLTTAIGSTVGSGSASSSAGGGS*,1
v1_PLS_e4c44dd64cabab423c7762d11b6fafd839a0ebab495eceaa9ba8de3a1514c759,FALSE,GCA_902845515.1_21_2_C8_genomic,MGFEGFWSGQAGKTEVKYDGVYMREITESQLRYISGAGGAPATSANAAGAAAIVGALAGIPGGPLGVVVGAVSAGLTTAIGSTVGSGSASSSAGGGS*,1
v1_PLS_e4c44dd64cabab423c7762d11b6fafd839a0ebab495eceaa9ba8de3a1514c759,FALSE,GCA_902845595.1_POSS_78_genomic,MGFEGFWSGQAGKTEVKYDGVYMREITESQLRYISGAGGAPATSANAAGAAAIVGALAGIPGGPLGVVVGAVSAGLTTAIGSTVGSGSASSSAGGGS*,1
v1_PLS_e4c44dd64cabab423c7762d11b6fafd839a0ebab495eceaa9ba8de3a1514c759,FALSE,GCA_902846335.1_23_2_AC12_genomic,MGFEGFWSGQAGKTEVKYDGVYMREITESQLRYISGAGGAPATSANAAGAAAIVGALAGIPGGPLGVVVGAVSAGLTTAIGSTVGSGSASSSAGGGS*,1
v1_PLS_e4c44dd64cabab423c7762d11b6fafd839a0ebab495eceaa9ba8de3a1514c759,FALSE,GCA_902847335.1_23_2_Ti8_genomic,MGFEGFWSGQAGKTEVKYDGVYMREITESQLRYISGAGGAPATSANAAGAAAIVGALAGIPGGPLGVVVGAVSAGLTTAIGSTVGSGSASSSAGGGS*,1
v1_PLS_eb0298ed86a5f477a05b320152a4efdb3a74c55416ccf28663607dc3511ffc8c,FALSE,GCA_902849985.1_C2_117_genomic,MRTLTLNELDSVSGGASGRDIAMAIGTLSGQFVAGGIGAAAGGVAGGAIYDYA,1
v1_PLS_eda30af827adb285280078dc49b30272cda8c651fda1e70a1755690bbd3a8813,FALSE,GCA_902849275.1_C2_100_genomic,FITCGYIFIVVVKREFLLLHKSYSEGVEMRKLSENEIKQISGGDGNDGQAELIAIGSLAGTFISPGFGSIAGAYIGDKVHSWATTATVSPSMSPSGIGLSSQFGSGRGTSSASSSAGSGS*,1
v1_PLS_ee68b89d299aabd3e9fad134ea2c390a8abaff596fd979753727ca846c87c797,FALSE,GCA_902844305.1_44_1_Ti4_genomic,MREISDNMLDSVKGGMNLNGLPASTNVIDLRGKDMGTYIDANGACWAPDTPSIIMYPGGSGPSYSMSSSISSANSGS*,1
v1_PLS_ee68b89d299aabd3e9fad134ea2c390a8abaff596fd979753727ca846c87c797,FALSE,GCA_902846155.1_44_2_Ti11_genomic,MREISDNMLDSVKGGMNLNGLPASTNVIDLRGKDMGTYIDANGACWAPDTPSIIMYPGGSGPSYSMSSSISSANSGS*,1
v1_PLS_f023a3e09cddc0f31fea8bcbba5cca016d488f4c338a149c9d3ae683bee53330,TRUE,GCA_902837665.1_POSS_77_genomic,MRKLSENEIKQISGGDGNDGQAELIAIGSLAGTFISPGFGSIAGAYIGDKVHSWATTATVSPSMSPSGIGLSSQFGSGRGTSSASSSAGSGS*,1
v1_PLS_f023a3e09cddc0f31fea8bcbba5cca016d488f4c338a149c9d3ae683bee53330,TRUE,GCA_902837805.1_48_1_R18_genomic,MRKLSENEIKQISGGDGNDGQAELIAIGSLAGTFISPGFGSIAGAYIGDKVHSWATTATVSPSMSPSGIGLSSQFGSGRGTSSASSSAGSGS*,1
v1_PLS_f023a3e09cddc0f31fea8bcbba5cca016d488f4c338a149c9d3ae683bee53330,TRUE,GCA_902837855.1_62_1_Ti3_genomic,MRKLSENEIKQISGGDGNDGQAELIAIGSLAGTFISPGFGSIAGAYIGDKVHSWATTATVSPSMSPSGIGLSSQFGSGRGTSSASSSAGSGS*,1
v1_PLS_f023a3e09cddc0f31fea8bcbba5cca016d488f4c338a149c9d3ae683bee53330,TRUE,GCA_902838695.1_POSS_67_genomic,MRKLSENEIKQISGGDGNDGQAELIAIGSLAGTFISPGFGSIAGAYIGDKVHSWATTATVSPSMSPSGIGLSSQFGSGRGTSSASSSAGSGS*,1
v1_PLS_f023a3e09cddc0f31fea8bcbba5cca016d488f4c338a149c9d3ae683bee53330,TRUE,GCA_902838805.1_POSS_24_genomic,MRKLSENEIKQISGGDGNDGQAELIAIGSLAGTFISPGFGSIAGAYIGDKVHSWATTATVSPSMSPSGIGLSSQFGSGRGTSSASSSAGSGS*,1
v1_PLS_f023a3e09cddc0f31fea8bcbba5cca016d488f4c338a149c9d3ae683bee53330,TRUE,GCA_902838935.1_POSS_84_genomic,MRKLSENEIKQISGGDGNDGQAELIAIGSLAGTFISPGFGSIAGAYIGDKVHSWATTATVSPSMSPSGIGLSSQFGSGRGTSSASSSAGSGS*,1
v1_PLS_f023a3e09cddc0f31fea8bcbba5cca016d488f4c338a149c9d3ae683bee53330,TRUE,GCA_902839235.1_48_5_R19_genomic,MRKLSENEIKQISGGDGNDGQAELIAIGSLAGTFISPGFGSIAGAYIGDKVHSWATTATVSPSMSPSGIGLSSQFGSGRGTSSASSSAGSGS*,1
v1_PLS_f023a3e09cddc0f31fea8bcbba5cca016d488f4c338a149c9d3ae683bee53330,TRUE,GCA_902839435.1_H020_genomic,MRKLSENEIKQISGGDGNDGQAELIAIGSLAGTFISPGFGSIAGAYIGDKVHSWATTATVSPSMSPSGIGLSSQFGSGRGTSSASSSAGSGS*,1
v1_PLS_f023a3e09cddc0f31fea8bcbba5cca016d488f4c338a149c9d3ae683bee53330,TRUE,GCA_902839665.1_TA209_genomic,MRKLSENEIKQISGGDGNDGQAELIAIGSLAGTFISPGFGSIAGAYIGDKVHSWATTATVSPSMSPSGIGLSSQFGSGRGTSSASSSAGSGS*,1
v1_PLS_f023a3e09cddc0f31fea8bcbba5cca016d488f4c338a149c9d3ae683bee53330,TRUE,GCA_902839675.1_POSS_70_genomic,MRKLSENEIKQISGGDGNDGQAELIAIGSLAGTFISPGFGSIAGAYIGDKVHSWATTATVSPSMSPSGIGLSSQFGSGRGTSSASSSAGSGS*,1
v1_PLS_f023a3e09cddc0f31fea8bcbba5cca016d488f4c338a149c9d3ae683bee53330,TRUE,GCA_902840075.1_E2038_genomic,MRKLSENEIKQISGGDGNDGQAELIAIGSLAGTFISPGFGSIAGAYIGDKVHSWATTATVSPSMSPSGIGLSSQFGSGRGTSSASSSAGSGS*,1
v1_PLS_f023a3e09cddc0f31fea8bcbba5cca016d488f4c338a149c9d3ae683bee53330,TRUE,GCA_902840385.1_TA448_genomic,MRKLSENEIKQISGGDGNDGQAELIAIGSLAGTFISPGFGSIAGAYIGDKVHSWATTATVSPSMSPSGIGLSSQFGSGRGTSSASSSAGSGS*,1
v1_PLS_f023a3e09cddc0f31fea8bcbba5cca016d488f4c338a149c9d3ae683bee53330,TRUE,GCA_902841355.1_B1708_genomic,MRKLSENEIKQISGGDGNDGQAELIAIGSLAGTFISPGFGSIAGAYIGDKVHSWATTATVSPSMSPSGIGLSSQFGSGRGTSSASSSAGSGS*,1
v1_PLS_f023a3e09cddc0f31fea8bcbba5cca016d488f4c338a149c9d3ae683bee53330,TRUE,GCA_902843455.1_E2549_genomic,MRKLSENEIKQISGGDGNDGQAELIAIGSLAGTFISPGFGSIAGAYIGDKVHSWATTATVSPSMSPSGIGLSSQFGSGRGTSSASSSAGSGS*,1
v1_PLS_f023a3e09cddc0f31fea8bcbba5cca016d488f4c338a149c9d3ae683bee53330,TRUE,GCA_902843885.1_23_3_Ti9_genomic,MRKLSENEIKQISGGDGNDGQAELIAIGSLAGTFISPGFGSIAGAYIGDKVHSWATTATVSPSMSPSGIGLSSQFGSGRGTSSASSSAGSGS*,1
v1_PLS_f023a3e09cddc0f31fea8bcbba5cca016d488f4c338a149c9d3ae683bee53330,TRUE,GCA_902844285.1_23_1_TC4_genomic,MRKLSENEIKQISGGDGNDGQAELIAIGSLAGTFISPGFGSIAGAYIGDKVHSWATTATVSPSMSPSGIGLSSQFGSGRGTSSASSSAGSGS*,1
v1_PLS_f023a3e09cddc0f31fea8bcbba5cca016d488f4c338a149c9d3ae683bee53330,TRUE,GCA_902844575.1_23_4_R13_genomic,MRKLSENEIKQISGGDGNDGQAELIAIGSLAGTFISPGFGSIAGAYIGDKVHSWATTATVSPSMSPSGIGLSSQFGSGRGTSSASSSAGSGS*,1
v1_PLS_f023a3e09cddc0f31fea8bcbba5cca016d488f4c338a149c9d3ae683bee53330,TRUE,GCA_902844665.1_21_1_TC7_genomic,MRKLSENEIKQISGGDGNDGQAELIAIGSLAGTFISPGFGSIAGAYIGDKVHSWATTATVSPSMSPSGIGLSSQFGSGRGTSSASSSAGSGS*,1
v1_PLS_f023a3e09cddc0f31fea8bcbba5cca016d488f4c338a149c9d3ae683bee53330,TRUE,GCA_902845375.1_63_2_TC7_genomic,MRKLSENEIKQISGGDGNDGQAELIAIGSLAGTFISPGFGSIAGAYIGDKVHSWATTATVSPSMSPSGIGLSSQFGSGRGTSSASSSAGSGS*,1
v1_PLS_f023a3e09cddc0f31fea8bcbba5cca016d488f4c338a149c9d3ae683bee53330,TRUE,GCA_902846325.1_B1704_genomic,MRKLSENEIKQISGGDGNDGQAELIAIGSLAGTFISPGFGSIAGAYIGDKVHSWATTATVSPSMSPSGIGLSSQFGSGRGTSSASSSAGSGS*,1
v1_PLS_f023a3e09cddc0f31fea8bcbba5cca016d488f4c338a149c9d3ae683bee53330,TRUE,GCA_902846335.1_23_2_AC12_genomic,MRKLSENEIKQISGGDGNDGQAELIAIGSLAGTFISPGFGSIAGAYIGDKVHSWATTATVSPSMSPSGIGLSSQFGSGRGTSSASSSAGSGS*,1
v1_PLS_f023a3e09cddc0f31fea8bcbba5cca016d488f4c338a149c9d3ae683bee53330,TRUE,GCA_902847185.1_2_1_P20_genomic,MRKLSENEIKQISGGDGNDGQAELIAIGSLAGTFISPGFGSIAGAYIGDKVHSWATTATVSPSMSPSGIGLSSQFGSGRGTSSASSSAGSGS*,1
v1_PLS_f023a3e09cddc0f31fea8bcbba5cca016d488f4c338a149c9d3ae683bee53330,TRUE,GCA_902847335.1_23_2_Ti8_genomic,MRKLSENEIKQISGGDGNDGQAELIAIGSLAGTFISPGFGSIAGAYIGDKVHSWATTATVSPSMSPSGIGLSSQFGSGRGTSSASSSAGSGS*,1
v1_PLS_f023a3e09cddc0f31fea8bcbba5cca016d488f4c338a149c9d3ae683bee53330,TRUE,GCA_902849345.1_C2_102_genomic,MRKLSENEIKQISGGDGNDGQAELIAIGSLAGTFISPGFGSIAGAYIGDKVHSWATTATVSPSMSPSGIGLSSQFGSGRGTSSASSSAGSGS*,1
v1_PLS_f023a3e09cddc0f31fea8bcbba5cca016d488f4c338a149c9d3ae683bee53330,TRUE,GCA_902849625.1_2H_434_21_genomic,MRKLSENEIKQISGGDGNDGQAELIAIGSLAGTFISPGFGSIAGAYIGDKVHSWATTATVSPSMSPSGIGLSSQFGSGRGTSSASSSAGSGS*,1
v1_PLS_f023a3e09cddc0f31fea8bcbba5cca016d488f4c338a149c9d3ae683bee53330,TRUE,GCA_902849875.1_POSS_76_genomic,MRKLSENEIKQISGGDGNDGQAELIAIGSLAGTFISPGFGSIAGAYIGDKVHSWATTATVSPSMSPSGIGLSSQFGSGRGTSSASSSAGSGS*,1
v1_PLS_f023a3e09cddc0f31fea8bcbba5cca016d488f4c338a149c9d3ae683bee53330,TRUE,GCA_902858965.1_CD_29_IM6_genomic,MRKLSENEIKQISGGDGNDGQAELIAIGSLAGTFISPGFGSIAGAYIGDKVHSWATTATVSPSMSPSGIGLSSQFGSGRGTSSASSSAGSGS*,1
v1_PLS_f0ad2eea4fa12fd340a88d534a50c8a8b38710bebdcf5498f506814375b7664e,FALSE,GCA_902842095.1_W4_32_genomic,MREISDHMLDFVKGGMNLNGLPSSTNVIDLRGKDMGTYIDANGACWAPGTPSIIMYPGGSGPSYSMSSSTSSANSGS*,1
v1_PLS_f0ad2eea4fa12fd340a88d534a50c8a8b38710bebdcf5498f506814375b7664e,FALSE,GCA_902843975.1_29_1_DC3_genomic,MREISDHMLDFVKGGMNLNGLPSSTNVIDLRGKDMGTYIDANGACWAPGTPSIIMYPGGSGPSYSMSSSTSSANSGS*,1
v1_PLS_f0ad2eea4fa12fd340a88d534a50c8a8b38710bebdcf5498f506814375b7664e,FALSE,GCA_902845415.1_29_4_DC8_genomic,MREISDHMLDFVKGGMNLNGLPSSTNVIDLRGKDMGTYIDANGACWAPGTPSIIMYPGGSGPSYSMSSSTSSANSGS*,1
v1_PLS_f0ad2eea4fa12fd340a88d534a50c8a8b38710bebdcf5498f506814375b7664e,FALSE,GCA_902847225.1_C4_36_genomic,MREISDHMLDFVKGGMNLNGLPSSTNVIDLRGKDMGTYIDANGACWAPGTPSIIMYPGGSGPSYSMSSSTSSANSGS*,1
v1_PLS_f0ad2eea4fa12fd340a88d534a50c8a8b38710bebdcf5498f506814375b7664e,FALSE,GCA_902848915.1_C1_119_genomic,MREISDHMLDFVKGGMNLNGLPSSTNVIDLRGKDMGTYIDANGACWAPGTPSIIMYPGGSGPSYSMSSSTSSANSGS*,1
v1_PLS_f18c2a168ec8cf58fed82bd5509d9155c8d25ba01d6e402f29f9fd932f29404a,FALSE,GCA_902845375.1_63_2_TC7_genomic,MGFERFWSGQAGKTKVKYDGVYMREITESQLRYISGAGGAPATSANAAGAAAIVGALAGIPGGPLGVVVGAVSAGLTTAIGSTVGSGSASSSAGGGS*,1
v1_PLS_f254fc2b07111c0aec8bf9314bf2d86f64c545ce5d23c122045348742ccd00f7,FALSE,GCA_902850135.1_C4_89_genomic,MRKLSENEIKQISGGDGNDGQAELIAIGSLAGTFISPGFGSIAGAYIGDKVHSWATTATVSLDWPPE,1
v1_PLS_f392bb3b8a52ae1c01e3800e48dc8548c28c11f0d3afde67f4fdecf4840c17c8,FALSE,GCA_902848205.1_B1850_genomic,IYDYASTHKPNPAMSPSGLGGTIKQKPEGIPSEAWNYAAGRLCNWSPNNLSDVCL*,1
v1_PLS_f46b02a1bfa1c3d276b482deec9926ec13d8dc5b8b8eceeea84e4fda83be41e6,TRUE,GCA_902837565.1_W3_35_genomic,MRTLTLNELDSVSGGASGRDIAMAIGTLSGQFVAGGIGAAAGGVAGGAIYDYASTHKPNPAMSPSGLGGTIKQKPEGIPSEAWNYAAGRLCNWSPNNLSDVCL*,1
v1_PLS_f46b02a1bfa1c3d276b482deec9926ec13d8dc5b8b8eceeea84e4fda83be41e6,TRUE,GCA_902837635.1_H365_genomic,MRTLTLNELDSVSGGASGRDIAMAIGTLSGQFVAGGIGAAAGGVAGGAIYDYASTHKPNPAMSPSGLGGTIKQKPEGIPSEAWNYAAGRLCNWSPNNLSDVCL*,1
v1_PLS_f46b02a1bfa1c3d276b482deec9926ec13d8dc5b8b8eceeea84e4fda83be41e6,TRUE,GCA_902837645.1_H434_genomic,MRTLTLNELDSVSGGASGRDIAMAIGTLSGQFVAGGIGAAAGGVAGGAIYDYASTHKPNPAMSPSGLGGTIKQKPEGIPSEAWNYAAGRLCNWSPNNLSDVCL*,1
v1_PLS_f46b02a1bfa1c3d276b482deec9926ec13d8dc5b8b8eceeea84e4fda83be41e6,TRUE,GCA_902837655.1_E7615_genomic,MRTLTLNELDSVSGGASGRDIAMAIGTLSGQFVAGGIGAAAGGVAGGAIYDYASTHKPNPAMSPSGLGGTIKQKPEGIPSEAWNYAAGRLCNWSPNNLSDVCL*,1
v1_PLS_f46b02a1bfa1c3d276b482deec9926ec13d8dc5b8b8eceeea84e4fda83be41e6,TRUE,GCA_902837755.1_H151_genomic,MRTLTLNELDSVSGGASGRDIAMAIGTLSGQFVAGGIGAAAGGVAGGAIYDYASTHKPNPAMSPSGLGGTIKQKPEGIPSEAWNYAAGRLCNWSPNNLSDVCL*,1
v1_PLS_f46b02a1bfa1c3d276b482deec9926ec13d8dc5b8b8eceeea84e4fda83be41e6,TRUE,GCA_902837775.1_BS45_genomic,MRTLTLNELDSVSGGASGRDIAMAIGTLSGQFVAGGIGAAAGGVAGGAIYDYASTHKPNPAMSPSGLGGTIKQKPEGIPSEAWNYAAGRLCNWSPNNLSDVCL*,1
v1_PLS_f46b02a1bfa1c3d276b482deec9926ec13d8dc5b8b8eceeea84e4fda83be41e6,TRUE,GCA_902837815.1_W2_47_genomic,MRTLTLNELDSVSGGASGRDIAMAIGTLSGQFVAGGIGAAAGGVAGGAIYDYASTHKPNPAMSPSGLGGTIKQKPEGIPSEAWNYAAGRLCNWSPNNLSDVCL*,1
v1_PLS_f46b02a1bfa1c3d276b482deec9926ec13d8dc5b8b8eceeea84e4fda83be41e6,TRUE,GCA_902837915.1_H154_genomic,MRTLTLNELDSVSGGASGRDIAMAIGTLSGQFVAGGIGAAAGGVAGGAIYDYASTHKPNPAMSPSGLGGTIKQKPEGIPSEAWNYAAGRLCNWSPNNLSDVCL*,1
v1_PLS_f46b02a1bfa1c3d276b482deec9926ec13d8dc5b8b8eceeea84e4fda83be41e6,TRUE,GCA_902837955.1_W2_50_genomic,MRTLTLNELDSVSGGASGRDIAMAIGTLSGQFVAGGIGAAAGGVAGGAIYDYASTHKPNPAMSPSGLGGTIKQKPEGIPSEAWNYAAGRLCNWSPNNLSDVCL*,1
v1_PLS_f46b02a1bfa1c3d276b482deec9926ec13d8dc5b8b8eceeea84e4fda83be41e6,TRUE,GCA_902838045.1_H062_genomic,MRTLTLNELDSVSGGASGRDIAMAIGTLSGQFVAGGIGAAAGGVAGGAIYDYASTHKPNPAMSPSGLGGTIKQKPEGIPSEAWNYAAGRLCNWSPNNLSDVCL*,1
v1_PLS_f46b02a1bfa1c3d276b482deec9926ec13d8dc5b8b8eceeea84e4fda83be41e6,TRUE,GCA_902838095.1_H358_genomic,MRTLTLNELDSVSGGASGRDIAMAIGTLSGQFVAGGIGAAAGGVAGGAIYDYASTHKPNPAMSPSGLGGTIKQKPEGIPSEAWNYAAGRLCNWSPNNLSDVCL*,1
v1_PLS_f46b02a1bfa1c3d276b482deec9926ec13d8dc5b8b8eceeea84e4fda83be41e6,TRUE,GCA_902838105.1_H083_genomic,MRTLTLNELDSVSGGASGRDIAMAIGTLSGQFVAGGIGAAAGGVAGGAIYDYASTHKPNPAMSPSGLGGTIKQKPEGIPSEAWNYAAGRLCNWSPNNLSDVCL*,1
v1_PLS_f46b02a1bfa1c3d276b482deec9926ec13d8dc5b8b8eceeea84e4fda83be41e6,TRUE,GCA_902838145.1_A3_5_genomic,MRTLTLNELDSVSGGASGRDIAMAIGTLSGQFVAGGIGAAAGGVAGGAIYDYASTHKPNPAMSPSGLGGTIKQKPEGIPSEAWNYAAGRLCNWSPNNLSDVCL*,1
v1_PLS_f46b02a1bfa1c3d276b482deec9926ec13d8dc5b8b8eceeea84e4fda83be41e6,TRUE,GCA_902838215.1_BS17_genomic,MRTLTLNELDSVSGGASGRDIAMAIGTLSGQFVAGGIGAAAGGVAGGAIYDYASTHKPNPAMSPSGLGGTIKQKPEGIPSEAWNYAAGRLCNWSPNNLSDVCL*,1
v1_PLS_f46b02a1bfa1c3d276b482deec9926ec13d8dc5b8b8eceeea84e4fda83be41e6,TRUE,GCA_902838265.1_W2_56_genomic,MRTLTLNELDSVSGGASGRDIAMAIGTLSGQFVAGGIGAAAGGVAGGAIYDYASTHKPNPAMSPSGLGGTIKQKPEGIPSEAWNYAAGRLCNWSPNNLSDVCL*,1
v1_PLS_f46b02a1bfa1c3d276b482deec9926ec13d8dc5b8b8eceeea84e4fda83be41e6,TRUE,GCA_902838355.1_W1_58_genomic,MRTLTLNELDSVSGGASGRDIAMAIGTLSGQFVAGGIGAAAGGVAGGAIYDYASTHKPNPAMSPSGLGGTIKQKPEGIPSEAWNYAAGRLCNWSPNNLSDVCL*,1
v1_PLS_f46b02a1bfa1c3d276b482deec9926ec13d8dc5b8b8eceeea84e4fda83be41e6,TRUE,GCA_902838425.1_H073_genomic,MRTLTLNELDSVSGGASGRDIAMAIGTLSGQFVAGGIGAAAGGVAGGAIYDYASTHKPNPAMSPSGLGGTIKQKPEGIPSEAWNYAAGRLCNWSPNNLSDVCL*,1
v1_PLS_f46b02a1bfa1c3d276b482deec9926ec13d8dc5b8b8eceeea84e4fda83be41e6,TRUE,GCA_902838445.1_M663475_genomic,MRTLTLNELDSVSGGASGRDIAMAIGTLSGQFVAGGIGAAAGGVAGGAIYDYASTHKPNPAMSPSGLGGTIKQKPEGIPSEAWNYAAGRLCNWSPNNLSDVCL*,1
v1_PLS_f46b02a1bfa1c3d276b482deec9926ec13d8dc5b8b8eceeea84e4fda83be41e6,TRUE,GCA_902838525.1_M671335_genomic,MRTLTLNELDSVSGGASGRDIAMAIGTLSGQFVAGGIGAAAGGVAGGAIYDYASTHKPNPAMSPSGLGGTIKQKPEGIPSEAWNYAAGRLCNWSPNNLSDVCL*,1
v1_PLS_f46b02a1bfa1c3d276b482deec9926ec13d8dc5b8b8eceeea84e4fda83be41e6,TRUE,GCA_902838535.1_B1866_genomic,MRTLTLNELDSVSGGASGRDIAMAIGTLSGQFVAGGIGAAAGGVAGGAIYDYASTHKPNPAMSPSGLGGTIKQKPEGIPSEAWNYAAGRLCNWSPNNLSDVCL*,1
v1_PLS_f46b02a1bfa1c3d276b482deec9926ec13d8dc5b8b8eceeea84e4fda83be41e6,TRUE,GCA_902838605.1_M664361_genomic,MRTLTLNELDSVSGGASGRDIAMAIGTLSGQFVAGGIGAAAGGVAGGAIYDYASTHKPNPAMSPSGLGGTIKQKPEGIPSEAWNYAAGRLCNWSPNNLSDVCL*,1
v1_PLS_f46b02a1bfa1c3d276b482deec9926ec13d8dc5b8b8eceeea84e4fda83be41e6,TRUE,GCA_902838655.1_M663940_genomic,MRTLTLNELDSVSGGASGRDIAMAIGTLSGQFVAGGIGAAAGGVAGGAIYDYASTHKPNPAMSPSGLGGTIKQKPEGIPSEAWNYAAGRLCNWSPNNLSDVCL*,1
v1_PLS_f46b02a1bfa1c3d276b482deec9926ec13d8dc5b8b8eceeea84e4fda83be41e6,TRUE,GCA_902838665.1_H246_genomic,MRTLTLNELDSVSGGASGRDIAMAIGTLSGQFVAGGIGAAAGGVAGGAIYDYASTHKPNPAMSPSGLGGTIKQKPEGIPSEAWNYAAGRLCNWSPNNLSDVCL*,1
v1_PLS_f46b02a1bfa1c3d276b482deec9926ec13d8dc5b8b8eceeea84e4fda83be41e6,TRUE,GCA_902838685.1_B1036_genomic,MRTLTLNELDSVSGGASGRDIAMAIGTLSGQFVAGGIGAAAGGVAGGAIYDYASTHKPNPAMSPSGLGGTIKQKPEGIPSEAWNYAAGRLCNWSPNNLSDVCL*,1
v1_PLS_f46b02a1bfa1c3d276b482deec9926ec13d8dc5b8b8eceeea84e4fda83be41e6,TRUE,GCA_902838705.1_62_2_Ti6b_genomic,MRTLTLNELDSVSGGASGRDIAMAIGTLSGQFVAGGIGAAAGGVAGGAIYDYASTHKPNPAMSPSGLGGTIKQKPEGIPSEAWNYAAGRLCNWSPNNLSDVCL*,1
v1_PLS_f46b02a1bfa1c3d276b482deec9926ec13d8dc5b8b8eceeea84e4fda83be41e6,TRUE,GCA_902838715.1_BS157_genomic,MRTLTLNELDSVSGGASGRDIAMAIGTLSGQFVAGGIGAAAGGVAGGAIYDYASTHKPNPAMSPSGLGGTIKQKPEGIPSEAWNYAAGRLCNWSPNNLSDVCL*,1
v1_PLS_f46b02a1bfa1c3d276b482deec9926ec13d8dc5b8b8eceeea84e4fda83be41e6,TRUE,GCA_902838765.1_BS117_genomic,MRTLTLNELDSVSGGASGRDIAMAIGTLSGQFVAGGIGAAAGGVAGGAIYDYASTHKPNPAMSPSGLGGTIKQKPEGIPSEAWNYAAGRLCNWSPNNLSDVCL*,1
v1_PLS_f46b02a1bfa1c3d276b482deec9926ec13d8dc5b8b8eceeea84e4fda83be41e6,TRUE,GCA_902838875.1_A3_17_genomic,MRTLTLNELDSVSGGASGRDIAMAIGTLSGQFVAGGIGAAAGGVAGGAIYDYASTHKPNPAMSPSGLGGTIKQKPEGIPSEAWNYAAGRLCNWSPNNLSDVCL*,1
v1_PLS_f46b02a1bfa1c3d276b482deec9926ec13d8dc5b8b8eceeea84e4fda83be41e6,TRUE,GCA_902838925.1_BS142_genomic,MRTLTLNELDSVSGGASGRDIAMAIGTLSGQFVAGGIGAAAGGVAGGAIYDYASTHKPNPAMSPSGLGGTIKQKPEGIPSEAWNYAAGRLCNWSPNNLSDVCL*,1
v1_PLS_f46b02a1bfa1c3d276b482deec9926ec13d8dc5b8b8eceeea84e4fda83be41e6,TRUE,GCA_902838975.1_M666694_genomic,MRTLTLNELDSVSGGASGRDIAMAIGTLSGQFVAGGIGAAAGGVAGGAIYDYASTHKPNPAMSPSGLGGTIKQKPEGIPSEAWNYAAGRLCNWSPNNLSDVCL*,1
v1_PLS_f46b02a1bfa1c3d276b482deec9926ec13d8dc5b8b8eceeea84e4fda83be41e6,TRUE,GCA_902838985.1_M710019_genomic,MRTLTLNELDSVSGGASGRDIAMAIGTLSGQFVAGGIGAAAGGVAGGAIYDYASTHKPNPAMSPSGLGGTIKQKPEGIPSEAWNYAAGRLCNWSPNNLSDVCL*,1
v1_PLS_f46b02a1bfa1c3d276b482deec9926ec13d8dc5b8b8eceeea84e4fda83be41e6,TRUE,GCA_902839105.1_W1_33_genomic,MRTLTLNELDSVSGGASGRDIAMAIGTLSGQFVAGGIGAAAGGVAGGAIYDYASTHKPNPAMSPSGLGGTIKQKPEGIPSEAWNYAAGRLCNWSPNNLSDVCL*,1
v1_PLS_f46b02a1bfa1c3d276b482deec9926ec13d8dc5b8b8eceeea84e4fda83be41e6,TRUE,GCA_902839165.1_A4_5_genomic,MRTLTLNELDSVSGGASGRDIAMAIGTLSGQFVAGGIGAAAGGVAGGAIYDYASTHKPNPAMSPSGLGGTIKQKPEGIPSEAWNYAAGRLCNWSPNNLSDVCL*,1
v1_PLS_f46b02a1bfa1c3d276b482deec9926ec13d8dc5b8b8eceeea84e4fda83be41e6,TRUE,GCA_902839225.1_A1_66_genomic,MRTLTLNELDSVSGGASGRDIAMAIGTLSGQFVAGGIGAAAGGVAGGAIYDYASTHKPNPAMSPSGLGGTIKQKPEGIPSEAWNYAAGRLCNWSPNNLSDVCL*,1
v1_PLS_f46b02a1bfa1c3d276b482deec9926ec13d8dc5b8b8eceeea84e4fda83be41e6,TRUE,GCA_902839255.1_H331_genomic,MRTLTLNELDSVSGGASGRDIAMAIGTLSGQFVAGGIGAAAGGVAGGAIYDYASTHKPNPAMSPSGLGGTIKQKPEGIPSEAWNYAAGRLCNWSPNNLSDVCL*,1
v1_PLS_f46b02a1bfa1c3d276b482deec9926ec13d8dc5b8b8eceeea84e4fda83be41e6,TRUE,GCA_902839395.1_B1804_genomic,MRTLTLNELDSVSGGASGRDIAMAIGTLSGQFVAGGIGAAAGGVAGGAIYDYASTHKPNPAMSPSGLGGTIKQKPEGIPSEAWNYAAGRLCNWSPNNLSDVCL*,1
v1_PLS_f46b02a1bfa1c3d276b482deec9926ec13d8dc5b8b8eceeea84e4fda83be41e6,TRUE,GCA_902839405.1_C2_41_genomic,MRTLTLNELDSVSGGASGRDIAMAIGTLSGQFVAGGIGAAAGGVAGGAIYDYASTHKPNPAMSPSGLGGTIKQKPEGIPSEAWNYAAGRLCNWSPNNLSDVCL*,1
v1_PLS_f46b02a1bfa1c3d276b482deec9926ec13d8dc5b8b8eceeea84e4fda83be41e6,TRUE,GCA_902839465.1_B1785_genomic,MRTLTLNELDSVSGGASGRDIAMAIGTLSGQFVAGGIGAAAGGVAGGAIYDYASTHKPNPAMSPSGLGGTIKQKPEGIPSEAWNYAAGRLCNWSPNNLSDVCL*,1
v1_PLS_f46b02a1bfa1c3d276b482deec9926ec13d8dc5b8b8eceeea84e4fda83be41e6,TRUE,GCA_902839545.1_B1505_genomic,MRTLTLNELDSVSGGASGRDIAMAIGTLSGQFVAGGIGAAAGGVAGGAIYDYASTHKPNPAMSPSGLGGTIKQKPEGIPSEAWNYAAGRLCNWSPNNLSDVCL*,1
v1_PLS_f46b02a1bfa1c3d276b482deec9926ec13d8dc5b8b8eceeea84e4fda83be41e6,TRUE,GCA_902839685.1_W4_36_genomic,MRTLTLNELDSVSGGASGRDIAMAIGTLSGQFVAGGIGAAAGGVAGGAIYDYASTHKPNPAMSPSGLGGTIKQKPEGIPSEAWNYAAGRLCNWSPNNLSDVCL*,1
v1_PLS_f46b02a1bfa1c3d276b482deec9926ec13d8dc5b8b8eceeea84e4fda83be41e6,TRUE,GCA_902839725.1_A3_45_genomic,MRTLTLNELDSVSGGASGRDIAMAIGTLSGQFVAGGIGAAAGGVAGGAIYDYASTHKPNPAMSPSGLGGTIKQKPEGIPSEAWNYAAGRLCNWSPNNLSDVCL*,1
v1_PLS_f46b02a1bfa1c3d276b482deec9926ec13d8dc5b8b8eceeea84e4fda83be41e6,TRUE,GCA_902839775.1_M665752_genomic,MRTLTLNELDSVSGGASGRDIAMAIGTLSGQFVAGGIGAAAGGVAGGAIYDYASTHKPNPAMSPSGLGGTIKQKPEGIPSEAWNYAAGRLCNWSPNNLSDVCL*,1
v1_PLS_f46b02a1bfa1c3d276b482deec9926ec13d8dc5b8b8eceeea84e4fda83be41e6,TRUE,GCA_902839865.1_M653497_genomic,MRTLTLNELDSVSGGASGRDIAMAIGTLSGQFVAGGIGAAAGGVAGGAIYDYASTHKPNPAMSPSGLGGTIKQKPEGIPSEAWNYAAGRLCNWSPNNLSDVCL*,1
v1_PLS_f46b02a1bfa1c3d276b482deec9926ec13d8dc5b8b8eceeea84e4fda83be41e6,TRUE,GCA_902839875.1_W3_33_genomic,MRTLTLNELDSVSGGASGRDIAMAIGTLSGQFVAGGIGAAAGGVAGGAIYDYASTHKPNPAMSPSGLGGTIKQKPEGIPSEAWNYAAGRLCNWSPNNLSDVCL*,1
v1_PLS_f46b02a1bfa1c3d276b482deec9926ec13d8dc5b8b8eceeea84e4fda83be41e6,TRUE,GCA_902839915.1_W1_57b_genomic,MRTLTLNELDSVSGGASGRDIAMAIGTLSGQFVAGGIGAAAGGVAGGAIYDYASTHKPNPAMSPSGLGGTIKQKPEGIPSEAWNYAAGRLCNWSPNNLSDVCL*,1
v1_PLS_f46b02a1bfa1c3d276b482deec9926ec13d8dc5b8b8eceeea84e4fda83be41e6,TRUE,GCA_902839935.1_W4_34_genomic,MRTLTLNELDSVSGGASGRDIAMAIGTLSGQFVAGGIGAAAGGVAGGAIYDYASTHKPNPAMSPSGLGGTIKQKPEGIPSEAWNYAAGRLCNWSPNNLSDVCL*,1
v1_PLS_f46b02a1bfa1c3d276b482deec9926ec13d8dc5b8b8eceeea84e4fda83be41e6,TRUE,GCA_902839975.1_H112_genomic,MRTLTLNELDSVSGGASGRDIAMAIGTLSGQFVAGGIGAAAGGVAGGAIYDYASTHKPNPAMSPSGLGGTIKQKPEGIPSEAWNYAAGRLCNWSPNNLSDVCL*,1
v1_PLS_f46b02a1bfa1c3d276b482deec9926ec13d8dc5b8b8eceeea84e4fda83be41e6,TRUE,GCA_902840035.1_BS20_genomic,MRTLTLNELDSVSGGASGRDIAMAIGTLSGQFVAGGIGAAAGGVAGGAIYDYASTHKPNPAMSPSGLGGTIKQKPEGIPSEAWNYAAGRLCNWSPNNLSDVCL*,1
v1_PLS_f46b02a1bfa1c3d276b482deec9926ec13d8dc5b8b8eceeea84e4fda83be41e6,TRUE,GCA_902840265.1_BS11_genomic,MRTLTLNELDSVSGGASGRDIAMAIGTLSGQFVAGGIGAAAGGVAGGAIYDYASTHKPNPAMSPSGLGGTIKQKPEGIPSEAWNYAAGRLCNWSPNNLSDVCL*,1
v1_PLS_f46b02a1bfa1c3d276b482deec9926ec13d8dc5b8b8eceeea84e4fda83be41e6,TRUE,GCA_902840415.1_2099_2_1_genomic,MRTLTLNELDSVSGGASGRDIAMAIGTLSGQFVAGGIGAAAGGVAGGAIYDYASTHKPNPAMSPSGLGGTIKQKPEGIPSEAWNYAAGRLCNWSPNNLSDVCL*,1
v1_PLS_f46b02a1bfa1c3d276b482deec9926ec13d8dc5b8b8eceeea84e4fda83be41e6,TRUE,GCA_902840485.1_M638488_genomic,MRTLTLNELDSVSGGASGRDIAMAIGTLSGQFVAGGIGAAAGGVAGGAIYDYASTHKPNPAMSPSGLGGTIKQKPEGIPSEAWNYAAGRLCNWSPNNLSDVCL*,1
v1_PLS_f46b02a1bfa1c3d276b482deec9926ec13d8dc5b8b8eceeea84e4fda83be41e6,TRUE,GCA_902840555.1_A2_40_genomic,MRTLTLNELDSVSGGASGRDIAMAIGTLSGQFVAGGIGAAAGGVAGGAIYDYASTHKPNPAMSPSGLGGTIKQKPEGIPSEAWNYAAGRLCNWSPNNLSDVCL*,1
v1_PLS_f46b02a1bfa1c3d276b482deec9926ec13d8dc5b8b8eceeea84e4fda83be41e6,TRUE,GCA_902840625.1_C4_97_genomic,MRTLTLNELDSVSGGASGRDIAMAIGTLSGQFVAGGIGAAAGGVAGGAIYDYASTHKPNPAMSPSGLGGTIKQKPEGIPSEAWNYAAGRLCNWSPNNLSDVCL*,1
v1_PLS_f46b02a1bfa1c3d276b482deec9926ec13d8dc5b8b8eceeea84e4fda83be41e6,TRUE,GCA_902840935.1_B1697b_genomic,MRTLTLNELDSVSGGASGRDIAMAIGTLSGQFVAGGIGAAAGGVAGGAIYDYASTHKPNPAMSPSGLGGTIKQKPEGIPSEAWNYAAGRLCNWSPNNLSDVCL*,1
v1_PLS_f46b02a1bfa1c3d276b482deec9926ec13d8dc5b8b8eceeea84e4fda83be41e6,TRUE,GCA_902840975.1_C4_34_genomic,MRTLTLNELDSVSGGASGRDIAMAIGTLSGQFVAGGIGAAAGGVAGGAIYDYASTHKPNPAMSPSGLGGTIKQKPEGIPSEAWNYAAGRLCNWSPNNLSDVCL*,1
v1_PLS_f46b02a1bfa1c3d276b482deec9926ec13d8dc5b8b8eceeea84e4fda83be41e6,TRUE,GCA_902840995.1_53_1_AUC1_genomic,MRTLTLNELDSVSGGASGRDIAMAIGTLSGQFVAGGIGAAAGGVAGGAIYDYASTHKPNPAMSPSGLGGTIKQKPEGIPSEAWNYAAGRLCNWSPNNLSDVCL*,1
v1_PLS_f46b02a1bfa1c3d276b482deec9926ec13d8dc5b8b8eceeea84e4fda83be41e6,TRUE,GCA_902841095.1_H282_genomic,MRTLTLNELDSVSGGASGRDIAMAIGTLSGQFVAGGIGAAAGGVAGGAIYDYASTHKPNPAMSPSGLGGTIKQKPEGIPSEAWNYAAGRLCNWSPNNLSDVCL*,1
v1_PLS_f46b02a1bfa1c3d276b482deec9926ec13d8dc5b8b8eceeea84e4fda83be41e6,TRUE,GCA_902841105.1_M668546_genomic,MRTLTLNELDSVSGGASGRDIAMAIGTLSGQFVAGGIGAAAGGVAGGAIYDYASTHKPNPAMSPSGLGGTIKQKPEGIPSEAWNYAAGRLCNWSPNNLSDVCL*,1
v1_PLS_f46b02a1bfa1c3d276b482deec9926ec13d8dc5b8b8eceeea84e4fda83be41e6,TRUE,GCA_902841135.1_H190_genomic,MRTLTLNELDSVSGGASGRDIAMAIGTLSGQFVAGGIGAAAGGVAGGAIYDYASTHKPNPAMSPSGLGGTIKQKPEGIPSEAWNYAAGRLCNWSPNNLSDVCL*,1
v1_PLS_f46b02a1bfa1c3d276b482deec9926ec13d8dc5b8b8eceeea84e4fda83be41e6,TRUE,GCA_902841245.1_B313b_genomic,MRTLTLNELDSVSGGASGRDIAMAIGTLSGQFVAGGIGAAAGGVAGGAIYDYASTHKPNPAMSPSGLGGTIKQKPEGIPSEAWNYAAGRLCNWSPNNLSDVCL*,1
v1_PLS_f46b02a1bfa1c3d276b482deec9926ec13d8dc5b8b8eceeea84e4fda83be41e6,TRUE,GCA_902841315.1_H244_genomic,MRTLTLNELDSVSGGASGRDIAMAIGTLSGQFVAGGIGAAAGGVAGGAIYDYASTHKPNPAMSPSGLGGTIKQKPEGIPSEAWNYAAGRLCNWSPNNLSDVCL*,1
v1_PLS_f46b02a1bfa1c3d276b482deec9926ec13d8dc5b8b8eceeea84e4fda83be41e6,TRUE,GCA_902841425.1_1863_3_1_WA_Bloom_genomic,MRTLTLNELDSVSGGASGRDIAMAIGTLSGQFVAGGIGAAAGGVAGGAIYDYASTHKPNPAMSPSGLGGTIKQKPEGIPSEAWNYAAGRLCNWSPNNLSDVCL*,1
v1_PLS_f46b02a1bfa1c3d276b482deec9926ec13d8dc5b8b8eceeea84e4fda83be41e6,TRUE,GCA_902841445.1_C3_19_genomic,MRTLTLNELDSVSGGASGRDIAMAIGTLSGQFVAGGIGAAAGGVAGGAIYDYASTHKPNPAMSPSGLGGTIKQKPEGIPSEAWNYAAGRLCNWSPNNLSDVCL*,1
v1_PLS_f46b02a1bfa1c3d276b482deec9926ec13d8dc5b8b8eceeea84e4fda83be41e6,TRUE,GCA_902841495.1_A1_31_genomic,MRTLTLNELDSVSGGASGRDIAMAIGTLSGQFVAGGIGAAAGGVAGGAIYDYASTHKPNPAMSPSGLGGTIKQKPEGIPSEAWNYAAGRLCNWSPNNLSDVCL*,1
v1_PLS_f46b02a1bfa1c3d276b482deec9926ec13d8dc5b8b8eceeea84e4fda83be41e6,TRUE,GCA_902841515.1_C1_36_genomic,MRTLTLNELDSVSGGASGRDIAMAIGTLSGQFVAGGIGAAAGGVAGGAIYDYASTHKPNPAMSPSGLGGTIKQKPEGIPSEAWNYAAGRLCNWSPNNLSDVCL*,1
v1_PLS_f46b02a1bfa1c3d276b482deec9926ec13d8dc5b8b8eceeea84e4fda83be41e6,TRUE,GCA_902841525.1_W2_53_genomic,MRTLTLNELDSVSGGASGRDIAMAIGTLSGQFVAGGIGAAAGGVAGGAIYDYASTHKPNPAMSPSGLGGTIKQKPEGIPSEAWNYAAGRLCNWSPNNLSDVCL*,1
v1_PLS_f46b02a1bfa1c3d276b482deec9926ec13d8dc5b8b8eceeea84e4fda83be41e6,TRUE,GCA_902841535.1_C1_51_genomic,MRTLTLNELDSVSGGASGRDIAMAIGTLSGQFVAGGIGAAAGGVAGGAIYDYASTHKPNPAMSPSGLGGTIKQKPEGIPSEAWNYAAGRLCNWSPNNLSDVCL*,1
v1_PLS_f46b02a1bfa1c3d276b482deec9926ec13d8dc5b8b8eceeea84e4fda83be41e6,TRUE,GCA_902841545.1_E5976_genomic,MRTLTLNELDSVSGGASGRDIAMAIGTLSGQFVAGGIGAAAGGVAGGAIYDYASTHKPNPAMSPSGLGGTIKQKPEGIPSEAWNYAAGRLCNWSPNNLSDVCL*,1
v1_PLS_f46b02a1bfa1c3d276b482deec9926ec13d8dc5b8b8eceeea84e4fda83be41e6,TRUE,GCA_902841615.1_C1_110_genomic,MRTLTLNELDSVSGGASGRDIAMAIGTLSGQFVAGGIGAAAGGVAGGAIYDYASTHKPNPAMSPSGLGGTIKQKPEGIPSEAWNYAAGRLCNWSPNNLSDVCL*,1
v1_PLS_f46b02a1bfa1c3d276b482deec9926ec13d8dc5b8b8eceeea84e4fda83be41e6,TRUE,GCA_902841705.1_W1_65_genomic,MRTLTLNELDSVSGGASGRDIAMAIGTLSGQFVAGGIGAAAGGVAGGAIYDYASTHKPNPAMSPSGLGGTIKQKPEGIPSEAWNYAAGRLCNWSPNNLSDVCL*,1
v1_PLS_f46b02a1bfa1c3d276b482deec9926ec13d8dc5b8b8eceeea84e4fda83be41e6,TRUE,GCA_902841855.1_W4_33_genomic,MRTLTLNELDSVSGGASGRDIAMAIGTLSGQFVAGGIGAAAGGVAGGAIYDYASTHKPNPAMSPSGLGGTIKQKPEGIPSEAWNYAAGRLCNWSPNNLSDVCL*,1
v1_PLS_f46b02a1bfa1c3d276b482deec9926ec13d8dc5b8b8eceeea84e4fda83be41e6,TRUE,GCA_902841875.1_C3_30_genomic,MRTLTLNELDSVSGGASGRDIAMAIGTLSGQFVAGGIGAAAGGVAGGAIYDYASTHKPNPAMSPSGLGGTIKQKPEGIPSEAWNYAAGRLCNWSPNNLSDVCL*,1
v1_PLS_f46b02a1bfa1c3d276b482deec9926ec13d8dc5b8b8eceeea84e4fda83be41e6,TRUE,GCA_902841905.1_M638866_genomic,MRTLTLNELDSVSGGASGRDIAMAIGTLSGQFVAGGIGAAAGGVAGGAIYDYASTHKPNPAMSPSGLGGTIKQKPEGIPSEAWNYAAGRLCNWSPNNLSDVCL*,1
v1_PLS_f46b02a1bfa1c3d276b482deec9926ec13d8dc5b8b8eceeea84e4fda83be41e6,TRUE,GCA_902841915.1_A2_22_genomic,MRTLTLNELDSVSGGASGRDIAMAIGTLSGQFVAGGIGAAAGGVAGGAIYDYASTHKPNPAMSPSGLGGTIKQKPEGIPSEAWNYAAGRLCNWSPNNLSDVCL*,1
v1_PLS_f46b02a1bfa1c3d276b482deec9926ec13d8dc5b8b8eceeea84e4fda83be41e6,TRUE,GCA_902841955.1_M673438_genomic,MRTLTLNELDSVSGGASGRDIAMAIGTLSGQFVAGGIGAAAGGVAGGAIYDYASTHKPNPAMSPSGLGGTIKQKPEGIPSEAWNYAAGRLCNWSPNNLSDVCL*,1
v1_PLS_f46b02a1bfa1c3d276b482deec9926ec13d8dc5b8b8eceeea84e4fda83be41e6,TRUE,GCA_902842005.1_32_1_DC18_genomic,MRTLTLNELDSVSGGASGRDIAMAIGTLSGQFVAGGIGAAAGGVAGGAIYDYASTHKPNPAMSPSGLGGTIKQKPEGIPSEAWNYAAGRLCNWSPNNLSDVCL*,1
v1_PLS_f46b02a1bfa1c3d276b482deec9926ec13d8dc5b8b8eceeea84e4fda83be41e6,TRUE,GCA_902842025.1_W4_37_genomic,MRTLTLNELDSVSGGASGRDIAMAIGTLSGQFVAGGIGAAAGGVAGGAIYDYASTHKPNPAMSPSGLGGTIKQKPEGIPSEAWNYAAGRLCNWSPNNLSDVCL*,1
v1_PLS_f46b02a1bfa1c3d276b482deec9926ec13d8dc5b8b8eceeea84e4fda83be41e6,TRUE,GCA_902842035.1_C4_32_genomic,MRTLTLNELDSVSGGASGRDIAMAIGTLSGQFVAGGIGAAAGGVAGGAIYDYASTHKPNPAMSPSGLGGTIKQKPEGIPSEAWNYAAGRLCNWSPNNLSDVCL*,1
v1_PLS_f46b02a1bfa1c3d276b482deec9926ec13d8dc5b8b8eceeea84e4fda83be41e6,TRUE,GCA_902842095.1_W4_32_genomic,MRTLTLNELDSVSGGASGRDIAMAIGTLSGQFVAGGIGAAAGGVAGGAIYDYASTHKPNPAMSPSGLGGTIKQKPEGIPSEAWNYAAGRLCNWSPNNLSDVCL*,1
v1_PLS_f46b02a1bfa1c3d276b482deec9926ec13d8dc5b8b8eceeea84e4fda83be41e6,TRUE,GCA_902842115.1_B1714_genomic,MRTLTLNELDSVSGGASGRDIAMAIGTLSGQFVAGGIGAAAGGVAGGAIYDYASTHKPNPAMSPSGLGGTIKQKPEGIPSEAWNYAAGRLCNWSPNNLSDVCL*,1
v1_PLS_f46b02a1bfa1c3d276b482deec9926ec13d8dc5b8b8eceeea84e4fda83be41e6,TRUE,GCA_902842155.1_C1_15_genomic,MRTLTLNELDSVSGGASGRDIAMAIGTLSGQFVAGGIGAAAGGVAGGAIYDYASTHKPNPAMSPSGLGGTIKQKPEGIPSEAWNYAAGRLCNWSPNNLSDVCL*,1
v1_PLS_f46b02a1bfa1c3d276b482deec9926ec13d8dc5b8b8eceeea84e4fda83be41e6,TRUE,GCA_902842185.1_M549_genomic,MRTLTLNELDSVSGGASGRDIAMAIGTLSGQFVAGGIGAAAGGVAGGAIYDYASTHKPNPAMSPSGLGGTIKQKPEGIPSEAWNYAAGRLCNWSPNNLSDVCL*,1
v1_PLS_f46b02a1bfa1c3d276b482deec9926ec13d8dc5b8b8eceeea84e4fda83be41e6,TRUE,GCA_902842205.1_M587877_genomic,MRTLTLNELDSVSGGASGRDIAMAIGTLSGQFVAGGIGAAAGGVAGGAIYDYASTHKPNPAMSPSGLGGTIKQKPEGIPSEAWNYAAGRLCNWSPNNLSDVCL*,1
v1_PLS_f46b02a1bfa1c3d276b482deec9926ec13d8dc5b8b8eceeea84e4fda83be41e6,TRUE,GCA_902842285.1_B1726_genomic,MRTLTLNELDSVSGGASGRDIAMAIGTLSGQFVAGGIGAAAGGVAGGAIYDYASTHKPNPAMSPSGLGGTIKQKPEGIPSEAWNYAAGRLCNWSPNNLSDVCL*,1
v1_PLS_f46b02a1bfa1c3d276b482deec9926ec13d8dc5b8b8eceeea84e4fda83be41e6,TRUE,GCA_902842335.1_A1_30_genomic,MRTLTLNELDSVSGGASGRDIAMAIGTLSGQFVAGGIGAAAGGVAGGAIYDYASTHKPNPAMSPSGLGGTIKQKPEGIPSEAWNYAAGRLCNWSPNNLSDVCL*,1
v1_PLS_f46b02a1bfa1c3d276b482deec9926ec13d8dc5b8b8eceeea84e4fda83be41e6,TRUE,GCA_902842625.1_W2_41_genomic,MRTLTLNELDSVSGGASGRDIAMAIGTLSGQFVAGGIGAAAGGVAGGAIYDYASTHKPNPAMSPSGLGGTIKQKPEGIPSEAWNYAAGRLCNWSPNNLSDVCL*,1
v1_PLS_f46b02a1bfa1c3d276b482deec9926ec13d8dc5b8b8eceeea84e4fda83be41e6,TRUE,GCA_902842805.1_A3_48_genomic,MRTLTLNELDSVSGGASGRDIAMAIGTLSGQFVAGGIGAAAGGVAGGAIYDYASTHKPNPAMSPSGLGGTIKQKPEGIPSEAWNYAAGRLCNWSPNNLSDVCL*,1
v1_PLS_f46b02a1bfa1c3d276b482deec9926ec13d8dc5b8b8eceeea84e4fda83be41e6,TRUE,GCA_902842815.1_H140_genomic,MRTLTLNELDSVSGGASGRDIAMAIGTLSGQFVAGGIGAAAGGVAGGAIYDYASTHKPNPAMSPSGLGGTIKQKPEGIPSEAWNYAAGRLCNWSPNNLSDVCL*,1
v1_PLS_f46b02a1bfa1c3d276b482deec9926ec13d8dc5b8b8eceeea84e4fda83be41e6,TRUE,GCA_902842875.1_33_3_R3_genomic,MRTLTLNELDSVSGGASGRDIAMAIGTLSGQFVAGGIGAAAGGVAGGAIYDYASTHKPNPAMSPSGLGGTIKQKPEGIPSEAWNYAAGRLCNWSPNNLSDVCL*,1
v1_PLS_f46b02a1bfa1c3d276b482deec9926ec13d8dc5b8b8eceeea84e4fda83be41e6,TRUE,GCA_902842965.1_C3_27_genomic,MRTLTLNELDSVSGGASGRDIAMAIGTLSGQFVAGGIGAAAGGVAGGAIYDYASTHKPNPAMSPSGLGGTIKQKPEGIPSEAWNYAAGRLCNWSPNNLSDVCL*,1
v1_PLS_f46b02a1bfa1c3d276b482deec9926ec13d8dc5b8b8eceeea84e4fda83be41e6,TRUE,GCA_902843155.1_B1730_genomic,MRTLTLNELDSVSGGASGRDIAMAIGTLSGQFVAGGIGAAAGGVAGGAIYDYASTHKPNPAMSPSGLGGTIKQKPEGIPSEAWNYAAGRLCNWSPNNLSDVCL*,1
v1_PLS_f46b02a1bfa1c3d276b482deec9926ec13d8dc5b8b8eceeea84e4fda83be41e6,TRUE,GCA_902843185.1_TA010_genomic,MRTLTLNELDSVSGGASGRDIAMAIGTLSGQFVAGGIGAAAGGVAGGAIYDYASTHKPNPAMSPSGLGGTIKQKPEGIPSEAWNYAAGRLCNWSPNNLSDVCL*,1
v1_PLS_f46b02a1bfa1c3d276b482deec9926ec13d8dc5b8b8eceeea84e4fda83be41e6,TRUE,GCA_902843255.1_C1_46_genomic,MRTLTLNELDSVSGGASGRDIAMAIGTLSGQFVAGGIGAAAGGVAGGAIYDYASTHKPNPAMSPSGLGGTIKQKPEGIPSEAWNYAAGRLCNWSPNNLSDVCL*,1
v1_PLS_f46b02a1bfa1c3d276b482deec9926ec13d8dc5b8b8eceeea84e4fda83be41e6,TRUE,GCA_902843325.1_53_1_AC6_genomic,MRTLTLNELDSVSGGASGRDIAMAIGTLSGQFVAGGIGAAAGGVAGGAIYDYASTHKPNPAMSPSGLGGTIKQKPEGIPSEAWNYAAGRLCNWSPNNLSDVCL*,1
v1_PLS_f46b02a1bfa1c3d276b482deec9926ec13d8dc5b8b8eceeea84e4fda83be41e6,TRUE,GCA_902843375.1_C1_72_genomic,MRTLTLNELDSVSGGASGRDIAMAIGTLSGQFVAGGIGAAAGGVAGGAIYDYASTHKPNPAMSPSGLGGTIKQKPEGIPSEAWNYAAGRLCNWSPNNLSDVCL*,1
v1_PLS_f46b02a1bfa1c3d276b482deec9926ec13d8dc5b8b8eceeea84e4fda83be41e6,TRUE,GCA_902843525.1_C3_29_genomic,MRTLTLNELDSVSGGASGRDIAMAIGTLSGQFVAGGIGAAAGGVAGGAIYDYASTHKPNPAMSPSGLGGTIKQKPEGIPSEAWNYAAGRLCNWSPNNLSDVCL*,1
v1_PLS_f46b02a1bfa1c3d276b482deec9926ec13d8dc5b8b8eceeea84e4fda83be41e6,TRUE,GCA_902843625.1_C1_33_genomic,MRTLTLNELDSVSGGASGRDIAMAIGTLSGQFVAGGIGAAAGGVAGGAIYDYASTHKPNPAMSPSGLGGTIKQKPEGIPSEAWNYAAGRLCNWSPNNLSDVCL*,1
v1_PLS_f46b02a1bfa1c3d276b482deec9926ec13d8dc5b8b8eceeea84e4fda83be41e6,TRUE,GCA_902843675.1_TA011_genomic,MRTLTLNELDSVSGGASGRDIAMAIGTLSGQFVAGGIGAAAGGVAGGAIYDYASTHKPNPAMSPSGLGGTIKQKPEGIPSEAWNYAAGRLCNWSPNNLSDVCL*,1
v1_PLS_f46b02a1bfa1c3d276b482deec9926ec13d8dc5b8b8eceeea84e4fda83be41e6,TRUE,GCA_902843725.1_C4_39_genomic,MRTLTLNELDSVSGGASGRDIAMAIGTLSGQFVAGGIGAAAGGVAGGAIYDYASTHKPNPAMSPSGLGGTIKQKPEGIPSEAWNYAAGRLCNWSPNNLSDVCL*,1
v1_PLS_f46b02a1bfa1c3d276b482deec9926ec13d8dc5b8b8eceeea84e4fda83be41e6,TRUE,GCA_902843755.1_W2_51_genomic,MRTLTLNELDSVSGGASGRDIAMAIGTLSGQFVAGGIGAAAGGVAGGAIYDYASTHKPNPAMSPSGLGGTIKQKPEGIPSEAWNYAAGRLCNWSPNNLSDVCL*,1
v1_PLS_f46b02a1bfa1c3d276b482deec9926ec13d8dc5b8b8eceeea84e4fda83be41e6,TRUE,GCA_902843865.1_E1428_genomic,MRTLTLNELDSVSGGASGRDIAMAIGTLSGQFVAGGIGAAAGGVAGGAIYDYASTHKPNPAMSPSGLGGTIKQKPEGIPSEAWNYAAGRLCNWSPNNLSDVCL*,1
v1_PLS_f46b02a1bfa1c3d276b482deec9926ec13d8dc5b8b8eceeea84e4fda83be41e6,TRUE,GCA_902843875.1_A1_25_genomic,MRTLTLNELDSVSGGASGRDIAMAIGTLSGQFVAGGIGAAAGGVAGGAIYDYASTHKPNPAMSPSGLGGTIKQKPEGIPSEAWNYAAGRLCNWSPNNLSDVCL*,1
v1_PLS_f46b02a1bfa1c3d276b482deec9926ec13d8dc5b8b8eceeea84e4fda83be41e6,TRUE,GCA_902844115.1_A1_20_genomic,MRTLTLNELDSVSGGASGRDIAMAIGTLSGQFVAGGIGAAAGGVAGGAIYDYASTHKPNPAMSPSGLGGTIKQKPEGIPSEAWNYAAGRLCNWSPNNLSDVCL*,1
v1_PLS_f46b02a1bfa1c3d276b482deec9926ec13d8dc5b8b8eceeea84e4fda83be41e6,TRUE,GCA_902844235.1_M638178_genomic,MRTLTLNELDSVSGGASGRDIAMAIGTLSGQFVAGGIGAAAGGVAGGAIYDYASTHKPNPAMSPSGLGGTIKQKPEGIPSEAWNYAAGRLCNWSPNNLSDVCL*,1
v1_PLS_f46b02a1bfa1c3d276b482deec9926ec13d8dc5b8b8eceeea84e4fda83be41e6,TRUE,GCA_902844325.1_C3_28_genomic,MRTLTLNELDSVSGGASGRDIAMAIGTLSGQFVAGGIGAAAGGVAGGAIYDYASTHKPNPAMSPSGLGGTIKQKPEGIPSEAWNYAAGRLCNWSPNNLSDVCL*,1
v1_PLS_f46b02a1bfa1c3d276b482deec9926ec13d8dc5b8b8eceeea84e4fda83be41e6,TRUE,GCA_902844385.1_W2_49_genomic,MRTLTLNELDSVSGGASGRDIAMAIGTLSGQFVAGGIGAAAGGVAGGAIYDYASTHKPNPAMSPSGLGGTIKQKPEGIPSEAWNYAAGRLCNWSPNNLSDVCL*,1
v1_PLS_f46b02a1bfa1c3d276b482deec9926ec13d8dc5b8b8eceeea84e4fda83be41e6,TRUE,GCA_902844425.1_29_2_DC4_genomic,MRTLTLNELDSVSGGASGRDIAMAIGTLSGQFVAGGIGAAAGGVAGGAIYDYASTHKPNPAMSPSGLGGTIKQKPEGIPSEAWNYAAGRLCNWSPNNLSDVCL*,1
v1_PLS_f46b02a1bfa1c3d276b482deec9926ec13d8dc5b8b8eceeea84e4fda83be41e6,TRUE,GCA_902844495.1_W1_79_genomic,MRTLTLNELDSVSGGASGRDIAMAIGTLSGQFVAGGIGAAAGGVAGGAIYDYASTHKPNPAMSPSGLGGTIKQKPEGIPSEAWNYAAGRLCNWSPNNLSDVCL*,1
v1_PLS_f46b02a1bfa1c3d276b482deec9926ec13d8dc5b8b8eceeea84e4fda83be41e6,TRUE,GCA_902844515.1_B264_genomic,MRTLTLNELDSVSGGASGRDIAMAIGTLSGQFVAGGIGAAAGGVAGGAIYDYASTHKPNPAMSPSGLGGTIKQKPEGIPSEAWNYAAGRLCNWSPNNLSDVCL*,1
v1_PLS_f46b02a1bfa1c3d276b482deec9926ec13d8dc5b8b8eceeea84e4fda83be41e6,TRUE,GCA_902844605.1_H053_genomic,MRTLTLNELDSVSGGASGRDIAMAIGTLSGQFVAGGIGAAAGGVAGGAIYDYASTHKPNPAMSPSGLGGTIKQKPEGIPSEAWNYAAGRLCNWSPNNLSDVCL*,1
v1_PLS_f46b02a1bfa1c3d276b482deec9926ec13d8dc5b8b8eceeea84e4fda83be41e6,TRUE,GCA_902844645.1_TA009_genomic,MRTLTLNELDSVSGGASGRDIAMAIGTLSGQFVAGGIGAAAGGVAGGAIYDYASTHKPNPAMSPSGLGGTIKQKPEGIPSEAWNYAAGRLCNWSPNNLSDVCL*,1
v1_PLS_f46b02a1bfa1c3d276b482deec9926ec13d8dc5b8b8eceeea84e4fda83be41e6,TRUE,GCA_902844675.1_A2_35_genomic,MRTLTLNELDSVSGGASGRDIAMAIGTLSGQFVAGGIGAAAGGVAGGAIYDYASTHKPNPAMSPSGLGGTIKQKPEGIPSEAWNYAAGRLCNWSPNNLSDVCL*,1
v1_PLS_f46b02a1bfa1c3d276b482deec9926ec13d8dc5b8b8eceeea84e4fda83be41e6,TRUE,GCA_902844685.1_B1939_genomic,MRTLTLNELDSVSGGASGRDIAMAIGTLSGQFVAGGIGAAAGGVAGGAIYDYASTHKPNPAMSPSGLGGTIKQKPEGIPSEAWNYAAGRLCNWSPNNLSDVCL*,1
v1_PLS_f46b02a1bfa1c3d276b482deec9926ec13d8dc5b8b8eceeea84e4fda83be41e6,TRUE,GCA_902844695.1_B1341_genomic,MRTLTLNELDSVSGGASGRDIAMAIGTLSGQFVAGGIGAAAGGVAGGAIYDYASTHKPNPAMSPSGLGGTIKQKPEGIPSEAWNYAAGRLCNWSPNNLSDVCL*,1
v1_PLS_f46b02a1bfa1c3d276b482deec9926ec13d8dc5b8b8eceeea84e4fda83be41e6,TRUE,GCA_902844705.1_C4_100_genomic,MRTLTLNELDSVSGGASGRDIAMAIGTLSGQFVAGGIGAAAGGVAGGAIYDYASTHKPNPAMSPSGLGGTIKQKPEGIPSEAWNYAAGRLCNWSPNNLSDVCL*,1
v1_PLS_f46b02a1bfa1c3d276b482deec9926ec13d8dc5b8b8eceeea84e4fda83be41e6,TRUE,GCA_902844745.1_A2_5_genomic,MRTLTLNELDSVSGGASGRDIAMAIGTLSGQFVAGGIGAAAGGVAGGAIYDYASTHKPNPAMSPSGLGGTIKQKPEGIPSEAWNYAAGRLCNWSPNNLSDVCL*,1
v1_PLS_f46b02a1bfa1c3d276b482deec9926ec13d8dc5b8b8eceeea84e4fda83be41e6,TRUE,GCA_902844985.1_W4_39_genomic,MRTLTLNELDSVSGGASGRDIAMAIGTLSGQFVAGGIGAAAGGVAGGAIYDYASTHKPNPAMSPSGLGGTIKQKPEGIPSEAWNYAAGRLCNWSPNNLSDVCL*,1
v1_PLS_f46b02a1bfa1c3d276b482deec9926ec13d8dc5b8b8eceeea84e4fda83be41e6,TRUE,GCA_902845035.1_29_3_DC10_genomic,MRTLTLNELDSVSGGASGRDIAMAIGTLSGQFVAGGIGAAAGGVAGGAIYDYASTHKPNPAMSPSGLGGTIKQKPEGIPSEAWNYAAGRLCNWSPNNLSDVCL*,1
v1_PLS_f46b02a1bfa1c3d276b482deec9926ec13d8dc5b8b8eceeea84e4fda83be41e6,TRUE,GCA_902845085.1_M660875_genomic,MRTLTLNELDSVSGGASGRDIAMAIGTLSGQFVAGGIGAAAGGVAGGAIYDYASTHKPNPAMSPSGLGGTIKQKPEGIPSEAWNYAAGRLCNWSPNNLSDVCL*,1
v1_PLS_f46b02a1bfa1c3d276b482deec9926ec13d8dc5b8b8eceeea84e4fda83be41e6,TRUE,GCA_902845135.1_BS87_genomic,MRTLTLNELDSVSGGASGRDIAMAIGTLSGQFVAGGIGAAAGGVAGGAIYDYASTHKPNPAMSPSGLGGTIKQKPEGIPSEAWNYAAGRLCNWSPNNLSDVCL*,1
v1_PLS_f46b02a1bfa1c3d276b482deec9926ec13d8dc5b8b8eceeea84e4fda83be41e6,TRUE,GCA_902845225.1_W2_9_genomic,MRTLTLNELDSVSGGASGRDIAMAIGTLSGQFVAGGIGAAAGGVAGGAIYDYASTHKPNPAMSPSGLGGTIKQKPEGIPSEAWNYAAGRLCNWSPNNLSDVCL*,1
v1_PLS_f46b02a1bfa1c3d276b482deec9926ec13d8dc5b8b8eceeea84e4fda83be41e6,TRUE,GCA_902845275.1_A1_49_genomic,MRTLTLNELDSVSGGASGRDIAMAIGTLSGQFVAGGIGAAAGGVAGGAIYDYASTHKPNPAMSPSGLGGTIKQKPEGIPSEAWNYAAGRLCNWSPNNLSDVCL*,1
v1_PLS_f46b02a1bfa1c3d276b482deec9926ec13d8dc5b8b8eceeea84e4fda83be41e6,TRUE,GCA_902845305.1_C4_24_genomic,MRTLTLNELDSVSGGASGRDIAMAIGTLSGQFVAGGIGAAAGGVAGGAIYDYASTHKPNPAMSPSGLGGTIKQKPEGIPSEAWNYAAGRLCNWSPNNLSDVCL*,1
v1_PLS_f46b02a1bfa1c3d276b482deec9926ec13d8dc5b8b8eceeea84e4fda83be41e6,TRUE,GCA_902845475.1_C3_2_genomic,MRTLTLNELDSVSGGASGRDIAMAIGTLSGQFVAGGIGAAAGGVAGGAIYDYASTHKPNPAMSPSGLGGTIKQKPEGIPSEAWNYAAGRLCNWSPNNLSDVCL*,1
v1_PLS_f46b02a1bfa1c3d276b482deec9926ec13d8dc5b8b8eceeea84e4fda83be41e6,TRUE,GCA_902845805.1_E2004_genomic,MRTLTLNELDSVSGGASGRDIAMAIGTLSGQFVAGGIGAAAGGVAGGAIYDYASTHKPNPAMSPSGLGGTIKQKPEGIPSEAWNYAAGRLCNWSPNNLSDVCL*,1
v1_PLS_f46b02a1bfa1c3d276b482deec9926ec13d8dc5b8b8eceeea84e4fda83be41e6,TRUE,GCA_902846075.1_M652995_genomic,MRTLTLNELDSVSGGASGRDIAMAIGTLSGQFVAGGIGAAAGGVAGGAIYDYASTHKPNPAMSPSGLGGTIKQKPEGIPSEAWNYAAGRLCNWSPNNLSDVCL*,1
v1_PLS_f46b02a1bfa1c3d276b482deec9926ec13d8dc5b8b8eceeea84e4fda83be41e6,TRUE,GCA_902846195.1_E3809_genomic,MRTLTLNELDSVSGGASGRDIAMAIGTLSGQFVAGGIGAAAGGVAGGAIYDYASTHKPNPAMSPSGLGGTIKQKPEGIPSEAWNYAAGRLCNWSPNNLSDVCL*,1
v1_PLS_f46b02a1bfa1c3d276b482deec9926ec13d8dc5b8b8eceeea84e4fda83be41e6,TRUE,GCA_902846275.1_B377_genomic,MRTLTLNELDSVSGGASGRDIAMAIGTLSGQFVAGGIGAAAGGVAGGAIYDYASTHKPNPAMSPSGLGGTIKQKPEGIPSEAWNYAAGRLCNWSPNNLSDVCL*,1
v1_PLS_f46b02a1bfa1c3d276b482deec9926ec13d8dc5b8b8eceeea84e4fda83be41e6,TRUE,GCA_902846485.1_C4_33_genomic,MRTLTLNELDSVSGGASGRDIAMAIGTLSGQFVAGGIGAAAGGVAGGAIYDYASTHKPNPAMSPSGLGGTIKQKPEGIPSEAWNYAAGRLCNWSPNNLSDVCL*,1
v1_PLS_f46b02a1bfa1c3d276b482deec9926ec13d8dc5b8b8eceeea84e4fda83be41e6,TRUE,GCA_902846495.1_1330_2_1_WA_Bloom_genomic,MRTLTLNELDSVSGGASGRDIAMAIGTLSGQFVAGGIGAAAGGVAGGAIYDYASTHKPNPAMSPSGLGGTIKQKPEGIPSEAWNYAAGRLCNWSPNNLSDVCL*,1
v1_PLS_f46b02a1bfa1c3d276b482deec9926ec13d8dc5b8b8eceeea84e4fda83be41e6,TRUE,GCA_902846585.1_2H_145_14_genomic,MRTLTLNELDSVSGGASGRDIAMAIGTLSGQFVAGGIGAAAGGVAGGAIYDYASTHKPNPAMSPSGLGGTIKQKPEGIPSEAWNYAAGRLCNWSPNNLSDVCL*,1
v1_PLS_f46b02a1bfa1c3d276b482deec9926ec13d8dc5b8b8eceeea84e4fda83be41e6,TRUE,GCA_902846965.1_C4_35_genomic,MRTLTLNELDSVSGGASGRDIAMAIGTLSGQFVAGGIGAAAGGVAGGAIYDYASTHKPNPAMSPSGLGGTIKQKPEGIPSEAWNYAAGRLCNWSPNNLSDVCL*,1
v1_PLS_f46b02a1bfa1c3d276b482deec9926ec13d8dc5b8b8eceeea84e4fda83be41e6,TRUE,GCA_902846995.1_W4_40_genomic,MRTLTLNELDSVSGGASGRDIAMAIGTLSGQFVAGGIGAAAGGVAGGAIYDYASTHKPNPAMSPSGLGGTIKQKPEGIPSEAWNYAAGRLCNWSPNNLSDVCL*,1
v1_PLS_f46b02a1bfa1c3d276b482deec9926ec13d8dc5b8b8eceeea84e4fda83be41e6,TRUE,GCA_902847195.1_24_1_Si1_genomic,MRTLTLNELDSVSGGASGRDIAMAIGTLSGQFVAGGIGAAAGGVAGGAIYDYASTHKPNPAMSPSGLGGTIKQKPEGIPSEAWNYAAGRLCNWSPNNLSDVCL*,1
v1_PLS_f46b02a1bfa1c3d276b482deec9926ec13d8dc5b8b8eceeea84e4fda83be41e6,TRUE,GCA_902847225.1_C4_36_genomic,MRTLTLNELDSVSGGASGRDIAMAIGTLSGQFVAGGIGAAAGGVAGGAIYDYASTHKPNPAMSPSGLGGTIKQKPEGIPSEAWNYAAGRLCNWSPNNLSDVCL*,1
v1_PLS_f46b02a1bfa1c3d276b482deec9926ec13d8dc5b8b8eceeea84e4fda83be41e6,TRUE,GCA_902847365.1_B1921_genomic,MRTLTLNELDSVSGGASGRDIAMAIGTLSGQFVAGGIGAAAGGVAGGAIYDYASTHKPNPAMSPSGLGGTIKQKPEGIPSEAWNYAAGRLCNWSPNNLSDVCL*,1
v1_PLS_f46b02a1bfa1c3d276b482deec9926ec13d8dc5b8b8eceeea84e4fda83be41e6,TRUE,GCA_902847485.1_M660876_genomic,MRTLTLNELDSVSGGASGRDIAMAIGTLSGQFVAGGIGAAAGGVAGGAIYDYASTHKPNPAMSPSGLGGTIKQKPEGIPSEAWNYAAGRLCNWSPNNLSDVCL*,1
v1_PLS_f46b02a1bfa1c3d276b482deec9926ec13d8dc5b8b8eceeea84e4fda83be41e6,TRUE,GCA_902847515.1_C2_18_genomic,MRTLTLNELDSVSGGASGRDIAMAIGTLSGQFVAGGIGAAAGGVAGGAIYDYASTHKPNPAMSPSGLGGTIKQKPEGIPSEAWNYAAGRLCNWSPNNLSDVCL*,1
v1_PLS_f46b02a1bfa1c3d276b482deec9926ec13d8dc5b8b8eceeea84e4fda83be41e6,TRUE,GCA_902847635.1_A4_3_genomic,MRTLTLNELDSVSGGASGRDIAMAIGTLSGQFVAGGIGAAAGGVAGGAIYDYASTHKPNPAMSPSGLGGTIKQKPEGIPSEAWNYAAGRLCNWSPNNLSDVCL*,1
v1_PLS_f46b02a1bfa1c3d276b482deec9926ec13d8dc5b8b8eceeea84e4fda83be41e6,TRUE,GCA_902847695.1_H002_genomic,MRTLTLNELDSVSGGASGRDIAMAIGTLSGQFVAGGIGAAAGGVAGGAIYDYASTHKPNPAMSPSGLGGTIKQKPEGIPSEAWNYAAGRLCNWSPNNLSDVCL*,1
v1_PLS_f46b02a1bfa1c3d276b482deec9926ec13d8dc5b8b8eceeea84e4fda83be41e6,TRUE,GCA_902847705.1_C3_9_genomic,MRTLTLNELDSVSGGASGRDIAMAIGTLSGQFVAGGIGAAAGGVAGGAIYDYASTHKPNPAMSPSGLGGTIKQKPEGIPSEAWNYAAGRLCNWSPNNLSDVCL*,1
v1_PLS_f46b02a1bfa1c3d276b482deec9926ec13d8dc5b8b8eceeea84e4fda83be41e6,TRUE,GCA_902847755.1_C2_110_genomic,MRTLTLNELDSVSGGASGRDIAMAIGTLSGQFVAGGIGAAAGGVAGGAIYDYASTHKPNPAMSPSGLGGTIKQKPEGIPSEAWNYAAGRLCNWSPNNLSDVCL*,1
v1_PLS_f46b02a1bfa1c3d276b482deec9926ec13d8dc5b8b8eceeea84e4fda83be41e6,TRUE,GCA_902847795.1_C3_8_genomic,MRTLTLNELDSVSGGASGRDIAMAIGTLSGQFVAGGIGAAAGGVAGGAIYDYASTHKPNPAMSPSGLGGTIKQKPEGIPSEAWNYAAGRLCNWSPNNLSDVCL*,1
v1_PLS_f46b02a1bfa1c3d276b482deec9926ec13d8dc5b8b8eceeea84e4fda83be41e6,TRUE,GCA_902847805.1_B1832_genomic,MRTLTLNELDSVSGGASGRDIAMAIGTLSGQFVAGGIGAAAGGVAGGAIYDYASTHKPNPAMSPSGLGGTIKQKPEGIPSEAWNYAAGRLCNWSPNNLSDVCL*,1
v1_PLS_f46b02a1bfa1c3d276b482deec9926ec13d8dc5b8b8eceeea84e4fda83be41e6,TRUE,GCA_902847885.1_B1696_genomic,MRTLTLNELDSVSGGASGRDIAMAIGTLSGQFVAGGIGAAAGGVAGGAIYDYASTHKPNPAMSPSGLGGTIKQKPEGIPSEAWNYAAGRLCNWSPNNLSDVCL*,1
v1_PLS_f46b02a1bfa1c3d276b482deec9926ec13d8dc5b8b8eceeea84e4fda83be41e6,TRUE,GCA_902847995.1_B1814_genomic,MRTLTLNELDSVSGGASGRDIAMAIGTLSGQFVAGGIGAAAGGVAGGAIYDYASTHKPNPAMSPSGLGGTIKQKPEGIPSEAWNYAAGRLCNWSPNNLSDVCL*,1
v1_PLS_f46b02a1bfa1c3d276b482deec9926ec13d8dc5b8b8eceeea84e4fda83be41e6,TRUE,GCA_902848165.1_B1675_genomic,MRTLTLNELDSVSGGASGRDIAMAIGTLSGQFVAGGIGAAAGGVAGGAIYDYASTHKPNPAMSPSGLGGTIKQKPEGIPSEAWNYAAGRLCNWSPNNLSDVCL*,1
v1_PLS_f46b02a1bfa1c3d276b482deec9926ec13d8dc5b8b8eceeea84e4fda83be41e6,TRUE,GCA_902848205.1_B1850_genomic,MRTLTLNELDSVSGGASGRDIAMAIGTLSGQFVAGGIGAAAGGVAGGAIYDYASTHKPNPAMSPSGLGGTIKQKPEGIPSEAWNYAAGRLCNWSPNNLSDVCL*,1
v1_PLS_f46b02a1bfa1c3d276b482deec9926ec13d8dc5b8b8eceeea84e4fda83be41e6,TRUE,GCA_902848275.1_A3_16_genomic,MRTLTLNELDSVSGGASGRDIAMAIGTLSGQFVAGGIGAAAGGVAGGAIYDYASTHKPNPAMSPSGLGGTIKQKPEGIPSEAWNYAAGRLCNWSPNNLSDVCL*,1
v1_PLS_f46b02a1bfa1c3d276b482deec9926ec13d8dc5b8b8eceeea84e4fda83be41e6,TRUE,GCA_902848615.1_C3_3_genomic,MRTLTLNELDSVSGGASGRDIAMAIGTLSGQFVAGGIGAAAGGVAGGAIYDYASTHKPNPAMSPSGLGGTIKQKPEGIPSEAWNYAAGRLCNWSPNNLSDVCL*,1
v1_PLS_f46b02a1bfa1c3d276b482deec9926ec13d8dc5b8b8eceeea84e4fda83be41e6,TRUE,GCA_902848735.1_W1_80_genomic,MRTLTLNELDSVSGGASGRDIAMAIGTLSGQFVAGGIGAAAGGVAGGAIYDYASTHKPNPAMSPSGLGGTIKQKPEGIPSEAWNYAAGRLCNWSPNNLSDVCL*,1
v1_PLS_f46b02a1bfa1c3d276b482deec9926ec13d8dc5b8b8eceeea84e4fda83be41e6,TRUE,GCA_902848805.1_C2_5_genomic,MRTLTLNELDSVSGGASGRDIAMAIGTLSGQFVAGGIGAAAGGVAGGAIYDYASTHKPNPAMSPSGLGGTIKQKPEGIPSEAWNYAAGRLCNWSPNNLSDVCL*,1
v1_PLS_f46b02a1bfa1c3d276b482deec9926ec13d8dc5b8b8eceeea84e4fda83be41e6,TRUE,GCA_902848825.1_A1_32_genomic,MRTLTLNELDSVSGGASGRDIAMAIGTLSGQFVAGGIGAAAGGVAGGAIYDYASTHKPNPAMSPSGLGGTIKQKPEGIPSEAWNYAAGRLCNWSPNNLSDVCL*,1
v1_PLS_f46b02a1bfa1c3d276b482deec9926ec13d8dc5b8b8eceeea84e4fda83be41e6,TRUE,GCA_902848855.1_C2_116_genomic,MRTLTLNELDSVSGGASGRDIAMAIGTLSGQFVAGGIGAAAGGVAGGAIYDYASTHKPNPAMSPSGLGGTIKQKPEGIPSEAWNYAAGRLCNWSPNNLSDVCL*,1
v1_PLS_f46b02a1bfa1c3d276b482deec9926ec13d8dc5b8b8eceeea84e4fda83be41e6,TRUE,GCA_902848875.1_B1932b_genomic,MRTLTLNELDSVSGGASGRDIAMAIGTLSGQFVAGGIGAAAGGVAGGAIYDYASTHKPNPAMSPSGLGGTIKQKPEGIPSEAWNYAAGRLCNWSPNNLSDVCL*,1
v1_PLS_f46b02a1bfa1c3d276b482deec9926ec13d8dc5b8b8eceeea84e4fda83be41e6,TRUE,GCA_902848915.1_C1_119_genomic,MRTLTLNELDSVSGGASGRDIAMAIGTLSGQFVAGGIGAAAGGVAGGAIYDYASTHKPNPAMSPSGLGGTIKQKPEGIPSEAWNYAAGRLCNWSPNNLSDVCL*,1
v1_PLS_f46b02a1bfa1c3d276b482deec9926ec13d8dc5b8b8eceeea84e4fda83be41e6,TRUE,GCA_902848925.1_H561_genomic,MRTLTLNELDSVSGGASGRDIAMAIGTLSGQFVAGGIGAAAGGVAGGAIYDYASTHKPNPAMSPSGLGGTIKQKPEGIPSEAWNYAAGRLCNWSPNNLSDVCL*,1
v1_PLS_f46b02a1bfa1c3d276b482deec9926ec13d8dc5b8b8eceeea84e4fda83be41e6,TRUE,GCA_902849045.1_C2_103_genomic,MRTLTLNELDSVSGGASGRDIAMAIGTLSGQFVAGGIGAAAGGVAGGAIYDYASTHKPNPAMSPSGLGGTIKQKPEGIPSEAWNYAAGRLCNWSPNNLSDVCL*,1
v1_PLS_f46b02a1bfa1c3d276b482deec9926ec13d8dc5b8b8eceeea84e4fda83be41e6,TRUE,GCA_902849065.1_C4_95_genomic,MRTLTLNELDSVSGGASGRDIAMAIGTLSGQFVAGGIGAAAGGVAGGAIYDYASTHKPNPAMSPSGLGGTIKQKPEGIPSEAWNYAAGRLCNWSPNNLSDVCL*,1
v1_PLS_f46b02a1bfa1c3d276b482deec9926ec13d8dc5b8b8eceeea84e4fda83be41e6,TRUE,GCA_902849095.1_2H_103_1_genomic,MRTLTLNELDSVSGGASGRDIAMAIGTLSGQFVAGGIGAAAGGVAGGAIYDYASTHKPNPAMSPSGLGGTIKQKPEGIPSEAWNYAAGRLCNWSPNNLSDVCL*,1
v1_PLS_f46b02a1bfa1c3d276b482deec9926ec13d8dc5b8b8eceeea84e4fda83be41e6,TRUE,GCA_902849215.1_C3_65_genomic,MRTLTLNELDSVSGGASGRDIAMAIGTLSGQFVAGGIGAAAGGVAGGAIYDYASTHKPNPAMSPSGLGGTIKQKPEGIPSEAWNYAAGRLCNWSPNNLSDVCL*,1
v1_PLS_f46b02a1bfa1c3d276b482deec9926ec13d8dc5b8b8eceeea84e4fda83be41e6,TRUE,GCA_902849245.1_H030_genomic,MRTLTLNELDSVSGGASGRDIAMAIGTLSGQFVAGGIGAAAGGVAGGAIYDYASTHKPNPAMSPSGLGGTIKQKPEGIPSEAWNYAAGRLCNWSPNNLSDVCL*,1
v1_PLS_f46b02a1bfa1c3d276b482deec9926ec13d8dc5b8b8eceeea84e4fda83be41e6,TRUE,GCA_902849255.1_E5261_genomic,MRTLTLNELDSVSGGASGRDIAMAIGTLSGQFVAGGIGAAAGGVAGGAIYDYASTHKPNPAMSPSGLGGTIKQKPEGIPSEAWNYAAGRLCNWSPNNLSDVCL*,1
v1_PLS_f46b02a1bfa1c3d276b482deec9926ec13d8dc5b8b8eceeea84e4fda83be41e6,TRUE,GCA_902849315.1_C3_72_genomic,MRTLTLNELDSVSGGASGRDIAMAIGTLSGQFVAGGIGAAAGGVAGGAIYDYASTHKPNPAMSPSGLGGTIKQKPEGIPSEAWNYAAGRLCNWSPNNLSDVCL*,1
v1_PLS_f46b02a1bfa1c3d276b482deec9926ec13d8dc5b8b8eceeea84e4fda83be41e6,TRUE,GCA_902849465.1_C4_85_genomic,MRTLTLNELDSVSGGASGRDIAMAIGTLSGQFVAGGIGAAAGGVAGGAIYDYASTHKPNPAMSPSGLGGTIKQKPEGIPSEAWNYAAGRLCNWSPNNLSDVCL*,1
v1_PLS_f46b02a1bfa1c3d276b482deec9926ec13d8dc5b8b8eceeea84e4fda83be41e6,TRUE,GCA_902849495.1_C4_93_genomic,MRTLTLNELDSVSGGASGRDIAMAIGTLSGQFVAGGIGAAAGGVAGGAIYDYASTHKPNPAMSPSGLGGTIKQKPEGIPSEAWNYAAGRLCNWSPNNLSDVCL*,1
v1_PLS_f46b02a1bfa1c3d276b482deec9926ec13d8dc5b8b8eceeea84e4fda83be41e6,TRUE,GCA_902849615.1_2H_290_1_genomic,MRTLTLNELDSVSGGASGRDIAMAIGTLSGQFVAGGIGAAAGGVAGGAIYDYASTHKPNPAMSPSGLGGTIKQKPEGIPSEAWNYAAGRLCNWSPNNLSDVCL*,1
v1_PLS_f46b02a1bfa1c3d276b482deec9926ec13d8dc5b8b8eceeea84e4fda83be41e6,TRUE,GCA_902849935.1_A2_47_genomic,MRTLTLNELDSVSGGASGRDIAMAIGTLSGQFVAGGIGAAAGGVAGGAIYDYASTHKPNPAMSPSGLGGTIKQKPEGIPSEAWNYAAGRLCNWSPNNLSDVCL*,1
v1_PLS_f46b02a1bfa1c3d276b482deec9926ec13d8dc5b8b8eceeea84e4fda83be41e6,TRUE,GCA_902849955.1_A4_14_genomic,MRTLTLNELDSVSGGASGRDIAMAIGTLSGQFVAGGIGAAAGGVAGGAIYDYASTHKPNPAMSPSGLGGTIKQKPEGIPSEAWNYAAGRLCNWSPNNLSDVCL*,1
v1_PLS_f46b02a1bfa1c3d276b482deec9926ec13d8dc5b8b8eceeea84e4fda83be41e6,TRUE,GCA_902849995.1_BS14_genomic,MRTLTLNELDSVSGGASGRDIAMAIGTLSGQFVAGGIGAAAGGVAGGAIYDYASTHKPNPAMSPSGLGGTIKQKPEGIPSEAWNYAAGRLCNWSPNNLSDVCL*,1
v1_PLS_f5f4b229944b80fdc79a5870d6bb61db5c15b922dd44038edf99fe8eb3383e5e,FALSE,GCA_902848825.1_A1_32_genomic,MREISDHMLDFVKGGMNLNGLPSSTNVIDLRGKDMGTYIDANGACWAPVDLPL,1
v1_PLS_f6c4465bf656b1a793e24112838c2c177c5b2767d0e27cce0fc3d84e07038577,FALSE,GCA_902845075.1_E9693_genomic,MREISDNMLDSVKGGMNLNGLPASTNVIDLRGKDMGTYIDANGACWAPDTPSIIMYPGGSGPSYSMRSSTSS,1
v1_PLS_ff10c10f7e957c977390dcd2776f9a12a1d1f324700543820a861d0a6aced3fe,TRUE,GCA_902838575.1_M701_genomic,MREISDNMLDSVKGGMNLNGLPASTNVIDLRGKDMGTYIDANGACWAPDTPSIIMYPGGSGPSYSMSSSTSSANSGS*,1
v1_PLS_ff10c10f7e957c977390dcd2776f9a12a1d1f324700543820a861d0a6aced3fe,TRUE,GCA_902840495.1_TA361_genomic,MREISDNMLDSVKGGMNLNGLPASTNVIDLRGKDMGTYIDANGACWAPDTPSIIMYPGGSGPSYSMSSSTSSANSGS*,1
v1_PLS_ff10c10f7e957c977390dcd2776f9a12a1d1f324700543820a861d0a6aced3fe,TRUE,GCA_902842435.1_M540_genomic,MREISDNMLDSVKGGMNLNGLPASTNVIDLRGKDMGTYIDANGACWAPDTPSIIMYPGGSGPSYSMSSSTSSANSGS*,1
v1_PLS_ff10c10f7e957c977390dcd2776f9a12a1d1f324700543820a861d0a6aced3fe,TRUE,GCA_902845455.1_E6181_genomic,MREISDNMLDSVKGGMNLNGLPASTNVIDLRGKDMGTYIDANGACWAPDTPSIIMYPGGSGPSYSMSSSTSSANSGS*,1
v1_PLS_ff10c10f7e957c977390dcd2776f9a12a1d1f324700543820a861d0a6aced3fe,TRUE,GCA_902846895.1_E3466_genomic,MREISDNMLDSVKGGMNLNGLPASTNVIDLRGKDMGTYIDANGACWAPDTPSIIMYPGGSGPSYSMSSSTSSANSGS*,1
