seq,sseqid,pident,n
FITCGYIFIVVVKREFLLLHKSYSEGVEMRKLSENEIKQISGGDGNDGQAELIAIGSLAGTFISPGFGSIAGAYIGDKVHSWATTATVSPSMSPSGIGLSSQFGSGRGTSSASSSAGSGS*,M_tr_Q83TS1_Q83TS1_ECOLX,100,1
GGGWERCAVAAGVIGGTLLGGGVGTVLGTIFGLAIQGLIQTYINFDGTLSSWWTKIAIGILLFIFIALQRGLTVLWENRQSSPVTRVNIAQQ*,S_tr_H9ZMG7_H9ZMG7_ECOLX,46.875,1
GLPASTNVIDLRGKDMGTYIDANGACWAPDTPSIIMYPGGSGPSYSMSSSTSSANSGS*,I47_tr_Q712Q0_Q712Q0_ECOLX,100,1
ILSSRLGAGSPSAGNIAELDAIAACVIGGTSLAGGVGSVAGAVMGAFIMASLDNGMSMMDVPTFWQYIVKGAILLLAVWMDSATKRRS*,M_tr_Q83TS1_Q83TS1_ECOLX,40.625,1
ITLNEMNNVSGAGDVNWVDVGKTVATNGAGVIGGAFGAGLCGPVCAGAFAVGSSAAVAALYDAAGNSNSAKQKPEGLPPEAWNYAEGRMCNWSPNNLSDVCV*,L_tr_Q841V4_Q841V4_ECOLX,99.02,1
IYDYASTHKPNPAMSPSGLGGTIKQKPEGIPSEAWNYAAGRLCNWSPNNLSDVCL*,V_sp_P22522_CEAV_ECOLX,100,1
MAGIRELTLDEITLVSGGNANSNFEGGPRNERSSGARNSLGRNAPTHIYSDPSTVKCANAVFSGMIGGAIKGGPIGMARGTIGGAVVGQCLSDHGSGNGCGNRGSSSSCSGNNVGGTCNR*,PDI_tr_I6ZU90_I6ZU90_ECOLX,97.5,10
MANIRELTLDEITLVSGGNANSNFEGGPRNDRSSGARNSLGRNAPTHIYSDPSTVKCANAVFSGMIGGAIKGGPIGMARGTIGGAVVGQCLSDHGSGNGCGNRGSSSSCSGNNVGGTCNR*,PDI_tr_I6ZU90_I6ZU90_ECOLX,99.167,2
MASIRELTLDEITLVSGGNANSNFEGGPRNDRSSGARNSLGRNAPTHIYSDPSTVKCANAVFSGMIGGAIKGGPIGMARGTIGGAVVGQCLSDHGSGNGGGNRGGSSSCSGNNVGGTCNR*,PDI_tr_I6ZU90_I6ZU90_ECOLX,97.5,1
MASIRELTLDEITLVSGGNANSNFEGGPRNDRSSGARNSLGRNAPTHIYSDPSTVKCANAVFSGMIGGAIKGGPIGMARGTIGGAVVGQCLSDHGSGNGGGNRGSSSSCSGNNVGGTCNR*,PDI_tr_I6ZU90_I6ZU90_ECOLX,98.333,6
MDIIFLIYICFFITCSYIFIVVVKREFLLLHKSYSEGVEMRKLSENEIKQISGGDGNDGQAELIAIGSLAGTFISPGFGSIVGAYIGDKVHSWATTATVSPSMSPSGIGLSSQFGSGRGTSSASSSAGSGS*,M_tr_Q83TS1_Q83TS1_ECOLX,98.913,1
MGFEGFWSGQAGKTEVKYDGVYMREITESQLRYISGAGGAPATSANAAGAAAIVGALAGIPGGPLGVVVGAVSAGLTTAIGSTVG,H47_sp_P62530_MCHB_ECOLX,100,1
MGFEGFWSGQAGKTEVKYDGVYMREITESQLRYISGAGGAPATSANAAGAAAIVGALAGIPGGPLGVVVGAVSAGLTTAIGSTVGSGSASSSAGG,H47_sp_P62530_MCHB_ECOLX,100,1
MGFEGFWSGQAGKTEVKYDGVYMREITESQLRYISGAGGAPATSANAAGAAAIVGALAGIPGGPLGVVVGAVSAGLTTAIGSTVGSGSASSSAGGGCYLYFYFFYRYFFGSTCKIYPFCLKQIENPFISVFLCSTLY,H47_sp_P62530_MCHB_ECOLX,98.667,1
MGFEGFWSGQAGKTEVKYDGVYMREITESQLRYISGAGGAPATSANAAGAAAIVGALAGIPGGPLGVVVGAVSAGLTTAIGSTVGSGSASSSAGGGS*,H47_sp_P62530_MCHB_ECOLX,100,17
MGFERFWSGQAGKTEVKYDGVYMREITESQLRYICGAGGAPATSANAAGAAAIVGALAGIPGGPLGVVVGAVSAGLTTAIGSTVGSGSASSSAGGGS*,H47_sp_P62530_MCHB_ECOLX,98.667,1
MGFERFWSGQAGKTEVKYDGVYMREITESQLRYISGAGGAPATSANAAGAAAIVGALAGIPGGPLGVVVGAVSAGLTTAIGSTVGSGSASSSAGGGS*,H47_sp_P62530_MCHB_ECOLX,100,8
MGFERFWSGQAGKTKVKYDGVYMREITESQLRYISGAGGAPATSANAAGAAAIVGALAGIPGGPLGVVVGAVSAGLTTAIGSTVGSGSASSSAGGGS*,H47_sp_P62530_MCHB_ECOLX,100,1
MPEITESQLRYISGAGGAPATSANAAGAAAIVGALAGIPGGPLGVVVGAVSAGLTTAIGSTVGSGSASSSAGGGS*,H47_sp_P62530_MCHB_ECOLX,98.667,1
MREISDHMLDFVKGGMNLNGLPGSTNVIDLRGKDMGTYIDANGACWAPGTPSIIMYPGGSGPSYSMSSSTSSANSGS*,I47_tr_Q712Q0_Q712Q0_ECOLX,92.982,2
MREISDHMLDFVKGGMNLNGLPSSTNVIDLRGKDMGTYIDANGACWAPDTPSIIMYPGEDGPSYSISSSTSSANSGS*,I47_tr_Q712Q0_Q712Q0_ECOLX,94.737,1
MREISDHMLDFVKGGMNLNGLPSSTNVIDLRGKDMGTYIDANGACWAPGTPSIIMYPGGSGPSYSMSSSTSSANSGS*,I47_tr_Q712Q0_Q712Q0_ECOLX,92.982,5
MREISDHMLDFVKGGMNLNGLPSSTNVIDLRGKDMGTYIDANGACWAPVDLPL,I47_tr_Q712Q0_Q712Q0_ECOLX,93.75,1
MREISDHMLDFVKRGMNLNGLPSSTNVIDLRGKDMGTYIDANGACWAPGTPSIIMYPGGSGPSYSMSSSTSSANSGS*,I47_tr_Q712Q0_Q712Q0_ECOLX,91.228,1
MREISDNMLDSVKGGMNLNGLPASTNVIDLRGKDMGTYIDANGACWAPDTPSIIMYPGGSGPSYSMRSSTSS,I47_tr_Q712Q0_Q712Q0_ECOLX,98.611,1
MREISDNMLDSVKGGMNLNGLPASTNVIDLRGKDMGTYIDANGACWAPDTPSIIMYPGGSGPSYSMSSSISSANSGS*,I47_tr_Q712Q0_Q712Q0_ECOLX,98.701,2
MREISDNMLDSVKGGMNLNGLPGSTNVIDLRGKDMGTYIDANGACWAPDTPSIIMYPGGSGPSYSMSSSTSSANSGS*,I47_tr_Q712Q0_Q712Q0_ECOLX,98.701,3
MREISDNMLDSVKGGMNLNGLSASTNVIDLRGKDMGTYIDANGACWAPDTPSIIMYPGGSGPSYSMSSSTSSANSGS*,I47_tr_Q712Q0_Q712Q0_ECOLX,98.701,1
MREISQRDLYQVLGAGNTDPNTQLLKDLANNMAWGAALGAKGGLGTAAVGAGGAAVQTVVQGLINHGPVSVPVPVLIGPSWNGSGSGYNSATSSANGGS*,E492_sp_Q9Z4N4_MCEA_KLEPN,80.435,1
MREITLNEMNNVSGAGDVNWVDVGKTVATNGAGVIGGAFGAGLCGPVCAGAFAVGSSAAVAALYDAAGNSNSAKQKPEGLPPEAWNYAEGRMCNWSPNNLSDVCV*,L_tr_Q841V4_Q841V4_ECOLX,99.048,2
MRKLSENEIKQISGGDGDDGQAELIAIGSLAGTFISPGFGSIAGAYIGDKVHSWATTATVSPSMSPSGIGLSSQFGSGRGTSSASSSAGSGS*,M_tr_Q83TS1_Q83TS1_ECOLX,98.913,3
MRKLSENEIKQISGGDGNDGQAELIAIGSLAGTFISPGFGSIAGAYIGDKVHSWATTATVSLDWPPE,M_tr_Q83TS1_Q83TS1_ECOLX,93.939,1
MRKLSENEIKQISGGDGNDGQAELIAIGSLAGTFISPGFGSIVGAYIGDKVHSWATTATVSPSMSPSGIGLSSQFGSGRGTSSASSSAGSGS*,M_tr_Q83TS1_Q83TS1_ECOLX,98.913,1
MRKLSENEIKQISGGDGNDGQAELISIGSLAGTFISPGFGSIAGAYIGDKVHSWATTATVSPSMSPSGIGLSSQFGSGRCTSSASSSAGSGN*,M_tr_Q83TS1_Q83TS1_ECOLX,96.739,10
MRKPSENEIKQISGGDGNDGQAELIAIGLLAGTFISPGFGSIAGAYIGDKVHSWATTATVSPSMFPSGIGLSSQFGSGRGTSSASSSAGSGS*,M_tr_Q83TS1_Q83TS1_ECOLX,96.739,1
MRNITTDELALIHGAGLDKDASVAIGTAAGGFLGKATKIPGADIAGSAIGGYIGGVIADGSNRTITIPSNGINYNPGIGLGSFNPNYNGGLLNSGFNSSTSSSSSGS*,V_sp_P22522_CEAV_ECOLX,26.923,4
MRNITTDELALIHGAGLDKDASVAIGTAAGGFLGKATKIPGADIAGSAIGGYIGGVIADGSNRTITIPSNGINYNPGIGLGSFNPNYNGGLLNSGFNSSTSSSSSGSWLISKAA*,V_sp_P22522_CEAV_ECOLX,26.923,4
MRTLTLNELDAVSWGVNVTITVAQEYKWKRGKYSSLYYPSALLLALLLTN*,V_sp_P22522_CEAV_ECOLX,81.25,1
MRTLTLNELDSVSGGASGRDIALAIGTLFGQFVAGGIGAAAGGV,V_sp_P22522_CEAV_ECOLX,93.75,1
MRTLTLNELDSVSGGASGRDIAMAIGTLSG*,V_sp_P22522_CEAV_ECOLX,100,1
MRTLTLNELDSVSGGASGRDIAMAIGTLSGQFVAGGIGAAAGGVAGGAIYDYA,V_sp_P22522_CEAV_ECOLX,100,1
MRTLTLNELDSVSGGASGRDIAMAIGTLSGQFVAGGIGAAAGGVAGGAIYDYASTHKPNPAMSPSGLGGTIKQKPEGIHSEARKYAAGR*,V_sp_P22522_CEAV_ECOLX,96.629,1
MRTLTLNELDSVSGGASGRDIAMAIGTLSGQFVAGGIGAAAGGVAGGAIYDYASTHKPNPAMSPSGLGGTIKQKPEGIPSEAWN,V_sp_P22522_CEAV_ECOLX,100,1
MRTLTLNELDSVSGGASGRDIAMAIGTLSGQFVAGGIGAAAGGVAGGAIYDYASTHKPNPAMSPSGLGGTIKQKPEGIPSEAWNYAAGRLCN,V_sp_P22522_CEAV_ECOLX,100,1
MRTLTLNELDSVSGGASGRDIAMAIGTLSGQFVAGGIGAAAGGVAGGAIYDYASTHKPNPAMSPSGLGGTIKQKPEGIPSEAWNYAAGRLCNW,V_sp_P22522_CEAV_ECOLX,100,1
MRTLTLNELDSVSGGASGRDIAMAIGTLSGQFVAGGIGAAAGGVAGGAIYDYASTHKPNPAMSPSGLGGTIKQKPEGIPSEAWNYAAGRLCNWSPNKRTVIGQSTQNDISSWWVVYLPFHLQQISEHNEEL*,V_sp_P22522_CEAV_ECOLX,95.05,1
MRTLTLNELDSVSGGASGRDIAMAIGTLSGQFVAGGIGAAAGGVAGGAIYDYASTHKPNPAMSPSGLGGTIKQKPGDAANLLI*,V_sp_P22522_CEAV_ECOLX,100,1
MRTLTLNELDSVSGGASGRDIAMAIGTLSGQFVAGGIGAAAGGVAGGAIYDYASTHKPNPAMSPSGW*,V_sp_P22522_CEAV_ECOLX,100,12
MRTLTLNELDSVSGGASGRDIAMAIGTLSGQFVAGGVGASAGGVAGGAIYDYASTHKPNPAMSPSGLGGTIKQKPEGIPSEAWNYAAGRLCNWSPNNFSDVCL*,V_sp_P22522_CEAV_ECOLX,97.087,1
MRTLTLNELDSVSGGASGRDIAMAVMLPTY,V_sp_P22522_CEAV_ECOLX,96,1
MRTLTLNELDSVSGGASGRDIAMAVMLPTY*,V_sp_P22522_CEAV_ECOLX,96,6
MRTLTLNELYSVSGGASGRDIAMAIGTLSGQFVAGGIGAAAGGVAGGAIYDYASTHKPNPAMSPSGLGGTIKQKPEGIPSEAWNYAAGRLCNWSPNNLSDVCL*,V_sp_P22522_CEAV_ECOLX,99.029,1
MTNIRELSFDEIALVSGGNANSNYEGGGSRNSNSGARNSLGRNAPTHIYSDPSTVQCANAVFSGMVGGAIKGGPVGMARGTIGGAVIGQCLSGGGNGNGGGNRAGSSNCSGSNVGGTCSR*,S_tr_H9ZMG7_H9ZMG7_ECOLX,95,1
MVKREFLLLHKSYSEGVEMRKLSENEIKQISGGDGNDGQAELIAIGSLAGTFISPGFGSIAGAYIGDKVHSWATTATVSPSMSPSGIGLSSQFGSGRGTSSASSSAGSGS*,M_tr_Q83TS1_Q83TS1_ECOLX,100,5
MVKREFLLLHKSYSEGVEMRKLSENEIKQISGGDGNDGQAELIAIGSLAGTFISPGFGSIVGAYIGDKVHSWATTATVSPSMSPSGIGLSSQFGSGRGTSSASSSAGSGS*,M_tr_Q83TS1_Q83TS1_ECOLX,98.913,2
MVKRKFLLFHKSYSEGVEMRKLSENEIKQISGGDGNDGQAELIAIGSLAGTFISPGFGSIVGAYIGDKVHSLATTATVSPSMSPSGIGLSSQFGSGRGTSSASSSAGSGS*,M_tr_Q83TS1_Q83TS1_ECOLX,97.826,1
MVKRKFLLLHKSYSEGVEMRKLSENEIKQISGGDGNDGQAELISIGSLAGTFISPGFGSIAGAYIGDKVHSWATTATVSPSMSPSGIGLSSQFGSGRCTSSASSSAGSGN*,M_tr_Q83TS1_Q83TS1_ECOLX,96.739,2
YVFFITCSYIFIVVVKREFLLLHKSYSEGVEMRKLSENEIKQISGGDGNDGQAELIAIGSLAGTFISPGFGSIAGAYIGDKVHSWATTATVSPSMSPSGIGLSSQFGSGRGTSSASSSAGSGS*,M_tr_Q83TS1_Q83TS1_ECOLX,100,1
YYVGRITLTLNELDSVSGGASGRDIAMAIGTLSGQFVAGGIGAAAGGVAGGAIYDYASTHKPNPAMSPSGLGGTIKQKPEGIPSEAWNYAAGRLCNWSPNNLSDVCL*,V_sp_P22522_CEAV_ECOLX,100,1

