cinful_id,pephash,sample,contig,start,stop,strand,allStandardAA,seq,cvab_hit
GCA_902858915.1_26_AU_GLYBX_genomic|CADIGT010000015.1|35056:36282:1,v1_PLS_c1101722cdfb9bfc03ac4945f8c2fc7a43287a6befc685e1d715b6a8f2feea24,GCA_902858915.1_26_AU_GLYBX_genomic,CADIGT010000015.1,35056,36282,1,True,MEIYRNIKKNFLGDVFIPDNIKIKRAVCVYAMIVLLLAVLFVFAKYTQRKRVTGVIFPEQGTFAIRSDRNGVVENLAVMEGGKVKKGDVLFNISSSNSNSKFENSEYIYSLLLKERIASISKENKNKVNNYKKQLSSIDLQIRKEEDSIKKAKNDKNMIERAIEINSSAYRKINEAYKNKVVTIVDKNNAESQLLEKLLQRTSVEREIDETTRKVMELKLQKSDIESKILSTNNNYNENKINDLIQYYNNAEKYEYIQKSPVQGVVTSITKKNGAQAKDGEYIMSIIPDNAVYQAIMFISPDVIGRVKLNSKVTLHIDSYPYQRFGVIYGTIRSISDTPLSPDSVYYNYNIKTDVPSYVAIAEIDRNYRNLKLISNMTFKADVPLETRPLIKWLYSSLFENDTGITFK*,GCA_902858915.1_26_AU_GLYBX_genomic|CADIGT010000015.1|36279:38423:1
GCA_902840555.1_A2_40_genomic|CADGGK010000017.1|39646:40827:-1,v1_PLS_61716ea3d41ddc1c794f0cdaf08c04f8f194de5a2d678c3ca3c482c772d312c9,GCA_902840555.1_A2_40_genomic,CADGGK010000017.1,39646,40827,-1,True,MKYISHRAIICTLTLLIIIITVLFTFLRSSDVPEYITAPVRKGDIENSVLATGRIDAIERVNVGAQVSGQLKSLKVKQGDHVTKGQLIAEIDDLPQCNDLRNAEAALNEVKAELQSKQALLKQAELRFKRQLRMLRENASSHEDFESAEAMLATTRAELHSLNAKLVQAQIEVDKKKLALEYTRVVAPMDGIVIAIVTQQGQTVNSNQSAPTIIKLARLDVMTIKAQISEADITRISVGQKARFSIFSEPDKHYSATLRAVELAPESVMKDDSLASNTSASGSGTSNASVYYNALFDVPNPENRLRIAMTAQVTLITDEAQNTLLVPIQAVHRNEGKKQQVLVLAADGRLEPRNVKTGITNSVDIQILEGLNVGENVVLSLPDKKEPEERIML*,GCA_902840555.1_A2_40_genomic|CADGGK010000017.1|7838:9934:-1
GCA_902848925.1_H561_genomic|CADHMT010000039.1|35891:37072:-1,v1_PLS_61716ea3d41ddc1c794f0cdaf08c04f8f194de5a2d678c3ca3c482c772d312c9,GCA_902848925.1_H561_genomic,CADHMT010000039.1,35891,37072,-1,True,MKYISHRAIICTLTLLIIIITVLFTFLRSSDVPEYITAPVRKGDIENSVLATGRIDAIERVNVGAQVSGQLKSLKVKQGDHVTKGQLIAEIDDLPQCNDLRNAEAALNEVKAELQSKQALLKQAELRFKRQLRMLRENASSHEDFESAEAMLATTRAELHSLNAKLVQAQIEVDKKKLALEYTRVVAPMDGIVIAIVTQQGQTVNSNQSAPTIIKLARLDVMTIKAQISEADITRISVGQKARFSIFSEPDKHYSATLRAVELAPESVMKDDSLASNTSASGSGTSNASVYYNALFDVPNPENRLRIAMTAQVTLITDEAQNTLLVPIQAVHRNEGKKQQVLVLAADGRLEPRNVKTGITNSVDIQILEGLNVGENVVLSLPDKKEPEERIML*,GCA_902848925.1_H561_genomic|CADHMT010000039.1|4084:6180:-1
GCA_902843325.1_53_1_AC6_genomic|CADGRB010000120.1|243:1517:1,v1_PLS_16a93f76898f0b2f5f8aa652f2cbb5aef2c7a1381edb6f49a3402bda0be45594,GCA_902843325.1_53_1_AC6_genomic,CADGRB010000120.1,243,1517,1,True,MFRQDALENRKMKWQGRAILLPGIPLWLIMLGSIVFITAFLMFIIVGTYSRRVNVSGEVTTWPRAVNIYSGVQGFVVRQFVHEGQLIKKGDPVYLIDISKSTRNGIVTDNHRRDIENQLVRVDNIISRLEESKKITLDTLEKQRLQYTDAFRRSSDIIQRAEEGIKIMKNNMENYRYYQSKGLINKDQLTNQVALYYQQQNNLLSLSGQNEQNALQITTLESQIQTQAADFDNRIYQMELQRLELQKELVNTDVEGEIIIRALSDGKVDSLSVTVGQMVNTGDSLLQVIPENIENYYLILWVPNDAVPYISAGDKVNIRYEAFPSEKFGQFSATVKTISRTPASTQEMLTYKGAPQNTPGASVPWYKVIATPEKQIIRYDEKYLPLENGMKAESTLFLEKRRIYQWMLSPFYDMKHSATGPIND*,GCA_902843325.1_53_1_AC6_genomic|CADGRB010000120.1|1510:3606:1
GCA_902849985.1_C2_117_genomic|CADHQL010000132.1|385:1659:1,v1_PLS_16a93f76898f0b2f5f8aa652f2cbb5aef2c7a1381edb6f49a3402bda0be45594,GCA_902849985.1_C2_117_genomic,CADHQL010000132.1,385,1659,1,True,MFRQDALENRKMKWQGRAILLPGIPLWLIMLGSIVFITAFLMFIIVGTYSRRVNVSGEVTTWPRAVNIYSGVQGFVVRQFVHEGQLIKKGDPVYLIDISKSTRNGIVTDNHRRDIENQLVRVDNIISRLEESKKITLDTLEKQRLQYTDAFRRSSDIIQRAEEGIKIMKNNMENYRYYQSKGLINKDQLTNQVALYYQQQNNLLSLSGQNEQNALQITTLESQIQTQAADFDNRIYQMELQRLELQKELVNTDVEGEIIIRALSDGKVDSLSVTVGQMVNTGDSLLQVIPENIENYYLILWVPNDAVPYISAGDKVNIRYEAFPSEKFGQFSATVKTISRTPASTQEMLTYKGAPQNTPGASVPWYKVIATPEKQIIRYDEKYLPLENGMKAESTLFLEKRRIYQWMLSPFYDMKHSATGPIND*,GCA_902849985.1_C2_117_genomic|CADHQL010000132.1|1652:3748:1
GCA_902837815.1_W2_47_genomic|CADFWD010000033.1|535:1809:1,v1_PLS_16a93f76898f0b2f5f8aa652f2cbb5aef2c7a1381edb6f49a3402bda0be45594,GCA_902837815.1_W2_47_genomic,CADFWD010000033.1,535,1809,1,True,MFRQDALENRKMKWQGRAILLPGIPLWLIMLGSIVFITAFLMFIIVGTYSRRVNVSGEVTTWPRAVNIYSGVQGFVVRQFVHEGQLIKKGDPVYLIDISKSTRNGIVTDNHRRDIENQLVRVDNIISRLEESKKITLDTLEKQRLQYTDAFRRSSDIIQRAEEGIKIMKNNMENYRYYQSKGLINKDQLTNQVALYYQQQNNLLSLSGQNEQNALQITTLESQIQTQAADFDNRIYQMELQRLELQKELVNTDVEGEIIIRALSDGKVDSLSVTVGQMVNTGDSLLQVIPENIENYYLILWVPNDAVPYISAGDKVNIRYEAFPSEKFGQFSATVKTISRTPASTQEMLTYKGAPQNTPGASVPWYKVIATPEKQIIRYDEKYLPLENGMKAESTLFLEKRRIYQWMLSPFYDMKHSATGPIND*,GCA_902837815.1_W2_47_genomic|CADFWD010000033.1|1802:3898:1
GCA_902846275.1_B377_genomic|CADHCN010000032.1|933:2120:1,v1_PLS_5815f9d27f86cba2426ede605ac9e59134bc0bad804d8224cee70ba921549f7f,GCA_902846275.1_B377_genomic,CADHCN010000032.1,933,2120,1,True,MITKCLFRRTEFFIAALFIILICVLLFFLRSPDIPEFVTAPVRKGDIENSVLATGRIDAIERVNVGAQVSGQVKSLKVKQGDYVTKGQLIAEIDDLPQRNDLRNAEAALSEVKAELQSKQALLKQAELRFKRQQQMLREDASSREDFESAETMLATTHAELLSLNAKLVQAQIEVDKKKLALGYTRVVAPMDGIVIAVVTQQGQTVNSNQSAPTIIKLARLDVMTIKAQISEADITRISAGQKARFTIFSEPETHYNATLRAVELAPESVMKDDSLASNSSVSGASSSNASVYYNALLDVPNPENRLRIAMTAQVTLLIEEAKNTLLVPLQAVRRTGENKQQVQVLAADGKLETRNVTTGITNGLDIQILEGLKIGENVVLSLPEEKATEEEIVL*,GCA_902846275.1_B377_genomic|CADHCN010000032.1|28632:30728:1
GCA_902846275.1_B377_genomic|CADHCN010000032.1|27365:28639:1,v1_PLS_16a93f76898f0b2f5f8aa652f2cbb5aef2c7a1381edb6f49a3402bda0be45594,GCA_902846275.1_B377_genomic,CADHCN010000032.1,27365,28639,1,True,MFRQDALENRKMKWQGRAILLPGIPLWLIMLGSIVFITAFLMFIIVGTYSRRVNVSGEVTTWPRAVNIYSGVQGFVVRQFVHEGQLIKKGDPVYLIDISKSTRNGIVTDNHRRDIENQLVRVDNIISRLEESKKITLDTLEKQRLQYTDAFRRSSDIIQRAEEGIKIMKNNMENYRYYQSKGLINKDQLTNQVALYYQQQNNLLSLSGQNEQNALQITTLESQIQTQAADFDNRIYQMELQRLELQKELVNTDVEGEIIIRALSDGKVDSLSVTVGQMVNTGDSLLQVIPENIENYYLILWVPNDAVPYISAGDKVNIRYEAFPSEKFGQFSATVKTISRTPASTQEMLTYKGAPQNTPGASVPWYKVIATPEKQIIRYDEKYLPLENGMKAESTLFLEKRRIYQWMLSPFYDMKHSATGPIND*,GCA_902846275.1_B377_genomic|CADHCN010000032.1|28632:30728:1
GCA_902847885.1_B1696_genomic|CADHIS010000211.1|93:1367:1,v1_PLS_16a93f76898f0b2f5f8aa652f2cbb5aef2c7a1381edb6f49a3402bda0be45594,GCA_902847885.1_B1696_genomic,CADHIS010000211.1,93,1367,1,True,MFRQDALENRKMKWQGRAILLPGIPLWLIMLGSIVFITAFLMFIIVGTYSRRVNVSGEVTTWPRAVNIYSGVQGFVVRQFVHEGQLIKKGDPVYLIDISKSTRNGIVTDNHRRDIENQLVRVDNIISRLEESKKITLDTLEKQRLQYTDAFRRSSDIIQRAEEGIKIMKNNMENYRYYQSKGLINKDQLTNQVALYYQQQNNLLSLSGQNEQNALQITTLESQIQTQAADFDNRIYQMELQRLELQKELVNTDVEGEIIIRALSDGKVDSLSVTVGQMVNTGDSLLQVIPENIENYYLILWVPNDAVPYISAGDKVNIRYEAFPSEKFGQFSATVKTISRTPASTQEMLTYKGAPQNTPGASVPWYKVIATPEKQIIRYDEKYLPLENGMKAESTLFLEKRRIYQWMLSPFYDMKHSATGPIND*,GCA_902847885.1_B1696_genomic|CADHIS010000211.1|1360:3456:1
GCA_902838985.1_M710019_genomic|CADGAL010000093.1|535:1809:1,v1_PLS_16a93f76898f0b2f5f8aa652f2cbb5aef2c7a1381edb6f49a3402bda0be45594,GCA_902838985.1_M710019_genomic,CADGAL010000093.1,535,1809,1,True,MFRQDALENRKMKWQGRAILLPGIPLWLIMLGSIVFITAFLMFIIVGTYSRRVNVSGEVTTWPRAVNIYSGVQGFVVRQFVHEGQLIKKGDPVYLIDISKSTRNGIVTDNHRRDIENQLVRVDNIISRLEESKKITLDTLEKQRLQYTDAFRRSSDIIQRAEEGIKIMKNNMENYRYYQSKGLINKDQLTNQVALYYQQQNNLLSLSGQNEQNALQITTLESQIQTQAADFDNRIYQMELQRLELQKELVNTDVEGEIIIRALSDGKVDSLSVTVGQMVNTGDSLLQVIPENIENYYLILWVPNDAVPYISAGDKVNIRYEAFPSEKFGQFSATVKTISRTPASTQEMLTYKGAPQNTPGASVPWYKVIATPEKQIIRYDEKYLPLENGMKAESTLFLEKRRIYQWMLSPFYDMKHSATGPIND*,GCA_902838985.1_M710019_genomic|CADGAL010000093.1|1802:3898:1
GCA_902837645.1_H434_genomic|CADFVI010000031.1|17655:18929:1,v1_PLS_16a93f76898f0b2f5f8aa652f2cbb5aef2c7a1381edb6f49a3402bda0be45594,GCA_902837645.1_H434_genomic,CADFVI010000031.1,17655,18929,1,True,MFRQDALENRKMKWQGRAILLPGIPLWLIMLGSIVFITAFLMFIIVGTYSRRVNVSGEVTTWPRAVNIYSGVQGFVVRQFVHEGQLIKKGDPVYLIDISKSTRNGIVTDNHRRDIENQLVRVDNIISRLEESKKITLDTLEKQRLQYTDAFRRSSDIIQRAEEGIKIMKNNMENYRYYQSKGLINKDQLTNQVALYYQQQNNLLSLSGQNEQNALQITTLESQIQTQAADFDNRIYQMELQRLELQKELVNTDVEGEIIIRALSDGKVDSLSVTVGQMVNTGDSLLQVIPENIENYYLILWVPNDAVPYISAGDKVNIRYEAFPSEKFGQFSATVKTISRTPASTQEMLTYKGAPQNTPGASVPWYKVIATPEKQIIRYDEKYLPLENGMKAESTLFLEKRRIYQWMLSPFYDMKHSATGPIND*,GCA_902837645.1_H434_genomic|CADFVI010000031.1|18922:21018:1
GCA_902842005.1_32_1_DC18_genomic|CADGLZ010000053.1|28345:29619:1,v1_PLS_16a93f76898f0b2f5f8aa652f2cbb5aef2c7a1381edb6f49a3402bda0be45594,GCA_902842005.1_32_1_DC18_genomic,CADGLZ010000053.1,28345,29619,1,True,MFRQDALENRKMKWQGRAILLPGIPLWLIMLGSIVFITAFLMFIIVGTYSRRVNVSGEVTTWPRAVNIYSGVQGFVVRQFVHEGQLIKKGDPVYLIDISKSTRNGIVTDNHRRDIENQLVRVDNIISRLEESKKITLDTLEKQRLQYTDAFRRSSDIIQRAEEGIKIMKNNMENYRYYQSKGLINKDQLTNQVALYYQQQNNLLSLSGQNEQNALQITTLESQIQTQAADFDNRIYQMELQRLELQKELVNTDVEGEIIIRALSDGKVDSLSVTVGQMVNTGDSLLQVIPENIENYYLILWVPNDAVPYISAGDKVNIRYEAFPSEKFGQFSATVKTISRTPASTQEMLTYKGAPQNTPGASVPWYKVIATPEKQIIRYDEKYLPLENGMKAESTLFLEKRRIYQWMLSPFYDMKHSATGPIND*,GCA_902842005.1_32_1_DC18_genomic|CADGLZ010000053.1|29612:31708:1
GCA_902838215.1_BS17_genomic|CADFXP010000078.1|320:1594:1,v1_PLS_5712bb1f66decde2f56863d962764ffbf4cec3f3e1967406b949f108c2ac1e30,GCA_902838215.1_BS17_genomic,CADFXP010000078.1,320,1594,1,True,MFRQDALENRKMKWQGRAILLPGIPLWLIMLGSIVFITAFLMFIIVGTYSRRVNVSGEVTTWPRAVNIYSGVQGFVVRQFVHEGQLIKKGDPVYLIDISKSTRNGIVTDNHRRDIENQLVRVNNIISRLEESKKITLDTLEKQRLQYTDAFRRSSDIIQRAEEGIKIMKNNMENYRYYQSKGLINKDQLTNQVALYYQQQNNLLSLSGQNEQNALQITTLESQIQTQAADFDNRIYQMELQRLELQKELVNTDVEGEIIIRALSDGKVDSLSVTVGQMVNTGDSLLQVIPENIENYYLILWVPNDAVPYISAGDKVNIRYEAFPSEKFGQFSATVKTISRTPASTQEMLTYKGAPQNTPGASVPWYKVIATPEKQIIRYDEKYLPLENGMKAESTLFLEKRRIYQWMLSPFYDMKHSATGPIND*,GCA_902838215.1_BS17_genomic|CADFXP010000078.1|1587:3683:1
GCA_902844235.1_M638178_genomic|CADGUP010000076.1|327:1601:1,v1_PLS_16a93f76898f0b2f5f8aa652f2cbb5aef2c7a1381edb6f49a3402bda0be45594,GCA_902844235.1_M638178_genomic,CADGUP010000076.1,327,1601,1,True,MFRQDALENRKMKWQGRAILLPGIPLWLIMLGSIVFITAFLMFIIVGTYSRRVNVSGEVTTWPRAVNIYSGVQGFVVRQFVHEGQLIKKGDPVYLIDISKSTRNGIVTDNHRRDIENQLVRVDNIISRLEESKKITLDTLEKQRLQYTDAFRRSSDIIQRAEEGIKIMKNNMENYRYYQSKGLINKDQLTNQVALYYQQQNNLLSLSGQNEQNALQITTLESQIQTQAADFDNRIYQMELQRLELQKELVNTDVEGEIIIRALSDGKVDSLSVTVGQMVNTGDSLLQVIPENIENYYLILWVPNDAVPYISAGDKVNIRYEAFPSEKFGQFSATVKTISRTPASTQEMLTYKGAPQNTPGASVPWYKVIATPEKQIIRYDEKYLPLENGMKAESTLFLEKRRIYQWMLSPFYDMKHSATGPIND*,GCA_902844235.1_M638178_genomic|CADGUP010000076.1|1594:3690:1
GCA_902838145.1_A3_5_genomic|CADFXG010000004.1|57731:59005:1,v1_PLS_16a93f76898f0b2f5f8aa652f2cbb5aef2c7a1381edb6f49a3402bda0be45594,GCA_902838145.1_A3_5_genomic,CADFXG010000004.1,57731,59005,1,True,MFRQDALENRKMKWQGRAILLPGIPLWLIMLGSIVFITAFLMFIIVGTYSRRVNVSGEVTTWPRAVNIYSGVQGFVVRQFVHEGQLIKKGDPVYLIDISKSTRNGIVTDNHRRDIENQLVRVDNIISRLEESKKITLDTLEKQRLQYTDAFRRSSDIIQRAEEGIKIMKNNMENYRYYQSKGLINKDQLTNQVALYYQQQNNLLSLSGQNEQNALQITTLESQIQTQAADFDNRIYQMELQRLELQKELVNTDVEGEIIIRALSDGKVDSLSVTVGQMVNTGDSLLQVIPENIENYYLILWVPNDAVPYISAGDKVNIRYEAFPSEKFGQFSATVKTISRTPASTQEMLTYKGAPQNTPGASVPWYKVIATPEKQIIRYDEKYLPLENGMKAESTLFLEKRRIYQWMLSPFYDMKHSATGPIND*,GCA_902838145.1_A3_5_genomic|CADFXG010000004.1|58998:61094:1
GCA_902839935.1_W4_34_genomic|CADGDV010000054.1|191:1465:1,v1_PLS_16a93f76898f0b2f5f8aa652f2cbb5aef2c7a1381edb6f49a3402bda0be45594,GCA_902839935.1_W4_34_genomic,CADGDV010000054.1,191,1465,1,True,MFRQDALENRKMKWQGRAILLPGIPLWLIMLGSIVFITAFLMFIIVGTYSRRVNVSGEVTTWPRAVNIYSGVQGFVVRQFVHEGQLIKKGDPVYLIDISKSTRNGIVTDNHRRDIENQLVRVDNIISRLEESKKITLDTLEKQRLQYTDAFRRSSDIIQRAEEGIKIMKNNMENYRYYQSKGLINKDQLTNQVALYYQQQNNLLSLSGQNEQNALQITTLESQIQTQAADFDNRIYQMELQRLELQKELVNTDVEGEIIIRALSDGKVDSLSVTVGQMVNTGDSLLQVIPENIENYYLILWVPNDAVPYISAGDKVNIRYEAFPSEKFGQFSATVKTISRTPASTQEMLTYKGAPQNTPGASVPWYKVIATPEKQIIRYDEKYLPLENGMKAESTLFLEKRRIYQWMLSPFYDMKHSATGPIND*,GCA_902839935.1_W4_34_genomic|CADGDV010000054.1|1458:3554:1
GCA_902838325.1_H173_genomic|CADFYI010000043.1|17531:18805:1,v1_PLS_c7742f9a12bc60e0c875203f2d3048f23ce5963b0aa1627dadf51bad7279e365,GCA_902838325.1_H173_genomic,CADFYI010000043.1,17531,18805,1,True,MFRQDALENRKMKWQGRAILLPGIPLWLIMLGSIVFITAFLMFIIVGTYSRRVNVSGEVTTWPRAVNIYSGVQGFVVRQFVHEGQLIKKGDPVYLIDISKSTRNGIVTDNHRRDIENQLVRVDNIISRLEESKKITLDTLEKQRLQYTDAFRRSSDIIQRAEEGIKIMKNNMENYRYYQSKGLINKDQLTNQVALYYQQQNNLLSLSGQNEQNALQITTLESQIQTQAADFDNRIYQMELQRLELQKELVNTDVEGEIIIRALSDGKVDSLSVTVGQMVNTGDSLLQVIPENIENYYLILWVPNDAVPYISAGDKVNIRYEAFPSEKFGQFSATVKTISRTPASTQEMLTYKGAPQNTPGASVPWYKVIATPEKQIIRYDEKYLPLENGMEAESTLFLEKRRIYQWMLSPFYDMKHSATGPIND*,GCA_902838325.1_H173_genomic|CADFYI010000043.1|18798:20894:1
GCA_902844385.1_W2_49_genomic|CADGVF010000126.1|165:1439:1,v1_PLS_16a93f76898f0b2f5f8aa652f2cbb5aef2c7a1381edb6f49a3402bda0be45594,GCA_902844385.1_W2_49_genomic,CADGVF010000126.1,165,1439,1,True,MFRQDALENRKMKWQGRAILLPGIPLWLIMLGSIVFITAFLMFIIVGTYSRRVNVSGEVTTWPRAVNIYSGVQGFVVRQFVHEGQLIKKGDPVYLIDISKSTRNGIVTDNHRRDIENQLVRVDNIISRLEESKKITLDTLEKQRLQYTDAFRRSSDIIQRAEEGIKIMKNNMENYRYYQSKGLINKDQLTNQVALYYQQQNNLLSLSGQNEQNALQITTLESQIQTQAADFDNRIYQMELQRLELQKELVNTDVEGEIIIRALSDGKVDSLSVTVGQMVNTGDSLLQVIPENIENYYLILWVPNDAVPYISAGDKVNIRYEAFPSEKFGQFSATVKTISRTPASTQEMLTYKGAPQNTPGASVPWYKVIATPEKQIIRYDEKYLPLENGMKAESTLFLEKRRIYQWMLSPFYDMKHSATGPIND*,GCA_902844385.1_W2_49_genomic|CADGVF010000126.1|1432:3528:1
GCA_902841955.1_M673438_genomic|CADGLW010000059.1|535:1809:1,v1_PLS_16a93f76898f0b2f5f8aa652f2cbb5aef2c7a1381edb6f49a3402bda0be45594,GCA_902841955.1_M673438_genomic,CADGLW010000059.1,535,1809,1,True,MFRQDALENRKMKWQGRAILLPGIPLWLIMLGSIVFITAFLMFIIVGTYSRRVNVSGEVTTWPRAVNIYSGVQGFVVRQFVHEGQLIKKGDPVYLIDISKSTRNGIVTDNHRRDIENQLVRVDNIISRLEESKKITLDTLEKQRLQYTDAFRRSSDIIQRAEEGIKIMKNNMENYRYYQSKGLINKDQLTNQVALYYQQQNNLLSLSGQNEQNALQITTLESQIQTQAADFDNRIYQMELQRLELQKELVNTDVEGEIIIRALSDGKVDSLSVTVGQMVNTGDSLLQVIPENIENYYLILWVPNDAVPYISAGDKVNIRYEAFPSEKFGQFSATVKTISRTPASTQEMLTYKGAPQNTPGASVPWYKVIATPEKQIIRYDEKYLPLENGMKAESTLFLEKRRIYQWMLSPFYDMKHSATGPIND*,GCA_902841955.1_M673438_genomic|CADGLW010000059.1|1802:3898:1
GCA_902845085.1_M660875_genomic|CADGXW010000175.1|28:1302:1,v1_PLS_16a93f76898f0b2f5f8aa652f2cbb5aef2c7a1381edb6f49a3402bda0be45594,GCA_902845085.1_M660875_genomic,CADGXW010000175.1,28,1302,1,True,MFRQDALENRKMKWQGRAILLPGIPLWLIMLGSIVFITAFLMFIIVGTYSRRVNVSGEVTTWPRAVNIYSGVQGFVVRQFVHEGQLIKKGDPVYLIDISKSTRNGIVTDNHRRDIENQLVRVDNIISRLEESKKITLDTLEKQRLQYTDAFRRSSDIIQRAEEGIKIMKNNMENYRYYQSKGLINKDQLTNQVALYYQQQNNLLSLSGQNEQNALQITTLESQIQTQAADFDNRIYQMELQRLELQKELVNTDVEGEIIIRALSDGKVDSLSVTVGQMVNTGDSLLQVIPENIENYYLILWVPNDAVPYISAGDKVNIRYEAFPSEKFGQFSATVKTISRTPASTQEMLTYKGAPQNTPGASVPWYKVIATPEKQIIRYDEKYLPLENGMKAESTLFLEKRRIYQWMLSPFYDMKHSATGPIND*,GCA_902845085.1_M660875_genomic|CADGXW010000175.1|1295:3391:1
GCA_902840935.1_B1697b_genomic|CADGHT010000009.1|231:1505:1,v1_PLS_16a93f76898f0b2f5f8aa652f2cbb5aef2c7a1381edb6f49a3402bda0be45594,GCA_902840935.1_B1697b_genomic,CADGHT010000009.1,231,1505,1,True,MFRQDALENRKMKWQGRAILLPGIPLWLIMLGSIVFITAFLMFIIVGTYSRRVNVSGEVTTWPRAVNIYSGVQGFVVRQFVHEGQLIKKGDPVYLIDISKSTRNGIVTDNHRRDIENQLVRVDNIISRLEESKKITLDTLEKQRLQYTDAFRRSSDIIQRAEEGIKIMKNNMENYRYYQSKGLINKDQLTNQVALYYQQQNNLLSLSGQNEQNALQITTLESQIQTQAADFDNRIYQMELQRLELQKELVNTDVEGEIIIRALSDGKVDSLSVTVGQMVNTGDSLLQVIPENIENYYLILWVPNDAVPYISAGDKVNIRYEAFPSEKFGQFSATVKTISRTPASTQEMLTYKGAPQNTPGASVPWYKVIATPEKQIIRYDEKYLPLENGMKAESTLFLEKRRIYQWMLSPFYDMKHSATGPIND*,GCA_902840935.1_B1697b_genomic|CADGHT010000009.1|1498:3594:1
GCA_902842025.1_W4_37_genomic|CADGMH010000134.1|89:1363:1,v1_PLS_16a93f76898f0b2f5f8aa652f2cbb5aef2c7a1381edb6f49a3402bda0be45594,GCA_902842025.1_W4_37_genomic,CADGMH010000134.1,89,1363,1,True,MFRQDALENRKMKWQGRAILLPGIPLWLIMLGSIVFITAFLMFIIVGTYSRRVNVSGEVTTWPRAVNIYSGVQGFVVRQFVHEGQLIKKGDPVYLIDISKSTRNGIVTDNHRRDIENQLVRVDNIISRLEESKKITLDTLEKQRLQYTDAFRRSSDIIQRAEEGIKIMKNNMENYRYYQSKGLINKDQLTNQVALYYQQQNNLLSLSGQNEQNALQITTLESQIQTQAADFDNRIYQMELQRLELQKELVNTDVEGEIIIRALSDGKVDSLSVTVGQMVNTGDSLLQVIPENIENYYLILWVPNDAVPYISAGDKVNIRYEAFPSEKFGQFSATVKTISRTPASTQEMLTYKGAPQNTPGASVPWYKVIATPEKQIIRYDEKYLPLENGMKAESTLFLEKRRIYQWMLSPFYDMKHSATGPIND*,GCA_902842025.1_W4_37_genomic|CADGMH010000134.1|1356:3452:1
GCA_902839975.1_H112_genomic|CADGDO010000047.1|39645:40826:-1,v1_PLS_61716ea3d41ddc1c794f0cdaf08c04f8f194de5a2d678c3ca3c482c772d312c9,GCA_902839975.1_H112_genomic,CADGDO010000047.1,39645,40826,-1,True,MKYISHRAIICTLTLLIIIITVLFTFLRSSDVPEYITAPVRKGDIENSVLATGRIDAIERVNVGAQVSGQLKSLKVKQGDHVTKGQLIAEIDDLPQCNDLRNAEAALNEVKAELQSKQALLKQAELRFKRQLRMLRENASSHEDFESAEAMLATTRAELHSLNAKLVQAQIEVDKKKLALEYTRVVAPMDGIVIAIVTQQGQTVNSNQSAPTIIKLARLDVMTIKAQISEADITRISVGQKARFSIFSEPDKHYSATLRAVELAPESVMKDDSLASNTSASGSGTSNASVYYNALFDVPNPENRLRIAMTAQVTLITDEAQNTLLVPIQAVHRNEGKKQQVLVLAADGRLEPRNVKTGITNSVDIQILEGLNVGENVVLSLPDKKEPEERIML*,GCA_902839975.1_H112_genomic|CADGDO010000047.1|7837:9933:-1
GCA_902841535.1_C1_51_genomic|CADGJS010000082.1|17658:18932:1,v1_PLS_16a93f76898f0b2f5f8aa652f2cbb5aef2c7a1381edb6f49a3402bda0be45594,GCA_902841535.1_C1_51_genomic,CADGJS010000082.1,17658,18932,1,True,MFRQDALENRKMKWQGRAILLPGIPLWLIMLGSIVFITAFLMFIIVGTYSRRVNVSGEVTTWPRAVNIYSGVQGFVVRQFVHEGQLIKKGDPVYLIDISKSTRNGIVTDNHRRDIENQLVRVDNIISRLEESKKITLDTLEKQRLQYTDAFRRSSDIIQRAEEGIKIMKNNMENYRYYQSKGLINKDQLTNQVALYYQQQNNLLSLSGQNEQNALQITTLESQIQTQAADFDNRIYQMELQRLELQKELVNTDVEGEIIIRALSDGKVDSLSVTVGQMVNTGDSLLQVIPENIENYYLILWVPNDAVPYISAGDKVNIRYEAFPSEKFGQFSATVKTISRTPASTQEMLTYKGAPQNTPGASVPWYKVIATPEKQIIRYDEKYLPLENGMKAESTLFLEKRRIYQWMLSPFYDMKHSATGPIND*,GCA_902841535.1_C1_51_genomic|CADGJS010000082.1|18925:21021:1
GCA_902838095.1_H358_genomic|CADFXA010000018.1|17656:18930:1,v1_PLS_16a93f76898f0b2f5f8aa652f2cbb5aef2c7a1381edb6f49a3402bda0be45594,GCA_902838095.1_H358_genomic,CADFXA010000018.1,17656,18930,1,True,MFRQDALENRKMKWQGRAILLPGIPLWLIMLGSIVFITAFLMFIIVGTYSRRVNVSGEVTTWPRAVNIYSGVQGFVVRQFVHEGQLIKKGDPVYLIDISKSTRNGIVTDNHRRDIENQLVRVDNIISRLEESKKITLDTLEKQRLQYTDAFRRSSDIIQRAEEGIKIMKNNMENYRYYQSKGLINKDQLTNQVALYYQQQNNLLSLSGQNEQNALQITTLESQIQTQAADFDNRIYQMELQRLELQKELVNTDVEGEIIIRALSDGKVDSLSVTVGQMVNTGDSLLQVIPENIENYYLILWVPNDAVPYISAGDKVNIRYEAFPSEKFGQFSATVKTISRTPASTQEMLTYKGAPQNTPGASVPWYKVIATPEKQIIRYDEKYLPLENGMKAESTLFLEKRRIYQWMLSPFYDMKHSATGPIND*,GCA_902838095.1_H358_genomic|CADFXA010000018.1|18923:21019:1
GCA_902842115.1_B1714_genomic|CADGMJ010000002.1|41571:42752:-1,v1_PLS_61716ea3d41ddc1c794f0cdaf08c04f8f194de5a2d678c3ca3c482c772d312c9,GCA_902842115.1_B1714_genomic,CADGMJ010000002.1,41571,42752,-1,True,MKYISHRAIICTLTLLIIIITVLFTFLRSSDVPEYITAPVRKGDIENSVLATGRIDAIERVNVGAQVSGQLKSLKVKQGDHVTKGQLIAEIDDLPQCNDLRNAEAALNEVKAELQSKQALLKQAELRFKRQLRMLRENASSHEDFESAEAMLATTRAELHSLNAKLVQAQIEVDKKKLALEYTRVVAPMDGIVIAIVTQQGQTVNSNQSAPTIIKLARLDVMTIKAQISEADITRISVGQKARFSIFSEPDKHYSATLRAVELAPESVMKDDSLASNTSASGSGTSNASVYYNALFDVPNPENRLRIAMTAQVTLITDEAQNTLLVPIQAVHRNEGKKQQVLVLAADGRLEPRNVKTGITNSVDIQILEGLNVGENVVLSLPDKKEPEERIML*,GCA_902842115.1_B1714_genomic|CADGMJ010000002.1|9763:11859:-1
GCA_902849045.1_C2_103_genomic|CADHMU010000075.1|17419:18693:1,v1_PLS_16a93f76898f0b2f5f8aa652f2cbb5aef2c7a1381edb6f49a3402bda0be45594,GCA_902849045.1_C2_103_genomic,CADHMU010000075.1,17419,18693,1,True,MFRQDALENRKMKWQGRAILLPGIPLWLIMLGSIVFITAFLMFIIVGTYSRRVNVSGEVTTWPRAVNIYSGVQGFVVRQFVHEGQLIKKGDPVYLIDISKSTRNGIVTDNHRRDIENQLVRVDNIISRLEESKKITLDTLEKQRLQYTDAFRRSSDIIQRAEEGIKIMKNNMENYRYYQSKGLINKDQLTNQVALYYQQQNNLLSLSGQNEQNALQITTLESQIQTQAADFDNRIYQMELQRLELQKELVNTDVEGEIIIRALSDGKVDSLSVTVGQMVNTGDSLLQVIPENIENYYLILWVPNDAVPYISAGDKVNIRYEAFPSEKFGQFSATVKTISRTPASTQEMLTYKGAPQNTPGASVPWYKVIATPEKQIIRYDEKYLPLENGMKAESTLFLEKRRIYQWMLSPFYDMKHSATGPIND*,GCA_902849045.1_C2_103_genomic|CADHMU010000075.1|18686:20782:1
GCA_902847365.1_B1921_genomic|CADHGQ010000264.1|2663:3937:1,v1_PLS_5712bb1f66decde2f56863d962764ffbf4cec3f3e1967406b949f108c2ac1e30,GCA_902847365.1_B1921_genomic,CADHGQ010000264.1,2663,3937,1,True,MFRQDALENRKMKWQGRAILLPGIPLWLIMLGSIVFITAFLMFIIVGTYSRRVNVSGEVTTWPRAVNIYSGVQGFVVRQFVHEGQLIKKGDPVYLIDISKSTRNGIVTDNHRRDIENQLVRVNNIISRLEESKKITLDTLEKQRLQYTDAFRRSSDIIQRAEEGIKIMKNNMENYRYYQSKGLINKDQLTNQVALYYQQQNNLLSLSGQNEQNALQITTLESQIQTQAADFDNRIYQMELQRLELQKELVNTDVEGEIIIRALSDGKVDSLSVTVGQMVNTGDSLLQVIPENIENYYLILWVPNDAVPYISAGDKVNIRYEAFPSEKFGQFSATVKTISRTPASTQEMLTYKGAPQNTPGASVPWYKVIATPEKQIIRYDEKYLPLENGMKAESTLFLEKRRIYQWMLSPFYDMKHSATGPIND*,GCA_902847365.1_B1921_genomic|CADHGQ010000264.1|3930:6026:1
GCA_902838655.1_M663940_genomic|CADFYV010000063.1|535:1809:1,v1_PLS_16a93f76898f0b2f5f8aa652f2cbb5aef2c7a1381edb6f49a3402bda0be45594,GCA_902838655.1_M663940_genomic,CADFYV010000063.1,535,1809,1,True,MFRQDALENRKMKWQGRAILLPGIPLWLIMLGSIVFITAFLMFIIVGTYSRRVNVSGEVTTWPRAVNIYSGVQGFVVRQFVHEGQLIKKGDPVYLIDISKSTRNGIVTDNHRRDIENQLVRVDNIISRLEESKKITLDTLEKQRLQYTDAFRRSSDIIQRAEEGIKIMKNNMENYRYYQSKGLINKDQLTNQVALYYQQQNNLLSLSGQNEQNALQITTLESQIQTQAADFDNRIYQMELQRLELQKELVNTDVEGEIIIRALSDGKVDSLSVTVGQMVNTGDSLLQVIPENIENYYLILWVPNDAVPYISAGDKVNIRYEAFPSEKFGQFSATVKTISRTPASTQEMLTYKGAPQNTPGASVPWYKVIATPEKQIIRYDEKYLPLENGMKAESTLFLEKRRIYQWMLSPFYDMKHSATGPIND*,GCA_902838655.1_M663940_genomic|CADFYV010000063.1|1802:3898:1
GCA_902839255.1_H331_genomic|CADGBL010000051.1|17649:18923:1,v1_PLS_16a93f76898f0b2f5f8aa652f2cbb5aef2c7a1381edb6f49a3402bda0be45594,GCA_902839255.1_H331_genomic,CADGBL010000051.1,17649,18923,1,True,MFRQDALENRKMKWQGRAILLPGIPLWLIMLGSIVFITAFLMFIIVGTYSRRVNVSGEVTTWPRAVNIYSGVQGFVVRQFVHEGQLIKKGDPVYLIDISKSTRNGIVTDNHRRDIENQLVRVDNIISRLEESKKITLDTLEKQRLQYTDAFRRSSDIIQRAEEGIKIMKNNMENYRYYQSKGLINKDQLTNQVALYYQQQNNLLSLSGQNEQNALQITTLESQIQTQAADFDNRIYQMELQRLELQKELVNTDVEGEIIIRALSDGKVDSLSVTVGQMVNTGDSLLQVIPENIENYYLILWVPNDAVPYISAGDKVNIRYEAFPSEKFGQFSATVKTISRTPASTQEMLTYKGAPQNTPGASVPWYKVIATPEKQIIRYDEKYLPLENGMKAESTLFLEKRRIYQWMLSPFYDMKHSATGPIND*,GCA_902839255.1_H331_genomic|CADGBL010000051.1|18916:21012:1
GCA_902843725.1_C4_39_genomic|CADGSP010000007.1|13121:14302:1,v1_PLS_61716ea3d41ddc1c794f0cdaf08c04f8f194de5a2d678c3ca3c482c772d312c9,GCA_902843725.1_C4_39_genomic,CADGSP010000007.1,13121,14302,1,True,MKYISHRAIICTLTLLIIIITVLFTFLRSSDVPEYITAPVRKGDIENSVLATGRIDAIERVNVGAQVSGQLKSLKVKQGDHVTKGQLIAEIDDLPQCNDLRNAEAALNEVKAELQSKQALLKQAELRFKRQLRMLRENASSHEDFESAEAMLATTRAELHSLNAKLVQAQIEVDKKKLALEYTRVVAPMDGIVIAIVTQQGQTVNSNQSAPTIIKLARLDVMTIKAQISEADITRISVGQKARFSIFSEPDKHYSATLRAVELAPESVMKDDSLASNTSASGSGTSNASVYYNALFDVPNPENRLRIAMTAQVTLITDEAQNTLLVPIQAVHRNEGKKQQVLVLAADGRLEPRNVKTGITNSVDIQILEGLNVGENVVLSLPDKKEPEERIML*,GCA_902843725.1_C4_39_genomic|CADGSP010000007.1|44014:46110:1
GCA_902843725.1_C4_39_genomic|CADGSP010000007.1|42747:44021:1,v1_PLS_16a93f76898f0b2f5f8aa652f2cbb5aef2c7a1381edb6f49a3402bda0be45594,GCA_902843725.1_C4_39_genomic,CADGSP010000007.1,42747,44021,1,True,MFRQDALENRKMKWQGRAILLPGIPLWLIMLGSIVFITAFLMFIIVGTYSRRVNVSGEVTTWPRAVNIYSGVQGFVVRQFVHEGQLIKKGDPVYLIDISKSTRNGIVTDNHRRDIENQLVRVDNIISRLEESKKITLDTLEKQRLQYTDAFRRSSDIIQRAEEGIKIMKNNMENYRYYQSKGLINKDQLTNQVALYYQQQNNLLSLSGQNEQNALQITTLESQIQTQAADFDNRIYQMELQRLELQKELVNTDVEGEIIIRALSDGKVDSLSVTVGQMVNTGDSLLQVIPENIENYYLILWVPNDAVPYISAGDKVNIRYEAFPSEKFGQFSATVKTISRTPASTQEMLTYKGAPQNTPGASVPWYKVIATPEKQIIRYDEKYLPLENGMKAESTLFLEKRRIYQWMLSPFYDMKHSATGPIND*,GCA_902843725.1_C4_39_genomic|CADGSP010000007.1|44014:46110:1
GCA_902838265.1_W2_56_genomic|CADFXT010000012.1|83533:84714:-1,v1_PLS_4aa118830ee6ad44b2ad21110cbb012878d9f6617b1af89262bebdcdfb9e616b,GCA_902838265.1_W2_56_genomic,CADFXT010000012.1,83533,84714,-1,True,MKYISHRAIICTLTLLIIIITVLFTFLRSSDVPEYITAPVRKGDIENSVLATGRIDAIERVNVGAQVSGQLKSLKVKQGDHVTKGQLIAEIDDLPQRNDLRNAEAALNEVKAELQSKQALLKQAELRFKRQLRMLRENASSHEDFESAEAMLATTRAELLSLNAKLVQAQIEVDKKKLALEYTRVVAPMDGIVIAIVTQQGQTVNSNQSAPTIIKLARLDVMTIKAQISEADITRISVGQKARFSIFSEPDKHYSATLRAVELAPESVMKDDSLASNSSASGSGTSNASVYYNALFDVPNPENRLRIAMTAQVTLITDEAQNTLLIPIQAVHRNEGKKQQVLVLAADGRLEPRDVKTGITNSVDIQILEGLNVGENVVLSLPDKKEPEERIML*,GCA_902838265.1_W2_56_genomic|CADFXT010000012.1|44513:46609:-1
GCA_902838535.1_B1866_genomic|CADFYX010000054.1|41496:42770:1,v1_PLS_16a93f76898f0b2f5f8aa652f2cbb5aef2c7a1381edb6f49a3402bda0be45594,GCA_902838535.1_B1866_genomic,CADFYX010000054.1,41496,42770,1,True,MFRQDALENRKMKWQGRAILLPGIPLWLIMLGSIVFITAFLMFIIVGTYSRRVNVSGEVTTWPRAVNIYSGVQGFVVRQFVHEGQLIKKGDPVYLIDISKSTRNGIVTDNHRRDIENQLVRVDNIISRLEESKKITLDTLEKQRLQYTDAFRRSSDIIQRAEEGIKIMKNNMENYRYYQSKGLINKDQLTNQVALYYQQQNNLLSLSGQNEQNALQITTLESQIQTQAADFDNRIYQMELQRLELQKELVNTDVEGEIIIRALSDGKVDSLSVTVGQMVNTGDSLLQVIPENIENYYLILWVPNDAVPYISAGDKVNIRYEAFPSEKFGQFSATVKTISRTPASTQEMLTYKGAPQNTPGASVPWYKVIATPEKQIIRYDEKYLPLENGMKAESTLFLEKRRIYQWMLSPFYDMKHSATGPIND*,GCA_902838535.1_B1866_genomic|CADFYX010000054.1|42763:44859:1
GCA_902837915.1_H154_genomic|CADFVX010000021.1|12372:13553:1,v1_PLS_61716ea3d41ddc1c794f0cdaf08c04f8f194de5a2d678c3ca3c482c772d312c9,GCA_902837915.1_H154_genomic,CADFVX010000021.1,12372,13553,1,True,MKYISHRAIICTLTLLIIIITVLFTFLRSSDVPEYITAPVRKGDIENSVLATGRIDAIERVNVGAQVSGQLKSLKVKQGDHVTKGQLIAEIDDLPQCNDLRNAEAALNEVKAELQSKQALLKQAELRFKRQLRMLRENASSHEDFESAEAMLATTRAELHSLNAKLVQAQIEVDKKKLALEYTRVVAPMDGIVIAIVTQQGQTVNSNQSAPTIIKLARLDVMTIKAQISEADITRISVGQKARFSIFSEPDKHYSATLRAVELAPESVMKDDSLASNTSASGSGTSNASVYYNALFDVPNPENRLRIAMTAQVTLITDEAQNTLLVPIQAVHRNEGKKQQVLVLAADGRLEPRNVKTGITNSVDIQILEGLNVGENVVLSLPDKKEPEERIML*,GCA_902837915.1_H154_genomic|CADFVX010000021.1|43264:45360:1
GCA_902837915.1_H154_genomic|CADFVX010000021.1|41997:43271:1,v1_PLS_16a93f76898f0b2f5f8aa652f2cbb5aef2c7a1381edb6f49a3402bda0be45594,GCA_902837915.1_H154_genomic,CADFVX010000021.1,41997,43271,1,True,MFRQDALENRKMKWQGRAILLPGIPLWLIMLGSIVFITAFLMFIIVGTYSRRVNVSGEVTTWPRAVNIYSGVQGFVVRQFVHEGQLIKKGDPVYLIDISKSTRNGIVTDNHRRDIENQLVRVDNIISRLEESKKITLDTLEKQRLQYTDAFRRSSDIIQRAEEGIKIMKNNMENYRYYQSKGLINKDQLTNQVALYYQQQNNLLSLSGQNEQNALQITTLESQIQTQAADFDNRIYQMELQRLELQKELVNTDVEGEIIIRALSDGKVDSLSVTVGQMVNTGDSLLQVIPENIENYYLILWVPNDAVPYISAGDKVNIRYEAFPSEKFGQFSATVKTISRTPASTQEMLTYKGAPQNTPGASVPWYKVIATPEKQIIRYDEKYLPLENGMKAESTLFLEKRRIYQWMLSPFYDMKHSATGPIND*,GCA_902837915.1_H154_genomic|CADFVX010000021.1|43264:45360:1
GCA_902849315.1_C3_72_genomic|CADHOF010000177.1|403:1677:1,v1_PLS_16a93f76898f0b2f5f8aa652f2cbb5aef2c7a1381edb6f49a3402bda0be45594,GCA_902849315.1_C3_72_genomic,CADHOF010000177.1,403,1677,1,True,MFRQDALENRKMKWQGRAILLPGIPLWLIMLGSIVFITAFLMFIIVGTYSRRVNVSGEVTTWPRAVNIYSGVQGFVVRQFVHEGQLIKKGDPVYLIDISKSTRNGIVTDNHRRDIENQLVRVDNIISRLEESKKITLDTLEKQRLQYTDAFRRSSDIIQRAEEGIKIMKNNMENYRYYQSKGLINKDQLTNQVALYYQQQNNLLSLSGQNEQNALQITTLESQIQTQAADFDNRIYQMELQRLELQKELVNTDVEGEIIIRALSDGKVDSLSVTVGQMVNTGDSLLQVIPENIENYYLILWVPNDAVPYISAGDKVNIRYEAFPSEKFGQFSATVKTISRTPASTQEMLTYKGAPQNTPGASVPWYKVIATPEKQIIRYDEKYLPLENGMKAESTLFLEKRRIYQWMLSPFYDMKHSATGPIND*,GCA_902849315.1_C3_72_genomic|CADHOF010000177.1|1670:3766:1
GCA_902842285.1_B1726_genomic|CADGND010000067.1|214:1488:1,v1_PLS_16a93f76898f0b2f5f8aa652f2cbb5aef2c7a1381edb6f49a3402bda0be45594,GCA_902842285.1_B1726_genomic,CADGND010000067.1,214,1488,1,True,MFRQDALENRKMKWQGRAILLPGIPLWLIMLGSIVFITAFLMFIIVGTYSRRVNVSGEVTTWPRAVNIYSGVQGFVVRQFVHEGQLIKKGDPVYLIDISKSTRNGIVTDNHRRDIENQLVRVDNIISRLEESKKITLDTLEKQRLQYTDAFRRSSDIIQRAEEGIKIMKNNMENYRYYQSKGLINKDQLTNQVALYYQQQNNLLSLSGQNEQNALQITTLESQIQTQAADFDNRIYQMELQRLELQKELVNTDVEGEIIIRALSDGKVDSLSVTVGQMVNTGDSLLQVIPENIENYYLILWVPNDAVPYISAGDKVNIRYEAFPSEKFGQFSATVKTISRTPASTQEMLTYKGAPQNTPGASVPWYKVIATPEKQIIRYDEKYLPLENGMKAESTLFLEKRRIYQWMLSPFYDMKHSATGPIND*,GCA_902842285.1_B1726_genomic|CADGND010000067.1|1481:3577:1
GCA_902837755.1_H151_genomic|CADFVS010000041.1|12373:13554:1,v1_PLS_61716ea3d41ddc1c794f0cdaf08c04f8f194de5a2d678c3ca3c482c772d312c9,GCA_902837755.1_H151_genomic,CADFVS010000041.1,12373,13554,1,True,MKYISHRAIICTLTLLIIIITVLFTFLRSSDVPEYITAPVRKGDIENSVLATGRIDAIERVNVGAQVSGQLKSLKVKQGDHVTKGQLIAEIDDLPQCNDLRNAEAALNEVKAELQSKQALLKQAELRFKRQLRMLRENASSHEDFESAEAMLATTRAELHSLNAKLVQAQIEVDKKKLALEYTRVVAPMDGIVIAIVTQQGQTVNSNQSAPTIIKLARLDVMTIKAQISEADITRISVGQKARFSIFSEPDKHYSATLRAVELAPESVMKDDSLASNTSASGSGTSNASVYYNALFDVPNPENRLRIAMTAQVTLITDEAQNTLLVPIQAVHRNEGKKQQVLVLAADGRLEPRNVKTGITNSVDIQILEGLNVGENVVLSLPDKKEPEERIML*,GCA_902837755.1_H151_genomic|CADFVS010000041.1|43265:45361:1
GCA_902837755.1_H151_genomic|CADFVS010000041.1|41998:43272:1,v1_PLS_16a93f76898f0b2f5f8aa652f2cbb5aef2c7a1381edb6f49a3402bda0be45594,GCA_902837755.1_H151_genomic,CADFVS010000041.1,41998,43272,1,True,MFRQDALENRKMKWQGRAILLPGIPLWLIMLGSIVFITAFLMFIIVGTYSRRVNVSGEVTTWPRAVNIYSGVQGFVVRQFVHEGQLIKKGDPVYLIDISKSTRNGIVTDNHRRDIENQLVRVDNIISRLEESKKITLDTLEKQRLQYTDAFRRSSDIIQRAEEGIKIMKNNMENYRYYQSKGLINKDQLTNQVALYYQQQNNLLSLSGQNEQNALQITTLESQIQTQAADFDNRIYQMELQRLELQKELVNTDVEGEIIIRALSDGKVDSLSVTVGQMVNTGDSLLQVIPENIENYYLILWVPNDAVPYISAGDKVNIRYEAFPSEKFGQFSATVKTISRTPASTQEMLTYKGAPQNTPGASVPWYKVIATPEKQIIRYDEKYLPLENGMKAESTLFLEKRRIYQWMLSPFYDMKHSATGPIND*,GCA_902837755.1_H151_genomic|CADFVS010000041.1|43265:45361:1
GCA_902844695.1_B1341_genomic|CADGWJ010000183.1|3840:5114:1,v1_PLS_16a93f76898f0b2f5f8aa652f2cbb5aef2c7a1381edb6f49a3402bda0be45594,GCA_902844695.1_B1341_genomic,CADGWJ010000183.1,3840,5114,1,True,MFRQDALENRKMKWQGRAILLPGIPLWLIMLGSIVFITAFLMFIIVGTYSRRVNVSGEVTTWPRAVNIYSGVQGFVVRQFVHEGQLIKKGDPVYLIDISKSTRNGIVTDNHRRDIENQLVRVDNIISRLEESKKITLDTLEKQRLQYTDAFRRSSDIIQRAEEGIKIMKNNMENYRYYQSKGLINKDQLTNQVALYYQQQNNLLSLSGQNEQNALQITTLESQIQTQAADFDNRIYQMELQRLELQKELVNTDVEGEIIIRALSDGKVDSLSVTVGQMVNTGDSLLQVIPENIENYYLILWVPNDAVPYISAGDKVNIRYEAFPSEKFGQFSATVKTISRTPASTQEMLTYKGAPQNTPGASVPWYKVIATPEKQIIRYDEKYLPLENGMKAESTLFLEKRRIYQWMLSPFYDMKHSATGPIND*,GCA_902844695.1_B1341_genomic|CADGWJ010000183.1|5107:7203:1
GCA_902838925.1_BS142_genomic|CADGAI010000049.1|17658:18932:1,v1_PLS_16a93f76898f0b2f5f8aa652f2cbb5aef2c7a1381edb6f49a3402bda0be45594,GCA_902838925.1_BS142_genomic,CADGAI010000049.1,17658,18932,1,True,MFRQDALENRKMKWQGRAILLPGIPLWLIMLGSIVFITAFLMFIIVGTYSRRVNVSGEVTTWPRAVNIYSGVQGFVVRQFVHEGQLIKKGDPVYLIDISKSTRNGIVTDNHRRDIENQLVRVDNIISRLEESKKITLDTLEKQRLQYTDAFRRSSDIIQRAEEGIKIMKNNMENYRYYQSKGLINKDQLTNQVALYYQQQNNLLSLSGQNEQNALQITTLESQIQTQAADFDNRIYQMELQRLELQKELVNTDVEGEIIIRALSDGKVDSLSVTVGQMVNTGDSLLQVIPENIENYYLILWVPNDAVPYISAGDKVNIRYEAFPSEKFGQFSATVKTISRTPASTQEMLTYKGAPQNTPGASVPWYKVIATPEKQIIRYDEKYLPLENGMKAESTLFLEKRRIYQWMLSPFYDMKHSATGPIND*,GCA_902838925.1_BS142_genomic|CADGAI010000049.1|18925:21021:1
GCA_902847225.1_C4_36_genomic|CADHGE010000053.1|3782:5056:1,v1_PLS_16a93f76898f0b2f5f8aa652f2cbb5aef2c7a1381edb6f49a3402bda0be45594,GCA_902847225.1_C4_36_genomic,CADHGE010000053.1,3782,5056,1,True,MFRQDALENRKMKWQGRAILLPGIPLWLIMLGSIVFITAFLMFIIVGTYSRRVNVSGEVTTWPRAVNIYSGVQGFVVRQFVHEGQLIKKGDPVYLIDISKSTRNGIVTDNHRRDIENQLVRVDNIISRLEESKKITLDTLEKQRLQYTDAFRRSSDIIQRAEEGIKIMKNNMENYRYYQSKGLINKDQLTNQVALYYQQQNNLLSLSGQNEQNALQITTLESQIQTQAADFDNRIYQMELQRLELQKELVNTDVEGEIIIRALSDGKVDSLSVTVGQMVNTGDSLLQVIPENIENYYLILWVPNDAVPYISAGDKVNIRYEAFPSEKFGQFSATVKTISRTPASTQEMLTYKGAPQNTPGASVPWYKVIATPEKQIIRYDEKYLPLENGMKAESTLFLEKRRIYQWMLSPFYDMKHSATGPIND*,GCA_902847225.1_C4_36_genomic|CADHGE010000053.1|5049:7145:1
GCA_902837655.1_E7615_genomic|CADFVG010000003.1|12373:13524:1,v1_PLS_30a40023bcea8642381ff0c996e2ae8a5e3e7237b5bf056195c88faca81de776,GCA_902837655.1_E7615_genomic,CADFVG010000003.1,12373,13524,1,True,MKYISHRAIICTLTLLIIIITVLFTFLRSSDVPEYITAPVRKGDIENSVLATGRIDAIERVNVGAQVSGQLKSLKVKQGDHVTKGQLIAEIDDLPQCNDLRNAEAALNEVKAELQSKQALLKQAELRFKRQLRMLRENASSHEDFESAEAMLATTRAELHSLNAKLVQAQIEVDKKKLALEYTRVVAPMDGIVIAIVTQQGQTVNSNQSAPTIIKLARLDVMTIKAQISEADITRISVGQKARFSIFSEPDKHYSATLRAVELAPESVMKDDSLASNTSASGSGTSNASVYYNALFDVPNPENRLRIAMTAQVTLITDEAQNTLLVPIQAVHRNEGEEATGPGAGSRWQAGTPECENWYHEQRGYSDPRRFKCRRKCRAVAAG*,GCA_902837655.1_E7615_genomic|CADFVG010000003.1|43264:45360:1
GCA_902837655.1_E7615_genomic|CADFVG010000003.1|41997:43271:1,v1_PLS_16a93f76898f0b2f5f8aa652f2cbb5aef2c7a1381edb6f49a3402bda0be45594,GCA_902837655.1_E7615_genomic,CADFVG010000003.1,41997,43271,1,True,MFRQDALENRKMKWQGRAILLPGIPLWLIMLGSIVFITAFLMFIIVGTYSRRVNVSGEVTTWPRAVNIYSGVQGFVVRQFVHEGQLIKKGDPVYLIDISKSTRNGIVTDNHRRDIENQLVRVDNIISRLEESKKITLDTLEKQRLQYTDAFRRSSDIIQRAEEGIKIMKNNMENYRYYQSKGLINKDQLTNQVALYYQQQNNLLSLSGQNEQNALQITTLESQIQTQAADFDNRIYQMELQRLELQKELVNTDVEGEIIIRALSDGKVDSLSVTVGQMVNTGDSLLQVIPENIENYYLILWVPNDAVPYISAGDKVNIRYEAFPSEKFGQFSATVKTISRTPASTQEMLTYKGAPQNTPGASVPWYKVIATPEKQIIRYDEKYLPLENGMKAESTLFLEKRRIYQWMLSPFYDMKHSATGPIND*,GCA_902837655.1_E7615_genomic|CADFVG010000003.1|43264:45360:1
GCA_902838045.1_H062_genomic|CADFWX010000016.1|17658:18932:1,v1_PLS_16a93f76898f0b2f5f8aa652f2cbb5aef2c7a1381edb6f49a3402bda0be45594,GCA_902838045.1_H062_genomic,CADFWX010000016.1,17658,18932,1,True,MFRQDALENRKMKWQGRAILLPGIPLWLIMLGSIVFITAFLMFIIVGTYSRRVNVSGEVTTWPRAVNIYSGVQGFVVRQFVHEGQLIKKGDPVYLIDISKSTRNGIVTDNHRRDIENQLVRVDNIISRLEESKKITLDTLEKQRLQYTDAFRRSSDIIQRAEEGIKIMKNNMENYRYYQSKGLINKDQLTNQVALYYQQQNNLLSLSGQNEQNALQITTLESQIQTQAADFDNRIYQMELQRLELQKELVNTDVEGEIIIRALSDGKVDSLSVTVGQMVNTGDSLLQVIPENIENYYLILWVPNDAVPYISAGDKVNIRYEAFPSEKFGQFSATVKTISRTPASTQEMLTYKGAPQNTPGASVPWYKVIATPEKQIIRYDEKYLPLENGMKAESTLFLEKRRIYQWMLSPFYDMKHSATGPIND*,GCA_902838045.1_H062_genomic|CADFWX010000016.1|18925:21021:1
GCA_902838605.1_M664361_genomic|CADFYN010000013.1|19725:20999:1,v1_PLS_f825a850f4a127df0cb933fcf8acfc70f46d75024c8e3003b696920ee055b454,GCA_902838605.1_M664361_genomic,CADFYN010000013.1,19725,20999,1,True,MFRQDALENRKMKWQGRAILLPGIPLWLIMLGSIVFITAFLMFIIVGTYSRRVNVSGEVTTWPRAVNIYSGVQGFVVRQFVHEGQLIKKGDPVYLIDISKSTRNGIVTDNHRRDIENQLVRVDNIISRLEESKKITRDTLEKQRLQYTDAFRRSSDIIQRAEEGIKIMKNNMENYRYYQSKGLINKDQLTNQVALYYQQQNNLLSLSGQNEQNALQITTLESQIQTQAADFDNRIYQMELQRLELQKELVNTDVEGEIIIRALSDGKVDSLSVTVGQMVNTGDSLLQVIPENIENYYLILWVPNDAVPYISAGDKVNIRYEAFPSEKFGQFSATVKTISRTPASTQEMLTYKGAPQNTPGASVPWYKVIATPEKQIIRYDEKYLPLENGMKAESTLFLEKRRIYQWMLSPFYDMKHSATGPIND*,GCA_902838605.1_M664361_genomic|CADFYN010000013.1|20992:23088:1
GCA_902841245.1_B313b_genomic|CADGJD010000097.1|40523:41704:-1,v1_PLS_61716ea3d41ddc1c794f0cdaf08c04f8f194de5a2d678c3ca3c482c772d312c9,GCA_902841245.1_B313b_genomic,CADGJD010000097.1,40523,41704,-1,True,MKYISHRAIICTLTLLIIIITVLFTFLRSSDVPEYITAPVRKGDIENSVLATGRIDAIERVNVGAQVSGQLKSLKVKQGDHVTKGQLIAEIDDLPQCNDLRNAEAALNEVKAELQSKQALLKQAELRFKRQLRMLRENASSHEDFESAEAMLATTRAELHSLNAKLVQAQIEVDKKKLALEYTRVVAPMDGIVIAIVTQQGQTVNSNQSAPTIIKLARLDVMTIKAQISEADITRISVGQKARFSIFSEPDKHYSATLRAVELAPESVMKDDSLASNTSASGSGTSNASVYYNALFDVPNPENRLRIAMTAQVTLITDEAQNTLLVPIQAVHRNEGKKQQVLVLAADGRLEPRNVKTGITNSVDIQILEGLNVGENVVLSLPDKKEPEERIML*,GCA_902841245.1_B313b_genomic|CADGJD010000097.1|8715:10811:-1
GCA_902839875.1_W3_33_genomic|CADGDU010000053.1|11668:12849:1,v1_PLS_4a7dec9fb1136835025863726b3d056567a6168d8b9c4f12df79eb0ab603b984,GCA_902839875.1_W3_33_genomic,CADGDU010000053.1,11668,12849,1,True,MKYISHRAIICTLTLLIIIITVLFTFLRSSDVPEYITAPVRKGDIENSVLATGRIDAIERVNVGAQVSGQLKSLKVKQGDHVTKGQLIAEIDDLPQCNDLRNAEAALNEVKAELQSKQALLKQAELRFKRQLRMLRENASSHEDFESAEAMLATTRAELLSLNAKLVQAQIEVDKKKLALEYTRVVAPMDGIVIAIVTQQGQTVNSNQSAPTIIKLARLDVMTIKAQISEADITRISVGQKARFSIFSEPDKHYSATLRAVELAPESVMKDDSLASNTSASGSGTSNASVYYNALFDVPNPENRLRIAMTAQVTLITDEAQNTLLVPIQAVHRNEGKKQQVLVLAADGRLEPRNVKTGITNSVDIQILEGLNVGENVVLSLPDKKEPEERIML*,GCA_902839875.1_W3_33_genomic|CADGDU010000053.1|42436:44532:1
GCA_902839875.1_W3_33_genomic|CADGDU010000053.1|41169:42443:1,v1_PLS_16a93f76898f0b2f5f8aa652f2cbb5aef2c7a1381edb6f49a3402bda0be45594,GCA_902839875.1_W3_33_genomic,CADGDU010000053.1,41169,42443,1,True,MFRQDALENRKMKWQGRAILLPGIPLWLIMLGSIVFITAFLMFIIVGTYSRRVNVSGEVTTWPRAVNIYSGVQGFVVRQFVHEGQLIKKGDPVYLIDISKSTRNGIVTDNHRRDIENQLVRVDNIISRLEESKKITLDTLEKQRLQYTDAFRRSSDIIQRAEEGIKIMKNNMENYRYYQSKGLINKDQLTNQVALYYQQQNNLLSLSGQNEQNALQITTLESQIQTQAADFDNRIYQMELQRLELQKELVNTDVEGEIIIRALSDGKVDSLSVTVGQMVNTGDSLLQVIPENIENYYLILWVPNDAVPYISAGDKVNIRYEAFPSEKFGQFSATVKTISRTPASTQEMLTYKGAPQNTPGASVPWYKVIATPEKQIIRYDEKYLPLENGMKAESTLFLEKRRIYQWMLSPFYDMKHSATGPIND*,GCA_902839875.1_W3_33_genomic|CADGDU010000053.1|42436:44532:1
GCA_902838875.1_A3_17_genomic|CADGAJ010000025.1|12373:13554:1,v1_PLS_61716ea3d41ddc1c794f0cdaf08c04f8f194de5a2d678c3ca3c482c772d312c9,GCA_902838875.1_A3_17_genomic,CADGAJ010000025.1,12373,13554,1,True,MKYISHRAIICTLTLLIIIITVLFTFLRSSDVPEYITAPVRKGDIENSVLATGRIDAIERVNVGAQVSGQLKSLKVKQGDHVTKGQLIAEIDDLPQCNDLRNAEAALNEVKAELQSKQALLKQAELRFKRQLRMLRENASSHEDFESAEAMLATTRAELHSLNAKLVQAQIEVDKKKLALEYTRVVAPMDGIVIAIVTQQGQTVNSNQSAPTIIKLARLDVMTIKAQISEADITRISVGQKARFSIFSEPDKHYSATLRAVELAPESVMKDDSLASNTSASGSGTSNASVYYNALFDVPNPENRLRIAMTAQVTLITDEAQNTLLVPIQAVHRNEGKKQQVLVLAADGRLEPRNVKTGITNSVDIQILEGLNVGENVVLSLPDKKEPEERIML*,GCA_902838875.1_A3_17_genomic|CADGAJ010000025.1|43266:45362:1
GCA_902838875.1_A3_17_genomic|CADGAJ010000025.1|41999:43273:1,v1_PLS_16a93f76898f0b2f5f8aa652f2cbb5aef2c7a1381edb6f49a3402bda0be45594,GCA_902838875.1_A3_17_genomic,CADGAJ010000025.1,41999,43273,1,True,MFRQDALENRKMKWQGRAILLPGIPLWLIMLGSIVFITAFLMFIIVGTYSRRVNVSGEVTTWPRAVNIYSGVQGFVVRQFVHEGQLIKKGDPVYLIDISKSTRNGIVTDNHRRDIENQLVRVDNIISRLEESKKITLDTLEKQRLQYTDAFRRSSDIIQRAEEGIKIMKNNMENYRYYQSKGLINKDQLTNQVALYYQQQNNLLSLSGQNEQNALQITTLESQIQTQAADFDNRIYQMELQRLELQKELVNTDVEGEIIIRALSDGKVDSLSVTVGQMVNTGDSLLQVIPENIENYYLILWVPNDAVPYISAGDKVNIRYEAFPSEKFGQFSATVKTISRTPASTQEMLTYKGAPQNTPGASVPWYKVIATPEKQIIRYDEKYLPLENGMKAESTLFLEKRRIYQWMLSPFYDMKHSATGPIND*,GCA_902838875.1_A3_17_genomic|CADGAJ010000025.1|43266:45362:1
GCA_902839545.1_B1505_genomic|CADGCM010000019.1|2069:3250:1,v1_PLS_61716ea3d41ddc1c794f0cdaf08c04f8f194de5a2d678c3ca3c482c772d312c9,GCA_902839545.1_B1505_genomic,CADGCM010000019.1,2069,3250,1,True,MKYISHRAIICTLTLLIIIITVLFTFLRSSDVPEYITAPVRKGDIENSVLATGRIDAIERVNVGAQVSGQLKSLKVKQGDHVTKGQLIAEIDDLPQCNDLRNAEAALNEVKAELQSKQALLKQAELRFKRQLRMLRENASSHEDFESAEAMLATTRAELHSLNAKLVQAQIEVDKKKLALEYTRVVAPMDGIVIAIVTQQGQTVNSNQSAPTIIKLARLDVMTIKAQISEADITRISVGQKARFSIFSEPDKHYSATLRAVELAPESVMKDDSLASNTSASGSGTSNASVYYNALFDVPNPENRLRIAMTAQVTLITDEAQNTLLVPIQAVHRNEGKKQQVLVLAADGRLEPRNVKTGITNSVDIQILEGLNVGENVVLSLPDKKEPEERIML*,GCA_902839545.1_B1505_genomic|CADGCM010000019.1|32962:35058:1
GCA_902839545.1_B1505_genomic|CADGCM010000019.1|31695:32969:1,v1_PLS_16a93f76898f0b2f5f8aa652f2cbb5aef2c7a1381edb6f49a3402bda0be45594,GCA_902839545.1_B1505_genomic,CADGCM010000019.1,31695,32969,1,True,MFRQDALENRKMKWQGRAILLPGIPLWLIMLGSIVFITAFLMFIIVGTYSRRVNVSGEVTTWPRAVNIYSGVQGFVVRQFVHEGQLIKKGDPVYLIDISKSTRNGIVTDNHRRDIENQLVRVDNIISRLEESKKITLDTLEKQRLQYTDAFRRSSDIIQRAEEGIKIMKNNMENYRYYQSKGLINKDQLTNQVALYYQQQNNLLSLSGQNEQNALQITTLESQIQTQAADFDNRIYQMELQRLELQKELVNTDVEGEIIIRALSDGKVDSLSVTVGQMVNTGDSLLQVIPENIENYYLILWVPNDAVPYISAGDKVNIRYEAFPSEKFGQFSATVKTISRTPASTQEMLTYKGAPQNTPGASVPWYKVIATPEKQIIRYDEKYLPLENGMKAESTLFLEKRRIYQWMLSPFYDMKHSATGPIND*,GCA_902839545.1_B1505_genomic|CADGCM010000019.1|32962:35058:1
GCA_902841915.1_A2_22_genomic|CADGLR010000013.1|971:2152:1,v1_PLS_61716ea3d41ddc1c794f0cdaf08c04f8f194de5a2d678c3ca3c482c772d312c9,GCA_902841915.1_A2_22_genomic,CADGLR010000013.1,971,2152,1,True,MKYISHRAIICTLTLLIIIITVLFTFLRSSDVPEYITAPVRKGDIENSVLATGRIDAIERVNVGAQVSGQLKSLKVKQGDHVTKGQLIAEIDDLPQCNDLRNAEAALNEVKAELQSKQALLKQAELRFKRQLRMLRENASSHEDFESAEAMLATTRAELHSLNAKLVQAQIEVDKKKLALEYTRVVAPMDGIVIAIVTQQGQTVNSNQSAPTIIKLARLDVMTIKAQISEADITRISVGQKARFSIFSEPDKHYSATLRAVELAPESVMKDDSLASNTSASGSGTSNASVYYNALFDVPNPENRLRIAMTAQVTLITDEAQNTLLVPIQAVHRNEGKKQQVLVLAADGRLEPRNVKTGITNSVDIQILEGLNVGENVVLSLPDKKEPEERIML*,GCA_902841915.1_A2_22_genomic|CADGLR010000013.1|31864:33960:1
GCA_902841915.1_A2_22_genomic|CADGLR010000013.1|30597:31871:1,v1_PLS_16a93f76898f0b2f5f8aa652f2cbb5aef2c7a1381edb6f49a3402bda0be45594,GCA_902841915.1_A2_22_genomic,CADGLR010000013.1,30597,31871,1,True,MFRQDALENRKMKWQGRAILLPGIPLWLIMLGSIVFITAFLMFIIVGTYSRRVNVSGEVTTWPRAVNIYSGVQGFVVRQFVHEGQLIKKGDPVYLIDISKSTRNGIVTDNHRRDIENQLVRVDNIISRLEESKKITLDTLEKQRLQYTDAFRRSSDIIQRAEEGIKIMKNNMENYRYYQSKGLINKDQLTNQVALYYQQQNNLLSLSGQNEQNALQITTLESQIQTQAADFDNRIYQMELQRLELQKELVNTDVEGEIIIRALSDGKVDSLSVTVGQMVNTGDSLLQVIPENIENYYLILWVPNDAVPYISAGDKVNIRYEAFPSEKFGQFSATVKTISRTPASTQEMLTYKGAPQNTPGASVPWYKVIATPEKQIIRYDEKYLPLENGMKAESTLFLEKRRIYQWMLSPFYDMKHSATGPIND*,GCA_902841915.1_A2_22_genomic|CADGLR010000013.1|31864:33960:1
GCA_902838665.1_H246_genomic|CADFZF010000006.1|99309:100496:-1,v1_PLS_5815f9d27f86cba2426ede605ac9e59134bc0bad804d8224cee70ba921549f7f,GCA_902838665.1_H246_genomic,CADFZF010000006.1,99309,100496,-1,True,MITKCLFRRTEFFIAALFIILICVLLFFLRSPDIPEFVTAPVRKGDIENSVLATGRIDAIERVNVGAQVSGQVKSLKVKQGDYVTKGQLIAEIDDLPQRNDLRNAEAALSEVKAELQSKQALLKQAELRFKRQQQMLREDASSREDFESAETMLATTHAELLSLNAKLVQAQIEVDKKKLALGYTRVVAPMDGIVIAVVTQQGQTVNSNQSAPTIIKLARLDVMTIKAQISEADITRISAGQKARFTIFSEPETHYNATLRAVELAPESVMKDDSLASNSSVSGASSSNASVYYNALLDVPNPENRLRIAMTAQVTLLIEEAKNTLLVPLQAVRRTGENKQQVQVLAADGKLETRNVTTGITNGLDIQILEGLKIGENVVLSLPEEKATEEEIVL*,GCA_902838665.1_H246_genomic|CADFZF010000006.1|69303:71399:-1
GCA_902844495.1_W1_79_genomic|CADGVN010000026.1|4494:5768:1,v1_PLS_16a93f76898f0b2f5f8aa652f2cbb5aef2c7a1381edb6f49a3402bda0be45594,GCA_902844495.1_W1_79_genomic,CADGVN010000026.1,4494,5768,1,True,MFRQDALENRKMKWQGRAILLPGIPLWLIMLGSIVFITAFLMFIIVGTYSRRVNVSGEVTTWPRAVNIYSGVQGFVVRQFVHEGQLIKKGDPVYLIDISKSTRNGIVTDNHRRDIENQLVRVDNIISRLEESKKITLDTLEKQRLQYTDAFRRSSDIIQRAEEGIKIMKNNMENYRYYQSKGLINKDQLTNQVALYYQQQNNLLSLSGQNEQNALQITTLESQIQTQAADFDNRIYQMELQRLELQKELVNTDVEGEIIIRALSDGKVDSLSVTVGQMVNTGDSLLQVIPENIENYYLILWVPNDAVPYISAGDKVNIRYEAFPSEKFGQFSATVKTISRTPASTQEMLTYKGAPQNTPGASVPWYKVIATPEKQIIRYDEKYLPLENGMKAESTLFLEKRRIYQWMLSPFYDMKHSATGPIND*,GCA_902844495.1_W1_79_genomic|CADGVN010000026.1|5761:7857:1
GCA_902845135.1_BS87_genomic|CADGYE010000045.1|4153:5427:1,v1_PLS_16a93f76898f0b2f5f8aa652f2cbb5aef2c7a1381edb6f49a3402bda0be45594,GCA_902845135.1_BS87_genomic,CADGYE010000045.1,4153,5427,1,True,MFRQDALENRKMKWQGRAILLPGIPLWLIMLGSIVFITAFLMFIIVGTYSRRVNVSGEVTTWPRAVNIYSGVQGFVVRQFVHEGQLIKKGDPVYLIDISKSTRNGIVTDNHRRDIENQLVRVDNIISRLEESKKITLDTLEKQRLQYTDAFRRSSDIIQRAEEGIKIMKNNMENYRYYQSKGLINKDQLTNQVALYYQQQNNLLSLSGQNEQNALQITTLESQIQTQAADFDNRIYQMELQRLELQKELVNTDVEGEIIIRALSDGKVDSLSVTVGQMVNTGDSLLQVIPENIENYYLILWVPNDAVPYISAGDKVNIRYEAFPSEKFGQFSATVKTISRTPASTQEMLTYKGAPQNTPGASVPWYKVIATPEKQIIRYDEKYLPLENGMKAESTLFLEKRRIYQWMLSPFYDMKHSATGPIND*,GCA_902845135.1_BS87_genomic|CADGYE010000045.1|5420:7516:1
GCA_902842205.1_M587877_genomic|CADGNA010000164.1|623:1897:1,v1_PLS_16a93f76898f0b2f5f8aa652f2cbb5aef2c7a1381edb6f49a3402bda0be45594,GCA_902842205.1_M587877_genomic,CADGNA010000164.1,623,1897,1,True,MFRQDALENRKMKWQGRAILLPGIPLWLIMLGSIVFITAFLMFIIVGTYSRRVNVSGEVTTWPRAVNIYSGVQGFVVRQFVHEGQLIKKGDPVYLIDISKSTRNGIVTDNHRRDIENQLVRVDNIISRLEESKKITLDTLEKQRLQYTDAFRRSSDIIQRAEEGIKIMKNNMENYRYYQSKGLINKDQLTNQVALYYQQQNNLLSLSGQNEQNALQITTLESQIQTQAADFDNRIYQMELQRLELQKELVNTDVEGEIIIRALSDGKVDSLSVTVGQMVNTGDSLLQVIPENIENYYLILWVPNDAVPYISAGDKVNIRYEAFPSEKFGQFSATVKTISRTPASTQEMLTYKGAPQNTPGASVPWYKVIATPEKQIIRYDEKYLPLENGMKAESTLFLEKRRIYQWMLSPFYDMKHSATGPIND*,GCA_902842205.1_M587877_genomic|CADGNA010000164.1|1890:3986:1
GCA_902843255.1_C1_46_genomic|CADGRA010000022.1|23694:24968:1,v1_PLS_16a93f76898f0b2f5f8aa652f2cbb5aef2c7a1381edb6f49a3402bda0be45594,GCA_902843255.1_C1_46_genomic,CADGRA010000022.1,23694,24968,1,True,MFRQDALENRKMKWQGRAILLPGIPLWLIMLGSIVFITAFLMFIIVGTYSRRVNVSGEVTTWPRAVNIYSGVQGFVVRQFVHEGQLIKKGDPVYLIDISKSTRNGIVTDNHRRDIENQLVRVDNIISRLEESKKITLDTLEKQRLQYTDAFRRSSDIIQRAEEGIKIMKNNMENYRYYQSKGLINKDQLTNQVALYYQQQNNLLSLSGQNEQNALQITTLESQIQTQAADFDNRIYQMELQRLELQKELVNTDVEGEIIIRALSDGKVDSLSVTVGQMVNTGDSLLQVIPENIENYYLILWVPNDAVPYISAGDKVNIRYEAFPSEKFGQFSATVKTISRTPASTQEMLTYKGAPQNTPGASVPWYKVIATPEKQIIRYDEKYLPLENGMKAESTLFLEKRRIYQWMLSPFYDMKHSATGPIND*,GCA_902843255.1_C1_46_genomic|CADGRA010000022.1|24961:27057:1
GCA_902842555.1_E5598_genomic|CADGOH010000132.1|165:1439:1,v1_PLS_16a93f76898f0b2f5f8aa652f2cbb5aef2c7a1381edb6f49a3402bda0be45594,GCA_902842555.1_E5598_genomic,CADGOH010000132.1,165,1439,1,True,MFRQDALENRKMKWQGRAILLPGIPLWLIMLGSIVFITAFLMFIIVGTYSRRVNVSGEVTTWPRAVNIYSGVQGFVVRQFVHEGQLIKKGDPVYLIDISKSTRNGIVTDNHRRDIENQLVRVDNIISRLEESKKITLDTLEKQRLQYTDAFRRSSDIIQRAEEGIKIMKNNMENYRYYQSKGLINKDQLTNQVALYYQQQNNLLSLSGQNEQNALQITTLESQIQTQAADFDNRIYQMELQRLELQKELVNTDVEGEIIIRALSDGKVDSLSVTVGQMVNTGDSLLQVIPENIENYYLILWVPNDAVPYISAGDKVNIRYEAFPSEKFGQFSATVKTISRTPASTQEMLTYKGAPQNTPGASVPWYKVIATPEKQIIRYDEKYLPLENGMKAESTLFLEKRRIYQWMLSPFYDMKHSATGPIND*,GCA_902842555.1_E5598_genomic|CADGOH010000132.1|1432:3528:1
GCA_902838715.1_BS157_genomic|CADFZL010000055.1|656:1930:1,v1_PLS_16a93f76898f0b2f5f8aa652f2cbb5aef2c7a1381edb6f49a3402bda0be45594,GCA_902838715.1_BS157_genomic,CADFZL010000055.1,656,1930,1,True,MFRQDALENRKMKWQGRAILLPGIPLWLIMLGSIVFITAFLMFIIVGTYSRRVNVSGEVTTWPRAVNIYSGVQGFVVRQFVHEGQLIKKGDPVYLIDISKSTRNGIVTDNHRRDIENQLVRVDNIISRLEESKKITLDTLEKQRLQYTDAFRRSSDIIQRAEEGIKIMKNNMENYRYYQSKGLINKDQLTNQVALYYQQQNNLLSLSGQNEQNALQITTLESQIQTQAADFDNRIYQMELQRLELQKELVNTDVEGEIIIRALSDGKVDSLSVTVGQMVNTGDSLLQVIPENIENYYLILWVPNDAVPYISAGDKVNIRYEAFPSEKFGQFSATVKTISRTPASTQEMLTYKGAPQNTPGASVPWYKVIATPEKQIIRYDEKYLPLENGMKAESTLFLEKRRIYQWMLSPFYDMKHSATGPIND*,GCA_902838715.1_BS157_genomic|CADFZL010000055.1|1923:4019:1
GCA_902849095.1_2H_103_1_genomic|CADHNV010000081.1|17658:18932:1,v1_PLS_16a93f76898f0b2f5f8aa652f2cbb5aef2c7a1381edb6f49a3402bda0be45594,GCA_902849095.1_2H_103_1_genomic,CADHNV010000081.1,17658,18932,1,True,MFRQDALENRKMKWQGRAILLPGIPLWLIMLGSIVFITAFLMFIIVGTYSRRVNVSGEVTTWPRAVNIYSGVQGFVVRQFVHEGQLIKKGDPVYLIDISKSTRNGIVTDNHRRDIENQLVRVDNIISRLEESKKITLDTLEKQRLQYTDAFRRSSDIIQRAEEGIKIMKNNMENYRYYQSKGLINKDQLTNQVALYYQQQNNLLSLSGQNEQNALQITTLESQIQTQAADFDNRIYQMELQRLELQKELVNTDVEGEIIIRALSDGKVDSLSVTVGQMVNTGDSLLQVIPENIENYYLILWVPNDAVPYISAGDKVNIRYEAFPSEKFGQFSATVKTISRTPASTQEMLTYKGAPQNTPGASVPWYKVIATPEKQIIRYDEKYLPLENGMKAESTLFLEKRRIYQWMLSPFYDMKHSATGPIND*,GCA_902849095.1_2H_103_1_genomic|CADHNV010000081.1|18925:21021:1
GCA_902837635.1_H365_genomic|CADFVK010000026.1|19859:21133:1,v1_PLS_16a93f76898f0b2f5f8aa652f2cbb5aef2c7a1381edb6f49a3402bda0be45594,GCA_902837635.1_H365_genomic,CADFVK010000026.1,19859,21133,1,True,MFRQDALENRKMKWQGRAILLPGIPLWLIMLGSIVFITAFLMFIIVGTYSRRVNVSGEVTTWPRAVNIYSGVQGFVVRQFVHEGQLIKKGDPVYLIDISKSTRNGIVTDNHRRDIENQLVRVDNIISRLEESKKITLDTLEKQRLQYTDAFRRSSDIIQRAEEGIKIMKNNMENYRYYQSKGLINKDQLTNQVALYYQQQNNLLSLSGQNEQNALQITTLESQIQTQAADFDNRIYQMELQRLELQKELVNTDVEGEIIIRALSDGKVDSLSVTVGQMVNTGDSLLQVIPENIENYYLILWVPNDAVPYISAGDKVNIRYEAFPSEKFGQFSATVKTISRTPASTQEMLTYKGAPQNTPGASVPWYKVIATPEKQIIRYDEKYLPLENGMKAESTLFLEKRRIYQWMLSPFYDMKHSATGPIND*,GCA_902837635.1_H365_genomic|CADFVK010000026.1|21126:23222:1
GCA_902838425.1_H073_genomic|CADFYK010000025.1|40524:41705:-1,v1_PLS_61716ea3d41ddc1c794f0cdaf08c04f8f194de5a2d678c3ca3c482c772d312c9,GCA_902838425.1_H073_genomic,CADFYK010000025.1,40524,41705,-1,True,MKYISHRAIICTLTLLIIIITVLFTFLRSSDVPEYITAPVRKGDIENSVLATGRIDAIERVNVGAQVSGQLKSLKVKQGDHVTKGQLIAEIDDLPQCNDLRNAEAALNEVKAELQSKQALLKQAELRFKRQLRMLRENASSHEDFESAEAMLATTRAELHSLNAKLVQAQIEVDKKKLALEYTRVVAPMDGIVIAIVTQQGQTVNSNQSAPTIIKLARLDVMTIKAQISEADITRISVGQKARFSIFSEPDKHYSATLRAVELAPESVMKDDSLASNTSASGSGTSNASVYYNALFDVPNPENRLRIAMTAQVTLITDEAQNTLLVPIQAVHRNEGKKQQVLVLAADGRLEPRNVKTGITNSVDIQILEGLNVGENVVLSLPDKKEPEERIML*,GCA_902838425.1_H073_genomic|CADFYK010000025.1|8716:10812:-1
GCA_902849215.1_C3_65_genomic|CADHNY010000098.1|3736:5010:1,v1_PLS_16a93f76898f0b2f5f8aa652f2cbb5aef2c7a1381edb6f49a3402bda0be45594,GCA_902849215.1_C3_65_genomic,CADHNY010000098.1,3736,5010,1,True,MFRQDALENRKMKWQGRAILLPGIPLWLIMLGSIVFITAFLMFIIVGTYSRRVNVSGEVTTWPRAVNIYSGVQGFVVRQFVHEGQLIKKGDPVYLIDISKSTRNGIVTDNHRRDIENQLVRVDNIISRLEESKKITLDTLEKQRLQYTDAFRRSSDIIQRAEEGIKIMKNNMENYRYYQSKGLINKDQLTNQVALYYQQQNNLLSLSGQNEQNALQITTLESQIQTQAADFDNRIYQMELQRLELQKELVNTDVEGEIIIRALSDGKVDSLSVTVGQMVNTGDSLLQVIPENIENYYLILWVPNDAVPYISAGDKVNIRYEAFPSEKFGQFSATVKTISRTPASTQEMLTYKGAPQNTPGASVPWYKVIATPEKQIIRYDEKYLPLENGMKAESTLFLEKRRIYQWMLSPFYDMKHSATGPIND*,GCA_902849215.1_C3_65_genomic|CADHNY010000098.1|5003:7099:1
GCA_902840995.1_53_1_AUC1_genomic|CADGIN010000019.1|17430:18704:1,v1_PLS_16a93f76898f0b2f5f8aa652f2cbb5aef2c7a1381edb6f49a3402bda0be45594,GCA_902840995.1_53_1_AUC1_genomic,CADGIN010000019.1,17430,18704,1,True,MFRQDALENRKMKWQGRAILLPGIPLWLIMLGSIVFITAFLMFIIVGTYSRRVNVSGEVTTWPRAVNIYSGVQGFVVRQFVHEGQLIKKGDPVYLIDISKSTRNGIVTDNHRRDIENQLVRVDNIISRLEESKKITLDTLEKQRLQYTDAFRRSSDIIQRAEEGIKIMKNNMENYRYYQSKGLINKDQLTNQVALYYQQQNNLLSLSGQNEQNALQITTLESQIQTQAADFDNRIYQMELQRLELQKELVNTDVEGEIIIRALSDGKVDSLSVTVGQMVNTGDSLLQVIPENIENYYLILWVPNDAVPYISAGDKVNIRYEAFPSEKFGQFSATVKTISRTPASTQEMLTYKGAPQNTPGASVPWYKVIATPEKQIIRYDEKYLPLENGMKAESTLFLEKRRIYQWMLSPFYDMKHSATGPIND*,GCA_902840995.1_53_1_AUC1_genomic|CADGIN010000019.1|18697:20793:1
GCA_902841855.1_W4_33_genomic|CADGLL010000050.1|146:1420:1,v1_PLS_16a93f76898f0b2f5f8aa652f2cbb5aef2c7a1381edb6f49a3402bda0be45594,GCA_902841855.1_W4_33_genomic,CADGLL010000050.1,146,1420,1,True,MFRQDALENRKMKWQGRAILLPGIPLWLIMLGSIVFITAFLMFIIVGTYSRRVNVSGEVTTWPRAVNIYSGVQGFVVRQFVHEGQLIKKGDPVYLIDISKSTRNGIVTDNHRRDIENQLVRVDNIISRLEESKKITLDTLEKQRLQYTDAFRRSSDIIQRAEEGIKIMKNNMENYRYYQSKGLINKDQLTNQVALYYQQQNNLLSLSGQNEQNALQITTLESQIQTQAADFDNRIYQMELQRLELQKELVNTDVEGEIIIRALSDGKVDSLSVTVGQMVNTGDSLLQVIPENIENYYLILWVPNDAVPYISAGDKVNIRYEAFPSEKFGQFSATVKTISRTPASTQEMLTYKGAPQNTPGASVPWYKVIATPEKQIIRYDEKYLPLENGMKAESTLFLEKRRIYQWMLSPFYDMKHSATGPIND*,GCA_902841855.1_W4_33_genomic|CADGLL010000050.1|1413:3509:1
GCA_902847755.1_C2_110_genomic|CADHID010000212.1|117:1391:1,v1_PLS_16a93f76898f0b2f5f8aa652f2cbb5aef2c7a1381edb6f49a3402bda0be45594,GCA_902847755.1_C2_110_genomic,CADHID010000212.1,117,1391,1,True,MFRQDALENRKMKWQGRAILLPGIPLWLIMLGSIVFITAFLMFIIVGTYSRRVNVSGEVTTWPRAVNIYSGVQGFVVRQFVHEGQLIKKGDPVYLIDISKSTRNGIVTDNHRRDIENQLVRVDNIISRLEESKKITLDTLEKQRLQYTDAFRRSSDIIQRAEEGIKIMKNNMENYRYYQSKGLINKDQLTNQVALYYQQQNNLLSLSGQNEQNALQITTLESQIQTQAADFDNRIYQMELQRLELQKELVNTDVEGEIIIRALSDGKVDSLSVTVGQMVNTGDSLLQVIPENIENYYLILWVPNDAVPYISAGDKVNIRYEAFPSEKFGQFSATVKTISRTPASTQEMLTYKGAPQNTPGASVPWYKVIATPEKQIIRYDEKYLPLENGMKAESTLFLEKRRIYQWMLSPFYDMKHSATGPIND*,GCA_902847755.1_C2_110_genomic|CADHID010000212.1|1384:3480:1
GCA_902841135.1_H190_genomic|CADGII010000036.1|37153:38334:-1,v1_PLS_61716ea3d41ddc1c794f0cdaf08c04f8f194de5a2d678c3ca3c482c772d312c9,GCA_902841135.1_H190_genomic,CADGII010000036.1,37153,38334,-1,True,MKYISHRAIICTLTLLIIIITVLFTFLRSSDVPEYITAPVRKGDIENSVLATGRIDAIERVNVGAQVSGQLKSLKVKQGDHVTKGQLIAEIDDLPQCNDLRNAEAALNEVKAELQSKQALLKQAELRFKRQLRMLRENASSHEDFESAEAMLATTRAELHSLNAKLVQAQIEVDKKKLALEYTRVVAPMDGIVIAIVTQQGQTVNSNQSAPTIIKLARLDVMTIKAQISEADITRISVGQKARFSIFSEPDKHYSATLRAVELAPESVMKDDSLASNTSASGSGTSNASVYYNALFDVPNPENRLRIAMTAQVTLITDEAQNTLLVPIQAVHRNEGKKQQVLVLAADGRLEPRNVKTGITNSVDIQILEGLNVGENVVLSLPDKKEPEERIML*,GCA_902841135.1_H190_genomic|CADGII010000036.1|5345:7441:-1
GCA_902837565.1_W3_35_genomic|CADFVA010000014.1|57764:59038:1,v1_PLS_16a93f76898f0b2f5f8aa652f2cbb5aef2c7a1381edb6f49a3402bda0be45594,GCA_902837565.1_W3_35_genomic,CADFVA010000014.1,57764,59038,1,True,MFRQDALENRKMKWQGRAILLPGIPLWLIMLGSIVFITAFLMFIIVGTYSRRVNVSGEVTTWPRAVNIYSGVQGFVVRQFVHEGQLIKKGDPVYLIDISKSTRNGIVTDNHRRDIENQLVRVDNIISRLEESKKITLDTLEKQRLQYTDAFRRSSDIIQRAEEGIKIMKNNMENYRYYQSKGLINKDQLTNQVALYYQQQNNLLSLSGQNEQNALQITTLESQIQTQAADFDNRIYQMELQRLELQKELVNTDVEGEIIIRALSDGKVDSLSVTVGQMVNTGDSLLQVIPENIENYYLILWVPNDAVPYISAGDKVNIRYEAFPSEKFGQFSATVKTISRTPASTQEMLTYKGAPQNTPGASVPWYKVIATPEKQIIRYDEKYLPLENGMKAESTLFLEKRRIYQWMLSPFYDMKHSATGPIND*,GCA_902837565.1_W3_35_genomic|CADFVA010000014.1|59031:61127:1
GCA_902842335.1_A1_30_genomic|CADGNP010000075.1|191:1465:1,v1_PLS_16a93f76898f0b2f5f8aa652f2cbb5aef2c7a1381edb6f49a3402bda0be45594,GCA_902842335.1_A1_30_genomic,CADGNP010000075.1,191,1465,1,True,MFRQDALENRKMKWQGRAILLPGIPLWLIMLGSIVFITAFLMFIIVGTYSRRVNVSGEVTTWPRAVNIYSGVQGFVVRQFVHEGQLIKKGDPVYLIDISKSTRNGIVTDNHRRDIENQLVRVDNIISRLEESKKITLDTLEKQRLQYTDAFRRSSDIIQRAEEGIKIMKNNMENYRYYQSKGLINKDQLTNQVALYYQQQNNLLSLSGQNEQNALQITTLESQIQTQAADFDNRIYQMELQRLELQKELVNTDVEGEIIIRALSDGKVDSLSVTVGQMVNTGDSLLQVIPENIENYYLILWVPNDAVPYISAGDKVNIRYEAFPSEKFGQFSATVKTISRTPASTQEMLTYKGAPQNTPGASVPWYKVIATPEKQIIRYDEKYLPLENGMKAESTLFLEKRRIYQWMLSPFYDMKHSATGPIND*,GCA_902842335.1_A1_30_genomic|CADGNP010000075.1|1458:3554:1
GCA_902839685.1_W4_36_genomic|CADGDD010000002.1|24245:25519:1,v1_PLS_16a93f76898f0b2f5f8aa652f2cbb5aef2c7a1381edb6f49a3402bda0be45594,GCA_902839685.1_W4_36_genomic,CADGDD010000002.1,24245,25519,1,True,MFRQDALENRKMKWQGRAILLPGIPLWLIMLGSIVFITAFLMFIIVGTYSRRVNVSGEVTTWPRAVNIYSGVQGFVVRQFVHEGQLIKKGDPVYLIDISKSTRNGIVTDNHRRDIENQLVRVDNIISRLEESKKITLDTLEKQRLQYTDAFRRSSDIIQRAEEGIKIMKNNMENYRYYQSKGLINKDQLTNQVALYYQQQNNLLSLSGQNEQNALQITTLESQIQTQAADFDNRIYQMELQRLELQKELVNTDVEGEIIIRALSDGKVDSLSVTVGQMVNTGDSLLQVIPENIENYYLILWVPNDAVPYISAGDKVNIRYEAFPSEKFGQFSATVKTISRTPASTQEMLTYKGAPQNTPGASVPWYKVIATPEKQIIRYDEKYLPLENGMKAESTLFLEKRRIYQWMLSPFYDMKHSATGPIND*,GCA_902839685.1_W4_36_genomic|CADGDD010000002.1|25512:27608:1
GCA_902843525.1_C3_29_genomic|CADGRW010000059.1|3593:4867:1,v1_PLS_16a93f76898f0b2f5f8aa652f2cbb5aef2c7a1381edb6f49a3402bda0be45594,GCA_902843525.1_C3_29_genomic,CADGRW010000059.1,3593,4867,1,True,MFRQDALENRKMKWQGRAILLPGIPLWLIMLGSIVFITAFLMFIIVGTYSRRVNVSGEVTTWPRAVNIYSGVQGFVVRQFVHEGQLIKKGDPVYLIDISKSTRNGIVTDNHRRDIENQLVRVDNIISRLEESKKITLDTLEKQRLQYTDAFRRSSDIIQRAEEGIKIMKNNMENYRYYQSKGLINKDQLTNQVALYYQQQNNLLSLSGQNEQNALQITTLESQIQTQAADFDNRIYQMELQRLELQKELVNTDVEGEIIIRALSDGKVDSLSVTVGQMVNTGDSLLQVIPENIENYYLILWVPNDAVPYISAGDKVNIRYEAFPSEKFGQFSATVKTISRTPASTQEMLTYKGAPQNTPGASVPWYKVIATPEKQIIRYDEKYLPLENGMKAESTLFLEKRRIYQWMLSPFYDMKHSATGPIND*,GCA_902843525.1_C3_29_genomic|CADGRW010000059.1|4860:6956:1
GCA_902848205.1_B1850_genomic|CADHJT010000292.1|138:1412:1,v1_PLS_16a93f76898f0b2f5f8aa652f2cbb5aef2c7a1381edb6f49a3402bda0be45594,GCA_902848205.1_B1850_genomic,CADHJT010000292.1,138,1412,1,True,MFRQDALENRKMKWQGRAILLPGIPLWLIMLGSIVFITAFLMFIIVGTYSRRVNVSGEVTTWPRAVNIYSGVQGFVVRQFVHEGQLIKKGDPVYLIDISKSTRNGIVTDNHRRDIENQLVRVDNIISRLEESKKITLDTLEKQRLQYTDAFRRSSDIIQRAEEGIKIMKNNMENYRYYQSKGLINKDQLTNQVALYYQQQNNLLSLSGQNEQNALQITTLESQIQTQAADFDNRIYQMELQRLELQKELVNTDVEGEIIIRALSDGKVDSLSVTVGQMVNTGDSLLQVIPENIENYYLILWVPNDAVPYISAGDKVNIRYEAFPSEKFGQFSATVKTISRTPASTQEMLTYKGAPQNTPGASVPWYKVIATPEKQIIRYDEKYLPLENGMKAESTLFLEKRRIYQWMLSPFYDMKHSATGPIND*,GCA_902848205.1_B1850_genomic|CADHJT010000292.1|1405:3501:1
GCA_902847485.1_M660876_genomic|CADHHG010000055.1|85:1359:1,v1_PLS_16a93f76898f0b2f5f8aa652f2cbb5aef2c7a1381edb6f49a3402bda0be45594,GCA_902847485.1_M660876_genomic,CADHHG010000055.1,85,1359,1,True,MFRQDALENRKMKWQGRAILLPGIPLWLIMLGSIVFITAFLMFIIVGTYSRRVNVSGEVTTWPRAVNIYSGVQGFVVRQFVHEGQLIKKGDPVYLIDISKSTRNGIVTDNHRRDIENQLVRVDNIISRLEESKKITLDTLEKQRLQYTDAFRRSSDIIQRAEEGIKIMKNNMENYRYYQSKGLINKDQLTNQVALYYQQQNNLLSLSGQNEQNALQITTLESQIQTQAADFDNRIYQMELQRLELQKELVNTDVEGEIIIRALSDGKVDSLSVTVGQMVNTGDSLLQVIPENIENYYLILWVPNDAVPYISAGDKVNIRYEAFPSEKFGQFSATVKTISRTPASTQEMLTYKGAPQNTPGASVPWYKVIATPEKQIIRYDEKYLPLENGMKAESTLFLEKRRIYQWMLSPFYDMKHSATGPIND*,GCA_902847485.1_M660876_genomic|CADHHG010000055.1|1352:3448:1
GCA_902839165.1_A4_5_genomic|CADGBI010000029.1|23732:25006:1,v1_PLS_16a93f76898f0b2f5f8aa652f2cbb5aef2c7a1381edb6f49a3402bda0be45594,GCA_902839165.1_A4_5_genomic,CADGBI010000029.1,23732,25006,1,True,MFRQDALENRKMKWQGRAILLPGIPLWLIMLGSIVFITAFLMFIIVGTYSRRVNVSGEVTTWPRAVNIYSGVQGFVVRQFVHEGQLIKKGDPVYLIDISKSTRNGIVTDNHRRDIENQLVRVDNIISRLEESKKITLDTLEKQRLQYTDAFRRSSDIIQRAEEGIKIMKNNMENYRYYQSKGLINKDQLTNQVALYYQQQNNLLSLSGQNEQNALQITTLESQIQTQAADFDNRIYQMELQRLELQKELVNTDVEGEIIIRALSDGKVDSLSVTVGQMVNTGDSLLQVIPENIENYYLILWVPNDAVPYISAGDKVNIRYEAFPSEKFGQFSATVKTISRTPASTQEMLTYKGAPQNTPGASVPWYKVIATPEKQIIRYDEKYLPLENGMKAESTLFLEKRRIYQWMLSPFYDMKHSATGPIND*,GCA_902839165.1_A4_5_genomic|CADGBI010000029.1|24999:27095:1
GCA_902838765.1_BS117_genomic|CADFZR010000035.1|17603:18877:1,v1_PLS_5712bb1f66decde2f56863d962764ffbf4cec3f3e1967406b949f108c2ac1e30,GCA_902838765.1_BS117_genomic,CADFZR010000035.1,17603,18877,1,True,MFRQDALENRKMKWQGRAILLPGIPLWLIMLGSIVFITAFLMFIIVGTYSRRVNVSGEVTTWPRAVNIYSGVQGFVVRQFVHEGQLIKKGDPVYLIDISKSTRNGIVTDNHRRDIENQLVRVNNIISRLEESKKITLDTLEKQRLQYTDAFRRSSDIIQRAEEGIKIMKNNMENYRYYQSKGLINKDQLTNQVALYYQQQNNLLSLSGQNEQNALQITTLESQIQTQAADFDNRIYQMELQRLELQKELVNTDVEGEIIIRALSDGKVDSLSVTVGQMVNTGDSLLQVIPENIENYYLILWVPNDAVPYISAGDKVNIRYEAFPSEKFGQFSATVKTISRTPASTQEMLTYKGAPQNTPGASVPWYKVIATPEKQIIRYDEKYLPLENGMKAESTLFLEKRRIYQWMLSPFYDMKHSATGPIND*,GCA_902838765.1_BS117_genomic|CADFZR010000035.1|18870:20966:1
GCA_902838685.1_B1036_genomic|CADFZN010000078.1|14696:15970:1,v1_PLS_5712bb1f66decde2f56863d962764ffbf4cec3f3e1967406b949f108c2ac1e30,GCA_902838685.1_B1036_genomic,CADFZN010000078.1,14696,15970,1,True,MFRQDALENRKMKWQGRAILLPGIPLWLIMLGSIVFITAFLMFIIVGTYSRRVNVSGEVTTWPRAVNIYSGVQGFVVRQFVHEGQLIKKGDPVYLIDISKSTRNGIVTDNHRRDIENQLVRVNNIISRLEESKKITLDTLEKQRLQYTDAFRRSSDIIQRAEEGIKIMKNNMENYRYYQSKGLINKDQLTNQVALYYQQQNNLLSLSGQNEQNALQITTLESQIQTQAADFDNRIYQMELQRLELQKELVNTDVEGEIIIRALSDGKVDSLSVTVGQMVNTGDSLLQVIPENIENYYLILWVPNDAVPYISAGDKVNIRYEAFPSEKFGQFSATVKTISRTPASTQEMLTYKGAPQNTPGASVPWYKVIATPEKQIIRYDEKYLPLENGMKAESTLFLEKRRIYQWMLSPFYDMKHSATGPIND*,GCA_902838685.1_B1036_genomic|CADFZN010000078.1|15963:18059:1
GCA_902840845.1_E2845_genomic|CADGHV010000018.1|134646:135866:1,v1_PLS_3389a2caf92706647dcfaecb1b6ccd2edc1969b545701ca760983f1ae320d33b,GCA_902840845.1_E2845_genomic,CADGHV010000018.1,134646,135866,1,True,MQDFIEKNHRSNFGDVIIATTFSQRAITVCSVIIFICIILFMSFAEYTQKRNVNGIVYPDKGIISIKSKQSGTLSALYIKSGDFINSGEKLLAIDASSSTHYFKNNEESYREMFSKLRSISSRETQDNITDLEAKKKLTEEQVIQTKNSIAIMERQIRLLNAAIHSQQISFSKIQDAYKKRYVSDVEKNNAEMQLIDKKMQLQSLNNEISSKEGQIISLKKELEDTIDRIKNIQNENEKESIDSLIKMYGVASDSESILRAPSAGKIAEIVEKTGSFVNAGDTILTVIPQGSVNQIVAFISPEFIGEIKKGTRVALKYDSYPYQRFGFEHGIIIDISRVPLRPEDIYTNFGFKFENACYRIVIKITEKKKRINIIPGMSLKVDIPTRKTSIIKWIFPFFRDKDIDA*,GCA_902840845.1_E2845_genomic|CADGHV010000018.1|135859:138021:1
GCA_902838485.1_B1937_genomic|CADFYR010000057.1|1849:3123:1,v1_PLS_38868bb19e651575cbe111a4bd8a2736e89f7c5a0923bad9b689048220935aff,GCA_902838485.1_B1937_genomic,CADFYR010000057.1,1849,3123,1,True,MFRQDALENRKMKWQGRAILLPGIPLWLIMLGSIVFITAFLMFIIVGTYSRRVNVSGEVTTWPRAVNIYSGVQGFVVRQFVHEGQLIKKGDPVYLIDISKSTRSGIVTDNHRRDIENQLVRVDNIISSLEESKKITLDTLEKQRLQYTDAFRRSSDIIQRAEEGIKIMKNNMENYRNYQAKGLINKDQLTNQVALYYQQQNNLLSLSGQNEQNALQITTLESQIQTQAADFDNRIYQMELQRYELQKELVNTDVEGEIIIRALTDGKVDSLSVTVGQMVNTGDSLLQVIPENIENYYLILWVPNDAVPYISAGDKVNIRYEAFPAEKFGQFSATVKTISRTPASTQEMLTYKGAPQNTPGASVPWYKVIAIPEKQIIRYDEKNLPLENGMKAESTLFLEKRRIYQWMLSPFYDMKHSATGPLND*,GCA_902838485.1_B1937_genomic|CADFYR010000057.1|3116:5212:1
GCA_902843325.1_53_1_AC6_genomic|CADGRB010000014.1|38274:39527:1,v1_PLS_58a433c74c7213a4e56b5bbb854815dbcc97144cec9abbd84a2d27c3d07a4a6e,GCA_902843325.1_53_1_AC6_genomic,CADGRB010000014.1,38274,39527,1,True,MNIFRSEAIEHHNDTEYGDIILPTSFSLSVCATVTLFIMLSLTVFIYYGSYTRKAHLTGIVMPSSGLVKIIPQYAGYVTQLTVSEGEHVTAGTQLYHISGEHYNGNGTGTLATMSISLKTQYIMLASQQSFESRDNSQQQEAIRQRMISLEPQIRSAEQRLQLAERQAELAISVMERYKKLAGTHYVSDIEFQQKQIDVSAAQQNVEDQRQGLLQLHTAMDTAKDELNHLIVQGKSRKAELDRQLQVLKQQQDELAGQEKFTLRAPVSGTIAAVLIKQGQSVKASEPVMTLIPDNAHLQIELYATSQKAGFIRPGQRVSLKFSAFPYQKFGIQYGTIRKISHTTLAPSDLLPVSPVTWKENEGHYRVIVEPENTFIFAYGKKEPLRPGMTLEGDVNLDTRHLWEWLTEPLWSMKGNL*,GCA_902843325.1_53_1_AC6_genomic|CADGRB010000014.1|39527:41716:1
GCA_902846595.1_26_1_C13_genomic|CADHDV010000028.1|35917:37170:1,v1_PLS_58a433c74c7213a4e56b5bbb854815dbcc97144cec9abbd84a2d27c3d07a4a6e,GCA_902846595.1_26_1_C13_genomic,CADHDV010000028.1,35917,37170,1,True,MNIFRSEAIEHHNDTEYGDIILPTSFSLSVCATVTLFIMLSLTVFIYYGSYTRKAHLTGIVMPSSGLVKIIPQYAGYVTQLTVSEGEHVTAGTQLYHISGEHYNGNGTGTLATMSISLKTQYIMLASQQSFESRDNSQQQEAIRQRMISLEPQIRSAEQRLQLAERQAELAISVMERYKKLAGTHYVSDIEFQQKQIDVSAAQQNVEDQRQGLLQLHTAMDTAKDELNHLIVQGKSRKAELDRQLQVLKQQQDELAGQEKFTLRAPVSGTIAAVLIKQGQSVKASEPVMTLIPDNAHLQIELYATSQKAGFIRPGQRVSLKFSAFPYQKFGIQYGTIRKISHTTLAPSDLLPVSPVTWKENEGHYRVIVEPENTFIFAYGKKEPLRPGMTLEGDVNLDTRHLWEWLTEPLWSMKGNL*,GCA_902846595.1_26_1_C13_genomic|CADHDV010000028.1|37170:39359:1
GCA_902844375.1_E5548_genomic|CADGVA010000090.1|547:1800:1,v1_PLS_58a433c74c7213a4e56b5bbb854815dbcc97144cec9abbd84a2d27c3d07a4a6e,GCA_902844375.1_E5548_genomic,CADGVA010000090.1,547,1800,1,True,MNIFRSEAIEHHNDTEYGDIILPTSFSLSVCATVTLFIMLSLTVFIYYGSYTRKAHLTGIVMPSSGLVKIIPQYAGYVTQLTVSEGEHVTAGTQLYHISGEHYNGNGTGTLATMSISLKTQYIMLASQQSFESRDNSQQQEAIRQRMISLEPQIRSAEQRLQLAERQAELAISVMERYKKLAGTHYVSDIEFQQKQIDVSAAQQNVEDQRQGLLQLHTAMDTAKDELNHLIVQGKSRKAELDRQLQVLKQQQDELAGQEKFTLRAPVSGTIAAVLIKQGQSVKASEPVMTLIPDNAHLQIELYATSQKAGFIRPGQRVSLKFSAFPYQKFGIQYGTIRKISHTTLAPSDLLPVSPVTWKENEGHYRVIVEPENTFIFAYGKKEPLRPGMTLEGDVNLDTRHLWEWLTEPLWSMKGNL*,GCA_902844375.1_E5548_genomic|CADGVA010000090.1|1800:3989:1
GCA_902842925.1_E7861_genomic|CADGQE010000009.1|34420:35673:1,v1_PLS_cc078e1ad70f61516e53bdd4650be9482594201e2d2ae5362f360da4c3790cc5,GCA_902842925.1_E7861_genomic,CADGQE010000009.1,34420,35673,1,True,MNIFRSEAIEHHNDTEYGDIILPTSFSLSVCATVTLFIMLSLTVFIYYGSYTRKAHLTGIVMPSSGLVKIIPQYAGYVTQLTVSEGEHVTAGTQLYHISGEHYNGNGTGTLATMSISLKTQYIMLASQQSFESRDNSQQQEAVRQRMVSLEPQIRSAEQRLQLAERQAELAISVMERYKKLAGTHYVSDIEFQQKQIDVSAAQQNVEDQRQGLLQLHTAMDTAKDELNHLIVQGKSRKAELDRQLQVLKQQQDELAGQEKFTLRAPVSGTIAAVLIKQGQSVKASEPVMTLIPDNAHLQIELYATSQKAGFIRPGQRVSLKFSAFPYQKFGIQYGTIREISHTTLAPSDLLPVSPVTWKENEGHYRVIVEPENTFIFAYGKKEPLRPGMTLEGDVNLDTRHLWEWLTEPLWSMKGNL*,GCA_902842925.1_E7861_genomic|CADGQE010000009.1|35673:37862:1
GCA_902844335.1_DMG_2015_G3_genomic|CADGUW010000117.1|167:1420:1,v1_PLS_0f85d17139c1965bf64e692a4387eeaa933a3d80194992f398d1725b2d908d9d,GCA_902844335.1_DMG_2015_G3_genomic,CADGUW010000117.1,167,1420,1,True,MNIFRSEAIEHHNDTEYGDIILPTSFSLSVCATVTLFIMLSLTVFIYYGSYTRKAHLTGIVMPSSGLVKIIPQYAGYVTQLTVSEGEHVTAGTQLYHISGEHYNGNGTGTLATMSISLKTQSIMLASQQSFESRDNSQQQEAIRQRMVSLEPQIRSAEQRLQLAERQAELAISVMERYKKLAGTHYVSDIEFQQKQIDVSAAQQNVEDQRQGLLQLHTAMDTAKDELNHLIVQGKSRKAELDRQLQVLKQQQDELAGQEKFTLRAPVSGTIAAVLIKQGQSVKASEPVMTLIPDNAHLQIELYATSQKAGFIRPGQRVSLKFSAFPYQKFGIQYGTIREISHTTLAPSDLLPVSPVTWKENEGHYRVIVEPENTFIFAYGKKEPLRPGMTLEGDVNLDTRHLWEWLTEPLWSMKGNL*,GCA_902844335.1_DMG_2015_G3_genomic|CADGUW010000117.1|1372:3609:1
GCA_902844275.1_DMG_2015_G1_genomic|CADGUU010000149.1|367:1620:1,v1_PLS_0f85d17139c1965bf64e692a4387eeaa933a3d80194992f398d1725b2d908d9d,GCA_902844275.1_DMG_2015_G1_genomic,CADGUU010000149.1,367,1620,1,True,MNIFRSEAIEHHNDTEYGDIILPTSFSLSVCATVTLFIMLSLTVFIYYGSYTRKAHLTGIVMPSSGLVKIIPQYAGYVTQLTVSEGEHVTAGTQLYHISGEHYNGNGTGTLATMSISLKTQSIMLASQQSFESRDNSQQQEAIRQRMVSLEPQIRSAEQRLQLAERQAELAISVMERYKKLAGTHYVSDIEFQQKQIDVSAAQQNVEDQRQGLLQLHTAMDTAKDELNHLIVQGKSRKAELDRQLQVLKQQQDELAGQEKFTLRAPVSGTIAAVLIKQGQSVKASEPVMTLIPDNAHLQIELYATSQKAGFIRPGQRVSLKFSAFPYQKFGIQYGTIREISHTTLAPSDLLPVSPVTWKENEGHYRVIVEPENTFIFAYGKKEPLRPGMTLEGDVNLDTRHLWEWLTEPLWSMKGNL*,GCA_902844275.1_DMG_2015_G1_genomic|CADGUU010000149.1|1572:3809:1
GCA_902838815.1_POSS_71_genomic|CADFZW010000051.1|54137:55411:1,v1_PLS_3f3a49920d194148b25d478e00c72127bed86e25ce2e0216dbf00f5a155a7155,GCA_902838815.1_POSS_71_genomic,CADFZW010000051.1,54137,55411,1,True,MFRQDALENRKMKWQGRAILLPGIPLWLIMLGSIVFITAFLMFIIVGTYSRRVNVSGEVTTWPRAVNIYSGVQGFVVRQFVHEGQLIKKGDPVYLIDISKSTRSGIVTDNHRRDIENQLVRVDKIISRLEESKKITLDTLEKQRLQYTDAFRRSSDIIQRAEEGIKIMKNNMENYRNYQTKGLINKDQLTNQVALYYQQQNNLLSLSGQNEQNALQITTLESQIQTQAADFDNRIYQMELQRYELQKELVNTDVEGEIIIRALTDGKVDSLSVTVGQMVNPGDNLLQVIPENIENYYLILWVPNDAVPYISAGDKVNIRYEAFPAEKFGQFSATVKTISRTPASTQEMLTYKGAPQNTPGASVPWYKVIAMPEKQIIRYDEKNLPLENGMKAESTLFLEKRRIYQWMLSPFYDMKHSATGPLND*,GCA_902838815.1_POSS_71_genomic|CADFZW010000051.1|55404:57500:1
GCA_902846335.1_23_2_AC12_genomic|CADHCW010000183.1|2278:3552:1,v1_PLS_3f3a49920d194148b25d478e00c72127bed86e25ce2e0216dbf00f5a155a7155,GCA_902846335.1_23_2_AC12_genomic,CADHCW010000183.1,2278,3552,1,True,MFRQDALENRKMKWQGRAILLPGIPLWLIMLGSIVFITAFLMFIIVGTYSRRVNVSGEVTTWPRAVNIYSGVQGFVVRQFVHEGQLIKKGDPVYLIDISKSTRSGIVTDNHRRDIENQLVRVDKIISRLEESKKITLDTLEKQRLQYTDAFRRSSDIIQRAEEGIKIMKNNMENYRNYQTKGLINKDQLTNQVALYYQQQNNLLSLSGQNEQNALQITTLESQIQTQAADFDNRIYQMELQRYELQKELVNTDVEGEIIIRALTDGKVDSLSVTVGQMVNPGDNLLQVIPENIENYYLILWVPNDAVPYISAGDKVNIRYEAFPAEKFGQFSATVKTISRTPASTQEMLTYKGAPQNTPGASVPWYKVIAMPEKQIIRYDEKNLPLENGMKAESTLFLEKRRIYQWMLSPFYDMKHSATGPLND*,GCA_902846335.1_23_2_AC12_genomic|CADHCW010000183.1|3545:5641:1
GCA_902840385.1_TA448_genomic|CADGFV010000067.1|24961:26235:1,v1_PLS_3f3a49920d194148b25d478e00c72127bed86e25ce2e0216dbf00f5a155a7155,GCA_902840385.1_TA448_genomic,CADGFV010000067.1,24961,26235,1,True,MFRQDALENRKMKWQGRAILLPGIPLWLIMLGSIVFITAFLMFIIVGTYSRRVNVSGEVTTWPRAVNIYSGVQGFVVRQFVHEGQLIKKGDPVYLIDISKSTRSGIVTDNHRRDIENQLVRVDKIISRLEESKKITLDTLEKQRLQYTDAFRRSSDIIQRAEEGIKIMKNNMENYRNYQTKGLINKDQLTNQVALYYQQQNNLLSLSGQNEQNALQITTLESQIQTQAADFDNRIYQMELQRYELQKELVNTDVEGEIIIRALTDGKVDSLSVTVGQMVNPGDNLLQVIPENIENYYLILWVPNDAVPYISAGDKVNIRYEAFPAEKFGQFSATVKTISRTPASTQEMLTYKGAPQNTPGASVPWYKVIAMPEKQIIRYDEKNLPLENGMKAESTLFLEKRRIYQWMLSPFYDMKHSATGPLND*,GCA_902840385.1_TA448_genomic|CADGFV010000067.1|26228:28324:1
GCA_902841775.1_20_5_R7_genomic|CADGLE010000098.1|2421:3695:1,v1_PLS_3f3a49920d194148b25d478e00c72127bed86e25ce2e0216dbf00f5a155a7155,GCA_902841775.1_20_5_R7_genomic,CADGLE010000098.1,2421,3695,1,True,MFRQDALENRKMKWQGRAILLPGIPLWLIMLGSIVFITAFLMFIIVGTYSRRVNVSGEVTTWPRAVNIYSGVQGFVVRQFVHEGQLIKKGDPVYLIDISKSTRSGIVTDNHRRDIENQLVRVDKIISRLEESKKITLDTLEKQRLQYTDAFRRSSDIIQRAEEGIKIMKNNMENYRNYQTKGLINKDQLTNQVALYYQQQNNLLSLSGQNEQNALQITTLESQIQTQAADFDNRIYQMELQRYELQKELVNTDVEGEIIIRALTDGKVDSLSVTVGQMVNPGDNLLQVIPENIENYYLILWVPNDAVPYISAGDKVNIRYEAFPAEKFGQFSATVKTISRTPASTQEMLTYKGAPQNTPGASVPWYKVIAMPEKQIIRYDEKNLPLENGMKAESTLFLEKRRIYQWMLSPFYDMKHSATGPLND*,GCA_902841775.1_20_5_R7_genomic|CADGLE010000098.1|3688:5784:1
GCA_902843455.1_E2549_genomic|CADGRT010000104.1|13158:14432:1,v1_PLS_3f3a49920d194148b25d478e00c72127bed86e25ce2e0216dbf00f5a155a7155,GCA_902843455.1_E2549_genomic,CADGRT010000104.1,13158,14432,1,True,MFRQDALENRKMKWQGRAILLPGIPLWLIMLGSIVFITAFLMFIIVGTYSRRVNVSGEVTTWPRAVNIYSGVQGFVVRQFVHEGQLIKKGDPVYLIDISKSTRSGIVTDNHRRDIENQLVRVDKIISRLEESKKITLDTLEKQRLQYTDAFRRSSDIIQRAEEGIKIMKNNMENYRNYQTKGLINKDQLTNQVALYYQQQNNLLSLSGQNEQNALQITTLESQIQTQAADFDNRIYQMELQRYELQKELVNTDVEGEIIIRALTDGKVDSLSVTVGQMVNPGDNLLQVIPENIENYYLILWVPNDAVPYISAGDKVNIRYEAFPAEKFGQFSATVKTISRTPASTQEMLTYKGAPQNTPGASVPWYKVIAMPEKQIIRYDEKNLPLENGMKAESTLFLEKRRIYQWMLSPFYDMKHSATGPLND*,GCA_902843455.1_E2549_genomic|CADGRT010000104.1|14425:16521:1
GCA_902843805.1_35_MA_AUDC_genomic|CADGTC010000266.1|5437:6711:1,v1_PLS_3f3a49920d194148b25d478e00c72127bed86e25ce2e0216dbf00f5a155a7155,GCA_902843805.1_35_MA_AUDC_genomic,CADGTC010000266.1,5437,6711,1,True,MFRQDALENRKMKWQGRAILLPGIPLWLIMLGSIVFITAFLMFIIVGTYSRRVNVSGEVTTWPRAVNIYSGVQGFVVRQFVHEGQLIKKGDPVYLIDISKSTRSGIVTDNHRRDIENQLVRVDKIISRLEESKKITLDTLEKQRLQYTDAFRRSSDIIQRAEEGIKIMKNNMENYRNYQTKGLINKDQLTNQVALYYQQQNNLLSLSGQNEQNALQITTLESQIQTQAADFDNRIYQMELQRYELQKELVNTDVEGEIIIRALTDGKVDSLSVTVGQMVNPGDNLLQVIPENIENYYLILWVPNDAVPYISAGDKVNIRYEAFPAEKFGQFSATVKTISRTPASTQEMLTYKGAPQNTPGASVPWYKVIAMPEKQIIRYDEKNLPLENGMKAESTLFLEKRRIYQWMLSPFYDMKHSATGPLND*,GCA_902843805.1_35_MA_AUDC_genomic|CADGTC010000266.1|6704:8800:1
GCA_902839435.1_H020_genomic|CADGCD010000044.1|15225:16499:1,v1_PLS_3f3a49920d194148b25d478e00c72127bed86e25ce2e0216dbf00f5a155a7155,GCA_902839435.1_H020_genomic,CADGCD010000044.1,15225,16499,1,True,MFRQDALENRKMKWQGRAILLPGIPLWLIMLGSIVFITAFLMFIIVGTYSRRVNVSGEVTTWPRAVNIYSGVQGFVVRQFVHEGQLIKKGDPVYLIDISKSTRSGIVTDNHRRDIENQLVRVDKIISRLEESKKITLDTLEKQRLQYTDAFRRSSDIIQRAEEGIKIMKNNMENYRNYQTKGLINKDQLTNQVALYYQQQNNLLSLSGQNEQNALQITTLESQIQTQAADFDNRIYQMELQRYELQKELVNTDVEGEIIIRALTDGKVDSLSVTVGQMVNPGDNLLQVIPENIENYYLILWVPNDAVPYISAGDKVNIRYEAFPAEKFGQFSATVKTISRTPASTQEMLTYKGAPQNTPGASVPWYKVIAMPEKQIIRYDEKNLPLENGMKAESTLFLEKRRIYQWMLSPFYDMKHSATGPLND*,GCA_902839435.1_H020_genomic|CADGCD010000044.1|16492:18588:1
GCA_902845515.1_21_2_C8_genomic|CADGZI010000183.1|2278:3552:1,v1_PLS_3f3a49920d194148b25d478e00c72127bed86e25ce2e0216dbf00f5a155a7155,GCA_902845515.1_21_2_C8_genomic,CADGZI010000183.1,2278,3552,1,True,MFRQDALENRKMKWQGRAILLPGIPLWLIMLGSIVFITAFLMFIIVGTYSRRVNVSGEVTTWPRAVNIYSGVQGFVVRQFVHEGQLIKKGDPVYLIDISKSTRSGIVTDNHRRDIENQLVRVDKIISRLEESKKITLDTLEKQRLQYTDAFRRSSDIIQRAEEGIKIMKNNMENYRNYQTKGLINKDQLTNQVALYYQQQNNLLSLSGQNEQNALQITTLESQIQTQAADFDNRIYQMELQRYELQKELVNTDVEGEIIIRALTDGKVDSLSVTVGQMVNPGDNLLQVIPENIENYYLILWVPNDAVPYISAGDKVNIRYEAFPAEKFGQFSATVKTISRTPASTQEMLTYKGAPQNTPGASVPWYKVIAMPEKQIIRYDEKNLPLENGMKAESTLFLEKRRIYQWMLSPFYDMKHSATGPLND*,GCA_902845515.1_21_2_C8_genomic|CADGZI010000183.1|3545:5641:1
GCA_902844285.1_23_1_TC4_genomic|CADGUY010000038.1|2382:3656:1,v1_PLS_3f3a49920d194148b25d478e00c72127bed86e25ce2e0216dbf00f5a155a7155,GCA_902844285.1_23_1_TC4_genomic,CADGUY010000038.1,2382,3656,1,True,MFRQDALENRKMKWQGRAILLPGIPLWLIMLGSIVFITAFLMFIIVGTYSRRVNVSGEVTTWPRAVNIYSGVQGFVVRQFVHEGQLIKKGDPVYLIDISKSTRSGIVTDNHRRDIENQLVRVDKIISRLEESKKITLDTLEKQRLQYTDAFRRSSDIIQRAEEGIKIMKNNMENYRNYQTKGLINKDQLTNQVALYYQQQNNLLSLSGQNEQNALQITTLESQIQTQAADFDNRIYQMELQRYELQKELVNTDVEGEIIIRALTDGKVDSLSVTVGQMVNPGDNLLQVIPENIENYYLILWVPNDAVPYISAGDKVNIRYEAFPAEKFGQFSATVKTISRTPASTQEMLTYKGAPQNTPGASVPWYKVIAMPEKQIIRYDEKNLPLENGMKAESTLFLEKRRIYQWMLSPFYDMKHSATGPLND*,GCA_902844285.1_23_1_TC4_genomic|CADGUY010000038.1|3649:5745:1
GCA_902838575.1_M701_genomic|CADFYU010000027.1|172718:173992:1,v1_PLS_bfddf7d910de4aa121935fd54493e5d4a2b767876ca5ffe918d26e355db4adc6,GCA_902838575.1_M701_genomic,CADFYU010000027.1,172718,173992,1,True,MFRQDALENRKMKWQGRAILLPGIPLWLIMLGSIVFITAFLMFIIVGTYSRRVNVSGEVTTWPRAVNIYSGVQGFVVRQFVHEGQLIKKGDPVYLIDISKSTRSGIVTDNHRRDIENQLVRVDNIISRLEESKKITLDTLEKQRLQYTDAFRRSSDIIQRAEEGIKIMKNNMENYRNYQAKGLINKDQLTNQVALYYQQQNNLLSLSGQNEQNALQITTLESQIQTQAADFDNRIYQMELQRYELQKELVNTDVEGEIIIRALTDGKVDSLSVTVGQMVNTGDSLLQVIPENIENYYLILWVPNDAVPYISAGDKVNIRYEAFPAEKFGQFSATVKTISRTPASTQEMLTYKGAPQNTPGASVPWYKVIAMPEKQIIRYDEKYLPLENGMKAESTLFLEKRRIYQWMLSPFYDMKHSATGPLND*,GCA_902838575.1_M701_genomic|CADFYU010000027.1|173985:176081:1
GCA_902845075.1_E9693_genomic|CADGXU010000035.1|3853:5127:1,v1_PLS_bfddf7d910de4aa121935fd54493e5d4a2b767876ca5ffe918d26e355db4adc6,GCA_902845075.1_E9693_genomic,CADGXU010000035.1,3853,5127,1,True,MFRQDALENRKMKWQGRAILLPGIPLWLIMLGSIVFITAFLMFIIVGTYSRRVNVSGEVTTWPRAVNIYSGVQGFVVRQFVHEGQLIKKGDPVYLIDISKSTRSGIVTDNHRRDIENQLVRVDNIISRLEESKKITLDTLEKQRLQYTDAFRRSSDIIQRAEEGIKIMKNNMENYRNYQAKGLINKDQLTNQVALYYQQQNNLLSLSGQNEQNALQITTLESQIQTQAADFDNRIYQMELQRYELQKELVNTDVEGEIIIRALTDGKVDSLSVTVGQMVNTGDSLLQVIPENIENYYLILWVPNDAVPYISAGDKVNIRYEAFPAEKFGQFSATVKTISRTPASTQEMLTYKGAPQNTPGASVPWYKVIAMPEKQIIRYDEKYLPLENGMKAESTLFLEKRRIYQWMLSPFYDMKHSATGPLND*,GCA_902845075.1_E9693_genomic|CADGXU010000035.1|5120:7216:1
GCA_902846895.1_E3466_genomic|CADHEU010000206.1|3778:5052:1,v1_PLS_bfddf7d910de4aa121935fd54493e5d4a2b767876ca5ffe918d26e355db4adc6,GCA_902846895.1_E3466_genomic,CADHEU010000206.1,3778,5052,1,True,MFRQDALENRKMKWQGRAILLPGIPLWLIMLGSIVFITAFLMFIIVGTYSRRVNVSGEVTTWPRAVNIYSGVQGFVVRQFVHEGQLIKKGDPVYLIDISKSTRSGIVTDNHRRDIENQLVRVDNIISRLEESKKITLDTLEKQRLQYTDAFRRSSDIIQRAEEGIKIMKNNMENYRNYQAKGLINKDQLTNQVALYYQQQNNLLSLSGQNEQNALQITTLESQIQTQAADFDNRIYQMELQRYELQKELVNTDVEGEIIIRALTDGKVDSLSVTVGQMVNTGDSLLQVIPENIENYYLILWVPNDAVPYISAGDKVNIRYEAFPAEKFGQFSATVKTISRTPASTQEMLTYKGAPQNTPGASVPWYKVIAMPEKQIIRYDEKYLPLENGMKAESTLFLEKRRIYQWMLSPFYDMKHSATGPLND*,GCA_902846895.1_E3466_genomic|CADHEU010000206.1|5045:7141:1
GCA_902838985.1_M710019_genomic|CADGAL010000057.1|4426:5700:1,v1_PLS_2ab434096bbbe7fb6b1d5d2dcfb73d8afd19ebbb903fba02451b30ea115e4703,GCA_902838985.1_M710019_genomic,CADGAL010000057.1,4426,5700,1,True,MFRQDALENRKMKWQGRAILLPGIPLWLIMLGSIVFITAFLMFIIVGTYSRRVNVSGEVTTWPRAVNIYSGVQGFVVRQFVHEGQLIKKGDPVYLIDISKSTRSGIVTDNHRRDIENQLVRVDNIISRLEESKKITLDTLEKQRLQYTDAFRRSSDIIQRAEEGIKIMKNNMENYRNYQAKGLINKDQLTNQVALYYQQQNNLLSLSGQNEQNALQITTLESQIQTQAADFDNRIYQMELQRYELQKELVNTDVEGEIIIRALTDGKVDSLSVTVGQMVNTGDSLLQVIPENIENYYLILWVPNDAVPYISAGDKVNIRYEAFPAEKFGQFSATVKTISRTPASTQEMLTYKGAPQNTPGDSVPWYKVIAMPEKQIIRYDEKYLPLENGMKAESTLFLEKRRIYQWMLSPFYDMKHSATGPLND*,GCA_902838985.1_M710019_genomic|CADGAL010000057.1|5693:7795:1
GCA_902846915.1_H287_genomic|CADHFA010000095.1|1421:2695:1,v1_PLS_6b93596a291b385aba223456088f6c6792f5ace700acae6cf85c75e3543159a3,GCA_902846915.1_H287_genomic,CADHFA010000095.1,1421,2695,1,True,MFRQDALENRKMKWQGRAILLPGIPLWLIMLGSIVFIMAFLMFIIVGTYSRRVNVSGEVTTWPRAVNIYSGVQGFVVRQFVHEGQLIKKGDPVYLIDISKSTRSGIVTDNHRRDIENQLVRVDNIISRLEESKKITLDTLEKQRLQYTDAFRRSSDIIQRAEEGIKIMKNNMENYRNYQAKGLINKDQLTNQVALYYQQQNNLLSLSGQNEQNALQITTLESQIQTQAADFDNRIYQMELQRYELQKELVNTDVEGEIIIRALTDGKVDSLSVTVGQMVNTGDSLLQVIPENIENYYLILWVPNDAVPYISAGDKVNIRYEAFPAEKFGQFSATVKTISRTPASTQEMLTYKGAPQNTPGDSVPWYKVIAMPEKQIIRYDEKYLPLENGMKAESTLFLEKRRIYQWMLSPFYDMKHSATGPLND*,GCA_902846915.1_H287_genomic|CADHFA010000095.1|2688:4790:1
GCA_902844305.1_44_1_Ti4_genomic|CADGVG010000098.1|2294:3568:1,v1_PLS_bfddf7d910de4aa121935fd54493e5d4a2b767876ca5ffe918d26e355db4adc6,GCA_902844305.1_44_1_Ti4_genomic,CADGVG010000098.1,2294,3568,1,True,MFRQDALENRKMKWQGRAILLPGIPLWLIMLGSIVFITAFLMFIIVGTYSRRVNVSGEVTTWPRAVNIYSGVQGFVVRQFVHEGQLIKKGDPVYLIDISKSTRSGIVTDNHRRDIENQLVRVDNIISRLEESKKITLDTLEKQRLQYTDAFRRSSDIIQRAEEGIKIMKNNMENYRNYQAKGLINKDQLTNQVALYYQQQNNLLSLSGQNEQNALQITTLESQIQTQAADFDNRIYQMELQRYELQKELVNTDVEGEIIIRALTDGKVDSLSVTVGQMVNTGDSLLQVIPENIENYYLILWVPNDAVPYISAGDKVNIRYEAFPAEKFGQFSATVKTISRTPASTQEMLTYKGAPQNTPGASVPWYKVIAMPEKQIIRYDEKYLPLENGMKAESTLFLEKRRIYQWMLSPFYDMKHSATGPLND*,GCA_902844305.1_44_1_Ti4_genomic|CADGVG010000098.1|3561:5657:1
GCA_902841435.1_44_4_Ti15_genomic|CADGJY010000082.1|24219:25493:1,v1_PLS_bfddf7d910de4aa121935fd54493e5d4a2b767876ca5ffe918d26e355db4adc6,GCA_902841435.1_44_4_Ti15_genomic,CADGJY010000082.1,24219,25493,1,True,MFRQDALENRKMKWQGRAILLPGIPLWLIMLGSIVFITAFLMFIIVGTYSRRVNVSGEVTTWPRAVNIYSGVQGFVVRQFVHEGQLIKKGDPVYLIDISKSTRSGIVTDNHRRDIENQLVRVDNIISRLEESKKITLDTLEKQRLQYTDAFRRSSDIIQRAEEGIKIMKNNMENYRNYQAKGLINKDQLTNQVALYYQQQNNLLSLSGQNEQNALQITTLESQIQTQAADFDNRIYQMELQRYELQKELVNTDVEGEIIIRALTDGKVDSLSVTVGQMVNTGDSLLQVIPENIENYYLILWVPNDAVPYISAGDKVNIRYEAFPAEKFGQFSATVKTISRTPASTQEMLTYKGAPQNTPGASVPWYKVIAMPEKQIIRYDEKYLPLENGMKAESTLFLEKRRIYQWMLSPFYDMKHSATGPLND*,GCA_902841435.1_44_4_Ti15_genomic|CADGJY010000082.1|25486:27582:1
GCA_902846795.1_C2_12_genomic|CADHEL010000066.1|163:1437:1,v1_PLS_a2eb67447a8044d856fd67d1108b4cc52dab786de8e5a6a0090ee6fd16e2babc,GCA_902846795.1_C2_12_genomic,CADHEL010000066.1,163,1437,1,True,MFRQDALENRKMKWQGRAILLPGIPLWLIMLGSIVFITAFLMFIIVGTYSRRVNVSGEVTTWPRAVNIYSGVQGFVVRQFVHEGQLIKKVDPVYLIDISKSTRNGIVTDNHRRDIENQLVRVDNIISRLEESKKITLDTLEKQRLQYTDAFRRSSDIIQRAEEGIKIMKNNMENYRYYQSKGLINKDQLTNQVALYYQQQNNLLSLSGQNEQNALQITTLESQIQTQAADFDNRIYQMELQRLELQKELVNTDVEGEIIIRALSDGKVDSLSVTVGQMVNTGDSLLQVIPENIENYYLILWVPNDAVPYISAGDKVNIRYEAFPSEKFGQFSATVKTISRTPASTQEMLTYKGAPQNTPGASVPWYKVIATPEKQIIRYDEKYLPLENGMKAESTLFLEKRRIYQWMLSPFYDMKHSATGPIND*,GCA_902846795.1_C2_12_genomic|CADHEL010000066.1|1430:3526:1
GCA_902844745.1_A2_5_genomic|CADGWQ010000041.1|3245:4519:1,v1_PLS_16a93f76898f0b2f5f8aa652f2cbb5aef2c7a1381edb6f49a3402bda0be45594,GCA_902844745.1_A2_5_genomic,CADGWQ010000041.1,3245,4519,1,True,MFRQDALENRKMKWQGRAILLPGIPLWLIMLGSIVFITAFLMFIIVGTYSRRVNVSGEVTTWPRAVNIYSGVQGFVVRQFVHEGQLIKKGDPVYLIDISKSTRNGIVTDNHRRDIENQLVRVDNIISRLEESKKITLDTLEKQRLQYTDAFRRSSDIIQRAEEGIKIMKNNMENYRYYQSKGLINKDQLTNQVALYYQQQNNLLSLSGQNEQNALQITTLESQIQTQAADFDNRIYQMELQRLELQKELVNTDVEGEIIIRALSDGKVDSLSVTVGQMVNTGDSLLQVIPENIENYYLILWVPNDAVPYISAGDKVNIRYEAFPSEKFGQFSATVKTISRTPASTQEMLTYKGAPQNTPGASVPWYKVIATPEKQIIRYDEKYLPLENGMKAESTLFLEKRRIYQWMLSPFYDMKHSATGPIND*,GCA_902844745.1_A2_5_genomic|CADGWQ010000041.1|4512:6608:1
GCA_902847515.1_C2_18_genomic|CADHHK010000110.1|158:1432:1,v1_PLS_a2eb67447a8044d856fd67d1108b4cc52dab786de8e5a6a0090ee6fd16e2babc,GCA_902847515.1_C2_18_genomic,CADHHK010000110.1,158,1432,1,True,MFRQDALENRKMKWQGRAILLPGIPLWLIMLGSIVFITAFLMFIIVGTYSRRVNVSGEVTTWPRAVNIYSGVQGFVVRQFVHEGQLIKKVDPVYLIDISKSTRNGIVTDNHRRDIENQLVRVDNIISRLEESKKITLDTLEKQRLQYTDAFRRSSDIIQRAEEGIKIMKNNMENYRYYQSKGLINKDQLTNQVALYYQQQNNLLSLSGQNEQNALQITTLESQIQTQAADFDNRIYQMELQRLELQKELVNTDVEGEIIIRALSDGKVDSLSVTVGQMVNTGDSLLQVIPENIENYYLILWVPNDAVPYISAGDKVNIRYEAFPSEKFGQFSATVKTISRTPASTQEMLTYKGAPQNTPGASVPWYKVIATPEKQIIRYDEKYLPLENGMKAESTLFLEKRRIYQWMLSPFYDMKHSATGPIND*,GCA_902847515.1_C2_18_genomic|CADHHK010000110.1|1425:3521:1
GCA_902847805.1_B1832_genomic|CADHIG010000253.1|461:1735:1,v1_PLS_ca2825ce599555747990ab4ec32cdbbf1082c22eaeb1bd7938b7e6a5d9e2e700,GCA_902847805.1_B1832_genomic,CADHIG010000253.1,461,1735,1,True,MFRQDALENRKMKWQGRAILLPGIPLWLIMLGSIMFITAFLMFIIVGTYSRRVNVSGEVTTWPRAVNIYSGVQGFVVRQFVHEGQLIKKGDPVYLIDISKSTRNGIVTDNHRRDIENQLVRVDNIISRLEESKKITLDTLEKQRLQYTDAFRRSSDIIQRAEEGIKIMKNNMENYRYYQSKGLINKDQLTNQVALYYQQQNNLLSLSGQNEQNALQITTLESQIQTQAADFDNRIYQMELQRLELQKELVNTDVEGEIIIRALSDGKVDSLSVTVGQMVNTGDSLLQVIPENIENYYLILWVPNDAVPYISAGDKVNIRYEAFPSEKFGQFSATVKTISRTPASTQEMLTYKGAPQNTPGASVPWYKVIATPEKQIIRYDEKYLPLENGMKAESTLFLEKRRIYQWMLSPFYDMKHSATGPIND*,GCA_902847805.1_B1832_genomic|CADHIG010000253.1|1728:3824:1
GCA_902848365.1_6_14_8_genomic|CADHKZ010000106.1|2705:3979:1,v1_PLS_ca2825ce599555747990ab4ec32cdbbf1082c22eaeb1bd7938b7e6a5d9e2e700,GCA_902848365.1_6_14_8_genomic,CADHKZ010000106.1,2705,3979,1,True,MFRQDALENRKMKWQGRAILLPGIPLWLIMLGSIMFITAFLMFIIVGTYSRRVNVSGEVTTWPRAVNIYSGVQGFVVRQFVHEGQLIKKGDPVYLIDISKSTRNGIVTDNHRRDIENQLVRVDNIISRLEESKKITLDTLEKQRLQYTDAFRRSSDIIQRAEEGIKIMKNNMENYRYYQSKGLINKDQLTNQVALYYQQQNNLLSLSGQNEQNALQITTLESQIQTQAADFDNRIYQMELQRLELQKELVNTDVEGEIIIRALSDGKVDSLSVTVGQMVNTGDSLLQVIPENIENYYLILWVPNDAVPYISAGDKVNIRYEAFPSEKFGQFSATVKTISRTPASTQEMLTYKGAPQNTPGASVPWYKVIATPEKQIIRYDEKYLPLENGMKAESTLFLEKRRIYQWMLSPFYDMKHSATGPIND*,GCA_902848365.1_6_14_8_genomic|CADHKZ010000106.1|3972:6068:1
GCA_902837805.1_48_1_R18_genomic|CADFWA010000035.1|15703:16977:1,v1_PLS_3f3a49920d194148b25d478e00c72127bed86e25ce2e0216dbf00f5a155a7155,GCA_902837805.1_48_1_R18_genomic,CADFWA010000035.1,15703,16977,1,True,MFRQDALENRKMKWQGRAILLPGIPLWLIMLGSIVFITAFLMFIIVGTYSRRVNVSGEVTTWPRAVNIYSGVQGFVVRQFVHEGQLIKKGDPVYLIDISKSTRSGIVTDNHRRDIENQLVRVDKIISRLEESKKITLDTLEKQRLQYTDAFRRSSDIIQRAEEGIKIMKNNMENYRNYQTKGLINKDQLTNQVALYYQQQNNLLSLSGQNEQNALQITTLESQIQTQAADFDNRIYQMELQRYELQKELVNTDVEGEIIIRALTDGKVDSLSVTVGQMVNPGDNLLQVIPENIENYYLILWVPNDAVPYISAGDKVNIRYEAFPAEKFGQFSATVKTISRTPASTQEMLTYKGAPQNTPGASVPWYKVIAMPEKQIIRYDEKNLPLENGMKAESTLFLEKRRIYQWMLSPFYDMKHSATGPLND*,GCA_902837805.1_48_1_R18_genomic|CADFWA010000035.1|16970:19066:1
GCA_902839235.1_48_5_R19_genomic|CADGAY010000042.1|2283:3557:1,v1_PLS_3f3a49920d194148b25d478e00c72127bed86e25ce2e0216dbf00f5a155a7155,GCA_902839235.1_48_5_R19_genomic,CADGAY010000042.1,2283,3557,1,True,MFRQDALENRKMKWQGRAILLPGIPLWLIMLGSIVFITAFLMFIIVGTYSRRVNVSGEVTTWPRAVNIYSGVQGFVVRQFVHEGQLIKKGDPVYLIDISKSTRSGIVTDNHRRDIENQLVRVDKIISRLEESKKITLDTLEKQRLQYTDAFRRSSDIIQRAEEGIKIMKNNMENYRNYQTKGLINKDQLTNQVALYYQQQNNLLSLSGQNEQNALQITTLESQIQTQAADFDNRIYQMELQRYELQKELVNTDVEGEIIIRALTDGKVDSLSVTVGQMVNPGDNLLQVIPENIENYYLILWVPNDAVPYISAGDKVNIRYEAFPAEKFGQFSATVKTISRTPASTQEMLTYKGAPQNTPGASVPWYKVIAMPEKQIIRYDEKNLPLENGMKAESTLFLEKRRIYQWMLSPFYDMKHSATGPLND*,GCA_902839235.1_48_5_R19_genomic|CADGAY010000042.1|3550:5646:1
GCA_902837855.1_62_1_Ti3_genomic|CADFWI010000069.1|3892:5166:1,v1_PLS_3f3a49920d194148b25d478e00c72127bed86e25ce2e0216dbf00f5a155a7155,GCA_902837855.1_62_1_Ti3_genomic,CADFWI010000069.1,3892,5166,1,True,MFRQDALENRKMKWQGRAILLPGIPLWLIMLGSIVFITAFLMFIIVGTYSRRVNVSGEVTTWPRAVNIYSGVQGFVVRQFVHEGQLIKKGDPVYLIDISKSTRSGIVTDNHRRDIENQLVRVDKIISRLEESKKITLDTLEKQRLQYTDAFRRSSDIIQRAEEGIKIMKNNMENYRNYQTKGLINKDQLTNQVALYYQQQNNLLSLSGQNEQNALQITTLESQIQTQAADFDNRIYQMELQRYELQKELVNTDVEGEIIIRALTDGKVDSLSVTVGQMVNPGDNLLQVIPENIENYYLILWVPNDAVPYISAGDKVNIRYEAFPAEKFGQFSATVKTISRTPASTQEMLTYKGAPQNTPGASVPWYKVIAMPEKQIIRYDEKNLPLENGMKAESTLFLEKRRIYQWMLSPFYDMKHSATGPLND*,GCA_902837855.1_62_1_Ti3_genomic|CADFWI010000069.1|5159:7255:1
GCA_902839405.1_C2_41_genomic|CADGCB010000064.1|17658:18932:1,v1_PLS_16a93f76898f0b2f5f8aa652f2cbb5aef2c7a1381edb6f49a3402bda0be45594,GCA_902839405.1_C2_41_genomic,CADGCB010000064.1,17658,18932,1,True,MFRQDALENRKMKWQGRAILLPGIPLWLIMLGSIVFITAFLMFIIVGTYSRRVNVSGEVTTWPRAVNIYSGVQGFVVRQFVHEGQLIKKGDPVYLIDISKSTRNGIVTDNHRRDIENQLVRVDNIISRLEESKKITLDTLEKQRLQYTDAFRRSSDIIQRAEEGIKIMKNNMENYRYYQSKGLINKDQLTNQVALYYQQQNNLLSLSGQNEQNALQITTLESQIQTQAADFDNRIYQMELQRLELQKELVNTDVEGEIIIRALSDGKVDSLSVTVGQMVNTGDSLLQVIPENIENYYLILWVPNDAVPYISAGDKVNIRYEAFPSEKFGQFSATVKTISRTPASTQEMLTYKGAPQNTPGASVPWYKVIATPEKQIIRYDEKYLPLENGMKAESTLFLEKRRIYQWMLSPFYDMKHSATGPIND*,GCA_902839405.1_C2_41_genomic|CADGCB010000064.1|18925:21021:1
GCA_902845475.1_C3_2_genomic|CADGZN010000176.1|4114:5388:1,v1_PLS_16a93f76898f0b2f5f8aa652f2cbb5aef2c7a1381edb6f49a3402bda0be45594,GCA_902845475.1_C3_2_genomic,CADGZN010000176.1,4114,5388,1,True,MFRQDALENRKMKWQGRAILLPGIPLWLIMLGSIVFITAFLMFIIVGTYSRRVNVSGEVTTWPRAVNIYSGVQGFVVRQFVHEGQLIKKGDPVYLIDISKSTRNGIVTDNHRRDIENQLVRVDNIISRLEESKKITLDTLEKQRLQYTDAFRRSSDIIQRAEEGIKIMKNNMENYRYYQSKGLINKDQLTNQVALYYQQQNNLLSLSGQNEQNALQITTLESQIQTQAADFDNRIYQMELQRLELQKELVNTDVEGEIIIRALSDGKVDSLSVTVGQMVNTGDSLLQVIPENIENYYLILWVPNDAVPYISAGDKVNIRYEAFPSEKFGQFSATVKTISRTPASTQEMLTYKGAPQNTPGASVPWYKVIATPEKQIIRYDEKYLPLENGMKAESTLFLEKRRIYQWMLSPFYDMKHSATGPIND*,GCA_902845475.1_C3_2_genomic|CADGZN010000176.1|5381:7477:1
GCA_902843975.1_29_1_DC3_genomic|CADGTF010000186.1|4141:5415:1,v1_PLS_2ab434096bbbe7fb6b1d5d2dcfb73d8afd19ebbb903fba02451b30ea115e4703,GCA_902843975.1_29_1_DC3_genomic,CADGTF010000186.1,4141,5415,1,True,MFRQDALENRKMKWQGRAILLPGIPLWLIMLGSIVFITAFLMFIIVGTYSRRVNVSGEVTTWPRAVNIYSGVQGFVVRQFVHEGQLIKKGDPVYLIDISKSTRSGIVTDNHRRDIENQLVRVDNIISRLEESKKITLDTLEKQRLQYTDAFRRSSDIIQRAEEGIKIMKNNMENYRNYQAKGLINKDQLTNQVALYYQQQNNLLSLSGQNEQNALQITTLESQIQTQAADFDNRIYQMELQRYELQKELVNTDVEGEIIIRALTDGKVDSLSVTVGQMVNTGDSLLQVIPENIENYYLILWVPNDAVPYISAGDKVNIRYEAFPAEKFGQFSATVKTISRTPASTQEMLTYKGAPQNTPGDSVPWYKVIAMPEKQIIRYDEKYLPLENGMKAESTLFLEKRRIYQWMLSPFYDMKHSATGPLND*,GCA_902843975.1_29_1_DC3_genomic|CADGTF010000186.1|5408:7510:1
GCA_902845415.1_29_4_DC8_genomic|CADGZC010000144.1|2290:3564:1,v1_PLS_2ab434096bbbe7fb6b1d5d2dcfb73d8afd19ebbb903fba02451b30ea115e4703,GCA_902845415.1_29_4_DC8_genomic,CADGZC010000144.1,2290,3564,1,True,MFRQDALENRKMKWQGRAILLPGIPLWLIMLGSIVFITAFLMFIIVGTYSRRVNVSGEVTTWPRAVNIYSGVQGFVVRQFVHEGQLIKKGDPVYLIDISKSTRSGIVTDNHRRDIENQLVRVDNIISRLEESKKITLDTLEKQRLQYTDAFRRSSDIIQRAEEGIKIMKNNMENYRNYQAKGLINKDQLTNQVALYYQQQNNLLSLSGQNEQNALQITTLESQIQTQAADFDNRIYQMELQRYELQKELVNTDVEGEIIIRALTDGKVDSLSVTVGQMVNTGDSLLQVIPENIENYYLILWVPNDAVPYISAGDKVNIRYEAFPAEKFGQFSATVKTISRTPASTQEMLTYKGAPQNTPGDSVPWYKVIAMPEKQIIRYDEKYLPLENGMKAESTLFLEKRRIYQWMLSPFYDMKHSATGPLND*,GCA_902845415.1_29_4_DC8_genomic|CADGZC010000144.1|3557:5659:1
GCA_902839665.1_TA209_genomic|CADGCR010000073.1|2370:3644:1,v1_PLS_3f3a49920d194148b25d478e00c72127bed86e25ce2e0216dbf00f5a155a7155,GCA_902839665.1_TA209_genomic,CADGCR010000073.1,2370,3644,1,True,MFRQDALENRKMKWQGRAILLPGIPLWLIMLGSIVFITAFLMFIIVGTYSRRVNVSGEVTTWPRAVNIYSGVQGFVVRQFVHEGQLIKKGDPVYLIDISKSTRSGIVTDNHRRDIENQLVRVDKIISRLEESKKITLDTLEKQRLQYTDAFRRSSDIIQRAEEGIKIMKNNMENYRNYQTKGLINKDQLTNQVALYYQQQNNLLSLSGQNEQNALQITTLESQIQTQAADFDNRIYQMELQRYELQKELVNTDVEGEIIIRALTDGKVDSLSVTVGQMVNPGDNLLQVIPENIENYYLILWVPNDAVPYISAGDKVNIRYEAFPAEKFGQFSATVKTISRTPASTQEMLTYKGAPQNTPGASVPWYKVIAMPEKQIIRYDEKNLPLENGMKAESTLFLEKRRIYQWMLSPFYDMKHSATGPLND*,GCA_902839665.1_TA209_genomic|CADGCR010000073.1|3637:5733:1
GCA_902840945.1_20_2_TC13_genomic|CADGHW010000024.1|807:2027:1,v1_PLS_b7e780ec8ec00a1850aacf1992f1d3f29fa45ee915d8f0b41b6e48288a860678,GCA_902840945.1_20_2_TC13_genomic,CADGHW010000024.1,807,2027,1,True,MQDFIEKNHRSNFGDVIIATTFSQRAITVCSVIIFICIILFMSFAEYTQKRNVNGIVYPDKGIISIKSKQSGTLSALYIKSGDFINSGEKLLAIDASSSTHYFKNNEESYREMFSKLRSISSRETQDNITDLEAKKKLTEEQVIQTKNSIAIMERQIRLLNAAIHSQQISFSKIQDAYKKRYVSDVEKNNAEMQLIDKKMQLQSLNNEISSKEGQIISLKKELEDTIDRIKNIQNENKKESIDSLIKMYGVASDSESILRAPSAGKIAEIVEKTGSFVNTGDTILRVIPQGSVNQIVAFISPEFIGEIKKGTRVALKYDSYPYQRFGFEHGIIIDISRVPLQPEDIYTNFGLKFESACYRVVIKITEKKKRINIIPGMSLKVDIPTRKTSIIKWIFPFFRDKDIDA*,GCA_902840945.1_20_2_TC13_genomic|CADGHW010000024.1|2020:4182:1
GCA_902841875.1_C3_30_genomic|CADGLK010000066.1|23115:24389:1,v1_PLS_5712bb1f66decde2f56863d962764ffbf4cec3f3e1967406b949f108c2ac1e30,GCA_902841875.1_C3_30_genomic,CADGLK010000066.1,23115,24389,1,True,MFRQDALENRKMKWQGRAILLPGIPLWLIMLGSIVFITAFLMFIIVGTYSRRVNVSGEVTTWPRAVNIYSGVQGFVVRQFVHEGQLIKKGDPVYLIDISKSTRNGIVTDNHRRDIENQLVRVNNIISRLEESKKITLDTLEKQRLQYTDAFRRSSDIIQRAEEGIKIMKNNMENYRYYQSKGLINKDQLTNQVALYYQQQNNLLSLSGQNEQNALQITTLESQIQTQAADFDNRIYQMELQRLELQKELVNTDVEGEIIIRALSDGKVDSLSVTVGQMVNTGDSLLQVIPENIENYYLILWVPNDAVPYISAGDKVNIRYEAFPSEKFGQFSATVKTISRTPASTQEMLTYKGAPQNTPGASVPWYKVIATPEKQIIRYDEKYLPLENGMKAESTLFLEKRRIYQWMLSPFYDMKHSATGPIND*,GCA_902841875.1_C3_30_genomic|CADGLK010000066.1|24382:26478:1
GCA_902839255.1_H331_genomic|CADGBL010000001.1|36105:37358:1,v1_PLS_0f85d17139c1965bf64e692a4387eeaa933a3d80194992f398d1725b2d908d9d,GCA_902839255.1_H331_genomic,CADGBL010000001.1,36105,37358,1,True,MNIFRSEAIEHHNDTEYGDIILPTSFSLSVCATVTLFIMLSLTVFIYYGSYTRKAHLTGIVMPSSGLVKIIPQYAGYVTQLTVSEGEHVTAGTQLYHISGEHYNGNGTGTLATMSISLKTQSIMLASQQSFESRDNSQQQEAIRQRMVSLEPQIRSAEQRLQLAERQAELAISVMERYKKLAGTHYVSDIEFQQKQIDVSAAQQNVEDQRQGLLQLHTAMDTAKDELNHLIVQGKSRKAELDRQLQVLKQQQDELAGQEKFTLRAPVSGTIAAVLIKQGQSVKASEPVMTLIPDNAHLQIELYATSQKAGFIRPGQRVSLKFSAFPYQKFGIQYGTIREISHTTLAPSDLLPVSPVTWKENEGHYRVIVEPENTFIFAYGKKEPLRPGMTLEGDVNLDTRHLWEWLTEPLWSMKGNL*,GCA_902839255.1_H331_genomic|CADGBL010000001.1|37358:39547:1
GCA_902844015.1_36_1_TC9_genomic|CADGTD010000012.1|10039:11313:1,v1_PLS_3041dc6f18443802e8a544e1912eba2b02da9167b811ce8a906c3ecbf9578a71,GCA_902844015.1_36_1_TC9_genomic,CADGTD010000012.1,10039,11313,1,True,MFRQDALENRKMKWQGRAILLPGIPLWLIMLGSIVFITAFLMFIIVGTYSRRVNVSGEVTTWPRAVNIYSGVQGFVVRQFVHEGQLIKKGDPVYLIDISKSTRSGIVTDNHRRDIENQLVRVDNIISSLEESKKITLDTLEKQRLQYTDAFRRSSDIIQRAEEGIKIMKNNMENYRNYQAKGLINKDQLTNQVALYYQQQNNLLSLSGQNEQNALQITTLESQIQTQAADFDNRIYQMELQRYELQKELVNTDVEGEIIIRALTDGKVDSLSVTVGQMVNTGDSLLQVIPENIENYYLILWVPNDAVPYISAGDKVNIRYEAFPAEKFGQFSATVKTISRTPASTQEMLTYKGAPQNTPGASVPWYKVIAMPEKQIIRYDEKYLPLENGMKAESTLFLEKRRIYQWMLSPFYDMKHSATGPLND*,GCA_902844015.1_36_1_TC9_genomic|CADGTD010000012.1|11306:13402:1
GCA_902844515.1_B264_genomic|CADGVV010000180.1|153:1427:1,v1_PLS_b2639ed153a34b2296f8e8ce4a439a5c2a101e493cb54d9c745521733f2f649b,GCA_902844515.1_B264_genomic,CADGVV010000180.1,153,1427,1,True,MFRQDALENRKMKWQGRAILLPGIPLWLIMLGSIVFITAFLMFIIVGTYSRRVNVSGEVTTWPRAVNIYSGVQGFVVRQFVHEGQLIKKGDPVYLIDISKSTRNGIVTDNHRRDIENQLVRVDNIISRLEENKKITLDTLEKQRLQYTDAFRRSSDIIQRAEEGIKIMKNNMENYRYYQSKGLINKDQLTNQVALYYQQQNNLLSLSGQNEQNALQITTLESQIQTQAADFDNRIYQMELQRLELQKELVNTDVEGEIIIRALSDGKVDSLSVTVGQMVNTGDSLLQVIPENIENYYLILWVPNDAVPYISAGDKVNIRYEAFPSEKFGQFSATVKTISRTPASTQEMLTYKGAPQNTPGASVPWYKVIATPEKQIIRYDEKYLPLENGMKAESTLFLEKRRIYQWMLSPFYDMKHSATGPIND*,GCA_902844515.1_B264_genomic|CADGVV010000180.1|1420:3516:1
GCA_902847795.1_C3_8_genomic|CADHHR010000102.1|103:1377:1,v1_PLS_16a93f76898f0b2f5f8aa652f2cbb5aef2c7a1381edb6f49a3402bda0be45594,GCA_902847795.1_C3_8_genomic,CADHHR010000102.1,103,1377,1,True,MFRQDALENRKMKWQGRAILLPGIPLWLIMLGSIVFITAFLMFIIVGTYSRRVNVSGEVTTWPRAVNIYSGVQGFVVRQFVHEGQLIKKGDPVYLIDISKSTRNGIVTDNHRRDIENQLVRVDNIISRLEESKKITLDTLEKQRLQYTDAFRRSSDIIQRAEEGIKIMKNNMENYRYYQSKGLINKDQLTNQVALYYQQQNNLLSLSGQNEQNALQITTLESQIQTQAADFDNRIYQMELQRLELQKELVNTDVEGEIIIRALSDGKVDSLSVTVGQMVNTGDSLLQVIPENIENYYLILWVPNDAVPYISAGDKVNIRYEAFPSEKFGQFSATVKTISRTPASTQEMLTYKGAPQNTPGASVPWYKVIATPEKQIIRYDEKYLPLENGMKAESTLFLEKRRIYQWMLSPFYDMKHSATGPIND*,GCA_902847795.1_C3_8_genomic|CADHHR010000102.1|1370:3466:1
GCA_902847225.1_C4_36_genomic|CADHGE010000054.1|2557:3831:1,v1_PLS_2ab434096bbbe7fb6b1d5d2dcfb73d8afd19ebbb903fba02451b30ea115e4703,GCA_902847225.1_C4_36_genomic,CADHGE010000054.1,2557,3831,1,True,MFRQDALENRKMKWQGRAILLPGIPLWLIMLGSIVFITAFLMFIIVGTYSRRVNVSGEVTTWPRAVNIYSGVQGFVVRQFVHEGQLIKKGDPVYLIDISKSTRSGIVTDNHRRDIENQLVRVDNIISRLEESKKITLDTLEKQRLQYTDAFRRSSDIIQRAEEGIKIMKNNMENYRNYQAKGLINKDQLTNQVALYYQQQNNLLSLSGQNEQNALQITTLESQIQTQAADFDNRIYQMELQRYELQKELVNTDVEGEIIIRALTDGKVDSLSVTVGQMVNTGDSLLQVIPENIENYYLILWVPNDAVPYISAGDKVNIRYEAFPAEKFGQFSATVKTISRTPASTQEMLTYKGAPQNTPGDSVPWYKVIAMPEKQIIRYDEKYLPLENGMKAESTLFLEKRRIYQWMLSPFYDMKHSATGPLND*,GCA_902847225.1_C4_36_genomic|CADHGE010000054.1|3824:5923:1
GCA_902849275.1_C2_100_genomic|CADHNZ010000142.1|11900:13174:1,v1_PLS_20ff6d6f877f3bc0c48b99d3b9bd06bdda296c8427efcb5419fe517f5652b84c,GCA_902849275.1_C2_100_genomic,CADHNZ010000142.1,11900,13174,1,True,MFRQDALENRKMKWQGRAILLPGIPLWLIMLGSIVFITAFLMFIIVGTYSRRVNVSGEVTTWPRAVNIYSGVQGFVVRQFVHEGQLIKKGDPVYLIDISKSTRSGIVTDNHRRDIENQLVRVDNIISRLEESKKITLDTLEKQRLQYTDAFRRSSDIIQRAEEGIKIMKNNMENYRNYQAKGLINKDQLTNQVALYYQQQNNLLSLSGQNEQNALQITTLESQIQTQAADFDNRIYQMELQRLELQKELVNTDVEGEIIIRALSDGKVDSLSVTVGQMVNTGDSLLQVIPENIENYYLILWVPNDAVPYISAGDKVNIRYEAFPAEKFGQFSATVKTISRTPASTQEMLTYKGAPQNTPGASVPWYKVIATPEKQIIRYDEKYLPLENGMKAESTLFLEKRRIYQWMLSPFYDMKHSATGPIND*,GCA_902849275.1_C2_100_genomic|CADHNZ010000142.1|13167:15263:1
GCA_902845405.1_E8797_genomic|CADGZA010000116.1|14828:16105:1,v1_PLS_300edd153cfc4a9e6a389b7e26bf0d134df07168ceb4acc892c2ef5f69373cc2,GCA_902845405.1_E8797_genomic,CADGZA010000116.1,14828,16105,1,True,MFRQKAIDNQKVKWCGQALLLPGIPYWAVAGLCIFFITAFLTFIITGSYTRRVNVTGEISTWPRAANVYSSVQGVVVKQYVTVGQLISAGMPIYQIDVSKSTRSGVVSENQRKDINSQLERITQIISRLESSKKATLDMLEKQKEQYTTAFQRSTDILRHAREGIHIMKENMNNYRLYQSKGLINKDQLTNQIALYYQQQNNLLGLSSQNELNALQITALESQIHIQAAEFDNQIYQMELQRYELQKELLNTDASGTIIIRALTDGRIDSLSVTVGQMVNVGDSLLQVIPRNIKHYSLVLWVPNDAIPYITVGDRVNIRYEAFPAEKFGQFAGKVSAISEVPASPQEMQTYPGAPRTALVNSVPYYKVTVRPEKQVIVYGGKHLSLGNGMKAQSTLFLEKRRIYQWMLSPFYDMKQSAMGPVNEE*,GCA_902845405.1_E8797_genomic|CADGZA010000116.1|16095:18197:1
GCA_902839855.1_TA265_genomic|CADGDX010000032.1|85660:86937:1,v1_PLS_300edd153cfc4a9e6a389b7e26bf0d134df07168ceb4acc892c2ef5f69373cc2,GCA_902839855.1_TA265_genomic,CADGDX010000032.1,85660,86937,1,True,MFRQKAIDNQKVKWCGQALLLPGIPYWAVAGLCIFFITAFLTFIITGSYTRRVNVTGEISTWPRAANVYSSVQGVVVKQYVTVGQLISAGMPIYQIDVSKSTRSGVVSENQRKDINSQLERITQIISRLESSKKATLDMLEKQKEQYTTAFQRSTDILRHAREGIHIMKENMNNYRLYQSKGLINKDQLTNQIALYYQQQNNLLGLSSQNELNALQITALESQIHIQAAEFDNQIYQMELQRYELQKELLNTDASGTIIIRALTDGRIDSLSVTVGQMVNVGDSLLQVIPRNIKHYSLVLWVPNDAIPYITVGDRVNIRYEAFPAEKFGQFAGKVSAISEVPASPQEMQTYPGAPRTALVNSVPYYKVTVRPEKQVIVYGGKHLSLGNGMKAQSTLFLEKRRIYQWMLSPFYDMKQSAMGPVNEE*,GCA_902839855.1_TA265_genomic|CADGDX010000032.1|86927:89029:1
GCA_902845545.1_M761_genomic|CADGZT010000001.1|710:1963:1,v1_PLS_ea06c847a0fb5166ed09de1e97bc81e4acbada32c95c0f8f5d9254a156ce43ec,GCA_902845545.1_M761_genomic,CADGZT010000001.1,710,1963,1,True,MNIFRSEAIEHHNDTEYGDIILPTSFSLSVCATVTLFIMLSLTVFIYYGSYTRKAHLTGIVMPSSGLVKIIPQYAGYVTQLTVSEGEHVTAGTQLYHISGEHYNGNGTGTLATMSISLKTQYIMLASQQSFESRDNSQQQEAVRQRMVSLEPQIRSAEQRLQLAERQAELAISVMERYKKLAGTHYVSDIEFQQKQIDVSAAQQNVEDQRQGLLQLHTAMDTAKDELNHLIVQGKSRKAELDRQLQVLKQQQDELAGQEKFTLRAPVSGTIAAVLIKQGQSVKASEPVMTLIPDNAHLQIELYATSQKAGFIRPGQRVSLKFSAFPYQKFGIQYGTIRKISHTTLAPSDLLPVSPVTWKENEGHYRVIVEPENTFIFAYGKKEPLRPGMTLEGDVNLDTRHLWEWLTEPLWSMKGNL*,GCA_902845545.1_M761_genomic|CADGZT010000001.1|1963:4152:1
GCA_902841545.1_E5976_genomic|CADGKC010000050.1|26766:28019:1,v1_PLS_cc078e1ad70f61516e53bdd4650be9482594201e2d2ae5362f360da4c3790cc5,GCA_902841545.1_E5976_genomic,CADGKC010000050.1,26766,28019,1,True,MNIFRSEAIEHHNDTEYGDIILPTSFSLSVCATVTLFIMLSLTVFIYYGSYTRKAHLTGIVMPSSGLVKIIPQYAGYVTQLTVSEGEHVTAGTQLYHISGEHYNGNGTGTLATMSISLKTQYIMLASQQSFESRDNSQQQEAVRQRMVSLEPQIRSAEQRLQLAERQAELAISVMERYKKLAGTHYVSDIEFQQKQIDVSAAQQNVEDQRQGLLQLHTAMDTAKDELNHLIVQGKSRKAELDRQLQVLKQQQDELAGQEKFTLRAPVSGTIAAVLIKQGQSVKASEPVMTLIPDNAHLQIELYATSQKAGFIRPGQRVSLKFSAFPYQKFGIQYGTIREISHTTLAPSDLLPVSPVTWKENEGHYRVIVEPENTFIFAYGKKEPLRPGMTLEGDVNLDTRHLWEWLTEPLWSMKGNL*,GCA_902841545.1_E5976_genomic|CADGKC010000050.1|28019:30208:1
GCA_902847555.1_TA338_genomic|CADHHI010000218.1|650:1903:1,v1_PLS_cb288ccdb317f5f7db503eb1a341989de62430b1590f777df4e47f8472dcc550,GCA_902847555.1_TA338_genomic,CADHHI010000218.1,650,1903,1,True,MNIFRSEAIEHHNDTEYGDIILPTSFSLSVCATVTLFIMLSLTVFIYYGSYTRKAHLTGIVMPSSGLVKIIPQYAGYVTQLTVSEGEHVTAGTQLYHISGEHYNGNGTGTLATMSISLKTQYIMLASQQSFETRDNSQQQEAVRQRMVSLEPQIRSAEQRLQLAERQAELAISVMERYKKLAGTHYVSDIEFQQKQINVSAAQQNVEDQRQGLLQLHTAMDTAKDELNHLIVQGKSRKAELDRQLQVLKQQQDELAGQEKFTLRAPVSGTIAAVLIKQGQSVKASEPVMTLIPDNAHLQIELYATSQKAGFIRPGQRVSLKFSAFPYQKFGIQYGTIREISHTTLAPSDLLPVSPVTWKENEGHYRVIVEPENTFIFAYGKKEPLRPGMTLEGDVNLDTRYLWEWLTEPLWSMKGNL*,GCA_902847555.1_TA338_genomic|CADHHI010000218.1|1855:4092:1
GCA_902848005.1_B1503_genomic|CADHJC010000278.1|46:1320:1,v1_PLS_bfddf7d910de4aa121935fd54493e5d4a2b767876ca5ffe918d26e355db4adc6,GCA_902848005.1_B1503_genomic,CADHJC010000278.1,46,1320,1,True,MFRQDALENRKMKWQGRAILLPGIPLWLIMLGSIVFITAFLMFIIVGTYSRRVNVSGEVTTWPRAVNIYSGVQGFVVRQFVHEGQLIKKGDPVYLIDISKSTRSGIVTDNHRRDIENQLVRVDNIISRLEESKKITLDTLEKQRLQYTDAFRRSSDIIQRAEEGIKIMKNNMENYRNYQAKGLINKDQLTNQVALYYQQQNNLLSLSGQNEQNALQITTLESQIQTQAADFDNRIYQMELQRYELQKELVNTDVEGEIIIRALTDGKVDSLSVTVGQMVNTGDSLLQVIPENIENYYLILWVPNDAVPYISAGDKVNIRYEAFPAEKFGQFSATVKTISRTPASTQEMLTYKGAPQNTPGASVPWYKVIAMPEKQIIRYDEKYLPLENGMKAESTLFLEKRRIYQWMLSPFYDMKHSATGPLND*,GCA_902848005.1_B1503_genomic|CADHJC010000278.1|1313:3409:1
GCA_902848915.1_C1_119_genomic|CADHNC010000010.1|17658:18932:1,v1_PLS_16a93f76898f0b2f5f8aa652f2cbb5aef2c7a1381edb6f49a3402bda0be45594,GCA_902848915.1_C1_119_genomic,CADHNC010000010.1,17658,18932,1,True,MFRQDALENRKMKWQGRAILLPGIPLWLIMLGSIVFITAFLMFIIVGTYSRRVNVSGEVTTWPRAVNIYSGVQGFVVRQFVHEGQLIKKGDPVYLIDISKSTRNGIVTDNHRRDIENQLVRVDNIISRLEESKKITLDTLEKQRLQYTDAFRRSSDIIQRAEEGIKIMKNNMENYRYYQSKGLINKDQLTNQVALYYQQQNNLLSLSGQNEQNALQITTLESQIQTQAADFDNRIYQMELQRLELQKELVNTDVEGEIIIRALSDGKVDSLSVTVGQMVNTGDSLLQVIPENIENYYLILWVPNDAVPYISAGDKVNIRYEAFPSEKFGQFSATVKTISRTPASTQEMLTYKGAPQNTPGASVPWYKVIATPEKQIIRYDEKYLPLENGMKAESTLFLEKRRIYQWMLSPFYDMKHSATGPIND*,GCA_902848915.1_C1_119_genomic|CADHNC010000010.1|18925:21021:1
GCA_902844505.1_H1508309_genomic|CADGWA010000217.1|3:1256:1,v1_PLS_6db63cf3b334f57b5732955369a79f20c3663aa83d3b7b0a3c839c9877a37582,GCA_902844505.1_H1508309_genomic,CADGWA010000217.1,3,1256,1,True,MSVYREEALKHHSDTGYGDIVLPASFGMSVCTVATLLLFLSVSLFVYYGSYTRKAHLTGIVMPSSGLVKITPQYAGYVTRQTVSEGQHVAAGEPVYHISGEHYNGQGAGMLAAMSLSLKAQYAMLFSQQTLELHDNSQQQQAIQQRITSLKPQIKSAEQRLSLAGHQAALAVSVMERYKKLAGTHYVSDIEYQQKQIDVSTAKQNVEDQRQGLLQLHTAMEAAEDDLNHLIVQGESRKAELDRQLQGLRQQLDELAGQENFTLTSPVSGTVAAVLVRQGQSVRASEPVMTLVPDNARLQIELYATSQNAGFIQPGQRVALRFAAFPYQKFGVQYGTIREISRTTLTPSDLLSVSPVTWKENEGHYRVIVEPRNTFILAYGKQEPLRPGMTLEGDVSLDTRHLWEWLTEPLWSLKGKL*,GCA_902844505.1_H1508309_genomic|CADGWA010000217.1|1256:3421:1
GCA_902848825.1_A1_32_genomic|CADHLZ010000298.1|852:2126:1,v1_PLS_aff2a6306aa179cb1efa5312438cb12c025fd5694c4558688c98cf01d81ed7ca,GCA_902848825.1_A1_32_genomic,CADHLZ010000298.1,852,2126,1,True,MFRQDALENRKMKWQGRAILLPGIPLWLIMLGSIVFITAFLMFIIVGTYSRRVNVSGEVTTWPRAVNIYSGVQGFVVRQFVHEGQLIKKGDPVYLIDISKSTRSGIVTDNHRRDIENQLVRVDNIISRLEESKKITLDTLEKQRLQYTDAFRRSSDIIQRAEEGIKIMKNNMENYRNYQAKGLINKDQLTNQVALYYQQQNNLLSLSGQNEQNALQITTLESQIQTQAADFDNRIYQMELQRYELQKELVNTDVEGEIIIRALTDGKVDSLSVTVGQMVNTGDSLLQVIPENIENYYLILWVPNDAVPYISAGDKVNIRYEAFPAEKFGQFSATVKTISRTPASTQEMLTYKGAPQNTPGASVPWYKVIATPEKQIIRYDEKYLPLENGMKAESTLFLEKRRIYQWMLSPFYDMKHSATGPIND*,GCA_902848825.1_A1_32_genomic|CADHLZ010000298.1|2119:4221:1
GCA_902842745.1_E5633_genomic|CADGPE010000021.1|13843:15063:-1,v1_PLS_46d598cca8699b7b1986038602e74bade555d4ae3b4c7d74f9a263928e99aaa6,GCA_902842745.1_E5633_genomic,CADGPE010000021.1,13843,15063,-1,True,MQKLNEKNYRSDFGDVIVTTTYSQRVIIVCSVFIFICVLMFISFAEYTQKRNVNGIVYPDKGIVNIKSKQSGTLSALYIKSGDYIRVGEKLLEIDASSSTHYFRNNEENYREMLSKLRGISSSEVQANIYTLDAKKKLTEEQIDQTRNSIAIMRNQIRLLDAAIQSQQSTFNRIQEAYKKKYVSDVEKNNAEMQLIDKKMQRQSLNNEILSREGQIISLKKELDDTIDRIKNIQNEDKKESLQSLMKMYGIASDTESVLRAPVAGKIAEIVERTGRFVNAGDTILTVIPQDSVNQIIAFISPELIGEIKKGTRVALKYDSYPYQRFGIEHGIIIDISRVPLQPEDIYTNFGLKVENACFRVGIKITERKERIAVIPGMSLKVEIPTRKESIIKWIFPFFRDKNVDI*,GCA_902842745.1_E5633_genomic|CADGPE010000021.1|11688:13841:-1
GCA_902842745.1_E5633_genomic|CADGPE010000034.1|9078:10355:1,v1_PLS_ccf8aefa1423075a4250b6e3e8bd1d3bfb3e2232159e297a3b26a8e96d1038cd,GCA_902842745.1_E5633_genomic,CADGPE010000034.1,9078,10355,1,True,MFRQKAIDNQKVKWCGQALLLPGIPYWAVAGVCIFFITAFLTFIITGSYTRRVNVTGEISTWPRAANVYSSIQGVVVKQYVTVGQIISAGMPIYQIDVSKSTRSGVVSENQRKDINSQLERITQIISRLESNKKATLDMLEKQKVQYTTAFQRSTDILRHAREGIHIMKENMNNYRLYQSKGLINKDQLTNQIALYYQQQNNLLGLSGQNELNALQITALESQIHIQAAEFDNQVYQMELQRYELQKELLNTDASGTIIIRALTDGRIDSLSVTVGQMVNVGDSLLQVIPRNIKHYSLVLWVPNDAIPYITVGDRVNIRYEAFPAEKFGQFAGKVSAISEAPASPQEMQTYPGAPRTALVNSVPYYKVTVRPEKQVIVYGGKHLSLENGMKAQSTLFLEKRRIYQWMLSPFYDMKQSAMGPVNEE*,GCA_902842745.1_E5633_genomic|CADGPE010000034.1|10345:12447:1
